Golden_ID,Organisation,Reference_Date,Challenger,DB_Match_Status,DB_Match_Strategy,DB_Incident_ID,Challenger_Match_Status,Challenger_Match_Strategy,Challenger_Source_URLs,Secteur_REF,Secteur_DB,Secteur_Challenger,Secteur_DB_Match,Secteur_Challenger_Match,Menace_REF,Menace_DB,Menace_Challenger,Menace_DB_Match,Menace_Challenger_Match,Localisation_REF,Localisation_DB,Localisation_Challenger,Localisation_DB_Match,Localisation_Challenger_Match
GOLD-0001,Cravero Motoculture,2026-08-16,FRENCHBREACHES_LLM_JSON,MATCHED,snapshot_id,INC-B99CF5D2A342,MATCHED,source_url,https://frenchbreaches.com/alertes/cravero-motoculture-blgcloud-msv33dq9e4pzz9hsrts,Commerce / Distribution,Commerce / Distribution,Construction / BTP,True,False,Fuite de données,Fuite de données,Fuite de données,True,True,France métropolitaine,France métropolitaine,France métropolitaine,True,True
GOLD-0002,EVY,2026-08-16,FRENCHBREACHES_LLM_JSON,MATCHED,snapshot_id,INC-9F3966170CB4,MATCHED,source_url,https://frenchbreaches.com/alertes/evy-msvpts753it09fb7vvf | https://www.evy.eu/fr | https://www.evy.eu/fr/legal-notice,Finance / Assurance,Finance / Assurance,Finance / Assurance,True,True,Fuite de données,Fuite de données,Fuite de données,True,True,France métropolitaine,France métropolitaine,France métropolitaine,True,True
GOLD-0003,France-Casse,2026-08-16,FRENCHBREACHES_LLM_JSON,MATCHED,snapshot_id,INC-616D0ECF3BB3,MATCHED,source_url,https://frenchbreaches.com/alertes/france-casse-msv87fj5v652mg9x2mn,Commerce / Distribution,Commerce / Distribution,Commerce / Distribution,True,True,Fuite de données,Fuite de données,Fuite de données,True,True,France métropolitaine,France métropolitaine,France métropolitaine,True,True
GOLD-0004,Fédération Française de Danse,2026-08-16,FRENCHBREACHES_LLM_JSON,MATCHED,source_url,INC-C32E5C6268C3,MATCHED,source_url,https://frenchbreaches.com/alertes/f-d-ration-fran-aise-de-danse-msvjcwu35yln9jygazd,Sport,Sport,Sport,True,True,Fuite de données,Fuite de données,Fuite de données,True,True,France métropolitaine,France métropolitaine,France métropolitaine,True,True
GOLD-0005,Fédération Française de Motocyclisme,2026-08-16,FRENCHBREACHES_LLM_JSON,MATCHED,snapshot_id,INC-8BB56F33DD82,MATCHED,source_url,https://frenchbreaches.com/alertes/f-d-ration-fran-aise-de-motocyclisme-msvj2szkiclvx2gaoc,Sport,Sport,Sport,True,True,Fuite de données,Fuite de données,Fuite de données,True,True,France métropolitaine,France métropolitaine,France métropolitaine,True,True
GOLD-0006,Fédération Française de Karaté,2026-08-15,FRENCHBREACHES_LLM_JSON,MATCHED,snapshot_id,INC-2EC7AB82A87C,MATCHED,organisation_and_date,https://frenchbreaches.com/alertes/f-d-ration-fran-aise-de-karat-msu63ykvxde9hwoosba,Sport,Sport,Sport,True,True,Fuite de données,Fuite de données,Fuite de données,True,True,France métropolitaine,France métropolitaine,France métropolitaine,True,True
GOLD-0007,DGFiP,2026-08-14,FRENCHBREACHES_LLM_JSON,MATCHED,snapshot_id,INC-FDB7ABF9F4D9,MISSING,,,Administration / Collectivité,Administration / Collectivité,,True,False,Fuite de données,Fuite de données,,True,False,France métropolitaine,France métropolitaine,,True,False
GOLD-0008,Scalingo,2026-08-13,FRENCHBREACHES_LLM_JSON,MATCHED,snapshot_id,INC-63CD7177BA9A,MATCHED,organisation_and_date,https://frenchbreaches.com/alertes/scalingo-mssmflhnh876wgausf | https://annuaire-entreprises.data.gouv.fr/entreprise/808665483,Numérique / Technologie,Numérique / Technologie,Numérique / Technologie,True,True,Intrusion,Fuite de données,Fuite de données,False,False,France métropolitaine,France métropolitaine,France métropolitaine,True,True
GOLD-0009,AEFE,2026-08-11,FRENCHBREACHES_LLM_JSON,MATCHED,snapshot_id,INC-A298A6DBBB1B,MISSING,,,Administration / Collectivité,Administration / Collectivité,,True,False,Fuite de données,Fuite de données,,True,False,France métropolitaine,France métropolitaine,,True,False
GOLD-0010,Santé publique France,2026-08-11,FRENCHBREACHES_LLM_JSON,MATCHED,snapshot_id,INC-601D5216F01D,MATCHED,organisation_and_date,https://frenchbreaches.com/alertes/sant-publique-france-msoz0zsj3vgi774sa0i,Administration / Collectivité,Inconnu,Santé,False,False,Fuite de données,Fuite de données,Fuite de données,True,True,France métropolitaine,France métropolitaine,France métropolitaine,True,True
GOLD-0011,Fédération Française de Handball,2026-08-10,FRENCHBREACHES_LLM_JSON,MATCHED,snapshot_id,INC-3879A78A2B32,MATCHED,organisation_and_date,https://frenchbreaches.com/alertes/f-d-ration-fran-aise-de-handball-msn9vcfexvsnlnk1ha,Sport,Sport,Sport,True,True,Fuite de données,Fuite de données,Fuite de données,True,True,France métropolitaine,France métropolitaine,France métropolitaine,True,True
GOLD-0012,Mairie de Sixt-sur-Aff,2026-08-10,FRENCHBREACHES_LLM_JSON,MATCHED,snapshot_id,INC-3ABFF451EA33,MATCHED,organisation_and_date,https://frenchbreaches.com/alertes/mairie-de-sixt-sur-aff-msmii0ydaxb7f5pq82k,Administration / Collectivité,Administration / Collectivité,Administration / Collectivité,True,True,Fuite de données,Fuite de données,Fuite de données,True,True,France métropolitaine,France métropolitaine,France métropolitaine,True,True
GOLD-0013,Ville de Gagny,2026-08-10,FRENCHBREACHES_LLM_JSON,MATCHED,snapshot_id,INC-FB41041C22B5,MATCHED,organisation_and_date,https://frenchbreaches.com/alertes/ville-de-gagny-msmim65d87im5z51ho4,Administration / Collectivité,Administration / Collectivité,Administration / Collectivité,True,True,Intrusion,Fuite de données,Fuite de données,False,False,France métropolitaine,France métropolitaine,France métropolitaine,True,True
GOLD-0014,Bureau Vallée,2026-08-09,FRENCHBREACHES_LLM_JSON,MATCHED,snapshot_id,INC-2972BA18B0BD,MATCHED,organisation_and_date,https://frenchbreaches.com/alertes/bureau-vall-e-msm7y0p26cnf5r2ewtu,Commerce / Distribution,Commerce / Distribution,Commerce / Distribution,True,True,Fuite de données,Fuite de données,Fuite de données,True,True,France métropolitaine,France métropolitaine,France métropolitaine,True,True
GOLD-0015,Le Mans FC,2026-08-09,FRENCHBREACHES_LLM_JSON,MATCHED,snapshot_id,INC-1645372F6E23,MATCHED,organisation_and_date,https://frenchbreaches.com/alertes/le-mans-fc-msm10s9d7aa7x3v9wvi,Sport,Sport,Sport,True,True,Fuite de données,Fuite de données,Fuite de données,True,True,France métropolitaine,France métropolitaine,France métropolitaine,True,True
GOLD-0016,BlgCloud,2026-08-08,FRENCHBREACHES_LLM_JSON,MATCHED,snapshot_id,INC-1DC7E716ACF6,MATCHED,organisation_and_date,https://frenchbreaches.com/alertes/blgcloud-mskjo8rlb7gngvnvb4k,Numérique / Technologie,Inconnu,Numérique / Technologie,False,True,Intrusion,Fuite de données,Fuite de données,False,False,France métropolitaine,France métropolitaine,France métropolitaine,True,True
GOLD-0017,Mutuelle Générale de Prévoyance,2026-08-08,FRENCHBREACHES_LLM_JSON,MATCHED,snapshot_id,INC-4E70364FA984,MATCHED,organisation_and_date,https://frenchbreaches.com/alertes/mutuelle-g-n-rale-de-pr-voyance-msjkkufska3mdj2z8xb,Finance / Assurance,Finance / Assurance,Finance / Assurance,True,True,Fuite de données,Fuite de données,Fuite de données,True,True,France métropolitaine,France métropolitaine,France métropolitaine,True,True
GOLD-0018,AFPA,2026-08-07,FRENCHBREACHES_LLM_JSON,MATCHED,snapshot_id,INC-F495CED1DF70,MATCHED,organisation_and_date,https://frenchbreaches.com/alertes/afpa-msj805wnmw8zz6kstul,Éducation / Formation,Inconnu,Éducation / Formation,False,True,Compromission de compte / messagerie,Compromission de compte / messagerie,Fuite de données,True,False,France métropolitaine,France métropolitaine,France métropolitaine,True,True
GOLD-0019,Intermarché,2026-08-05,FRENCHBREACHES_LLM_JSON,MATCHED,snapshot_id,INC-7888D67D988E,MISSING,,,Commerce / Distribution,Inconnu,,False,False,Fuite de données,Fuite de données,,True,False,France métropolitaine,Inconnu,,False,False
GOLD-0020,Stade Français Paris,2026-08-05,FRENCHBREACHES_LLM_JSON,MATCHED,snapshot_id,INC-51115A21B49B,MATCHED,organisation_and_date,https://frenchbreaches.com/alertes/stade-fran-ais-paris-mshxny5ez43h7cehwd8,Sport,Sport,Numérique / Technologie,True,False,Ransomware,Ransomware,Fuite de données,True,False,France métropolitaine,France métropolitaine,France métropolitaine,True,True
GOLD-0021,Mairie de Rinxent,2026-08-03,FRENCHBREACHES_LLM_JSON,MATCHED,snapshot_id,INC-27B5792965C7,MISSING,,,Administration / Collectivité,Administration / Collectivité,,True,False,Ransomware,Ransomware,,True,False,France métropolitaine,Inconnu,,False,False
GOLD-0022,ENT Seine-et-Marne,2026-08-02,FRENCHBREACHES_LLM_JSON,MISSING,,,MATCHED,organisation_and_date,https://frenchbreaches.com/alertes/ent-seine-et-marne-msbmzcv3k4jirk0p3,Éducation / Formation,,Éducation / Formation,False,True,Fuite de données,,Fuite de données,False,True,France métropolitaine,,France métropolitaine,False,True
GOLD-0023,CCI Nice Côte d'Azur,2026-08-01,FRENCHBREACHES_LLM_JSON,MATCHED,snapshot_id,INC-4912EE5516BF,MISSING,,,Administration / Collectivité,Inconnu,,False,False,Compromission de compte / messagerie,Compromission de compte / messagerie,,True,False,France métropolitaine,Inconnu,,False,False
GOLD-0024,CY Cergy Paris Université,2026-08-01,FRENCHBREACHES_LLM_JSON,MATCHED,snapshot_id,INC-D398A12C63DE,MATCHED,organisation_and_date,https://frenchbreaches.com/alertes/cy-cergy-paris-universit-msanv9saq6mlky1jlg,Éducation / Formation,Éducation / Formation,Éducation / Formation,True,True,Fuite de données,Fuite de données,Fuite de données,True,True,France métropolitaine,France métropolitaine,France métropolitaine,True,True
GOLD-0025,Ministère de l'Éducation nationale,2026-07-31,FRENCHBREACHES_LLM_JSON,MATCHED,snapshot_id,INC-938337DBDA6F,MATCHED,organisation_and_date,https://frenchbreaches.com/alertes/minist-re-de-l-ducation-nationale-ms98aai3bqkzfv424c,Administration / Collectivité,Administration / Collectivité,Administration / Collectivité,True,True,Fuite de données,Malware,Fuite de données,False,True,France métropolitaine,France métropolitaine,France métropolitaine,True,True
GOLD-0026,ENGIE Green,2026-07-30,FRENCHBREACHES_LLM_JSON,MATCHED,snapshot_id,INC-9B6930A83850,MATCHED,organisation_and_date,https://frenchbreaches.com/alertes/engie-green-ms793t79jtz46e143go,Énergie / Utilities,Inconnu,Énergie / Utilities,False,True,Intrusion,Ransomware,Fuite de données,False,False,France métropolitaine,France métropolitaine,France métropolitaine,True,True
GOLD-0027,Lire Demain,2026-07-29,FRENCHBREACHES_LLM_JSON,MATCHED,snapshot_id,INC-FFB6C7F47B15,MATCHED,organisation_and_date,https://frenchbreaches.com/alertes/lire-demain-ms5pejs6d6m5q6vnf18,Commerce / Distribution,Commerce / Distribution,Commerce / Distribution,True,True,Fuite de données,Fuite de données,Fuite de données,True,True,France métropolitaine,France métropolitaine,France métropolitaine,True,True
GOLD-0028,Location-Etudiant.fr,2026-07-28,FRENCHBREACHES_LLM_JSON,MATCHED,snapshot_id,INC-43AC9A4C158B,MATCHED,organisation_and_date,https://frenchbreaches.com/alertes/location-etudiant-ms3sftokma5qrg0nw5,Construction / BTP,Construction / BTP,Éducation / Formation,True,False,Intrusion,Fuite de données,Fuite de données,False,False,France métropolitaine,France métropolitaine,France métropolitaine,True,True
GOLD-0029,Mairie d'Injoux-Génissiat,2026-07-28,FRENCHBREACHES_LLM_JSON,MATCHED,snapshot_id,INC-920654387FF9,MATCHED,organisation_and_date,https://frenchbreaches.com/alertes/mairie-d-injoux-g-nissiat-ms4wogn82f107pe49b6,Administration / Collectivité,Inconnu,Administration / Collectivité,False,True,Fuite de données,Fuite de données,Fuite de données,True,True,France métropolitaine,France métropolitaine,France métropolitaine,True,True
GOLD-0030,Planity,2026-07-28,FRENCHBREACHES_LLM_JSON,MATCHED,snapshot_id,INC-5548AD317C63,MATCHED,organisation_and_date,https://frenchbreaches.com/alertes/planity-ms4gnp7s4p4ptre2tub,Numérique / Technologie,Commerce / Distribution,Commerce / Distribution,False,False,Fuite de données,Compromission de compte / messagerie,Fuite de données,False,True,France métropolitaine,France métropolitaine,France métropolitaine,True,True
GOLD-0031,Nantes Université,2026-07-28,FRENCHBREACHES_LLM_JSON,MISSING,,,MISSING,,,Éducation / Formation,,,False,False,Fuite de données,,,False,False,France métropolitaine,,,False,False
GOLD-0032,Verspieren,2026-07-27,FRENCHBREACHES_LLM_JSON,MATCHED,snapshot_id,INC-904D84D2D2A9,MATCHED,organisation_and_date,https://frenchbreaches.com/alertes/verspieren-ms3fl0uu4zayhpz2vh,Finance / Assurance,Finance / Assurance,Numérique / Technologie,True,False,Fuite de données,Fuite de données,Fuite de données,True,True,France métropolitaine,France métropolitaine,France métropolitaine,True,True
GOLD-0033,Batipro 33,2026-07-26,FRENCHBREACHES_LLM_JSON,MATCHED,snapshot_id,INC-C80F4470E4D1,MATCHED,organisation_and_date,https://frenchbreaches.com/alertes/batipro33-ms2b8uma6p3przeq7wv,Construction / BTP,Inconnu,Construction / BTP,False,True,Intrusion,Fuite de données,Fuite de données,False,False,France métropolitaine,France métropolitaine,France métropolitaine,True,True
GOLD-0034,Ministère de l'Intérieur,2026-07-26,FRENCHBREACHES_LLM_JSON,MATCHED,snapshot_id,INC-9CEB5476F2D6,MISSING,,,Administration / Collectivité,Administration / Collectivité,,True,False,Fuite de données,Fuite de données,,True,False,France métropolitaine,France métropolitaine,,True,False
GOLD-0035,Driveco,2026-07-25,FRENCHBREACHES_LLM_JSON,MATCHED,snapshot_id,INC-C6A499CF97F1,MATCHED,organisation_and_date,https://frenchbreaches.com/alertes/driveco-ms0wsz8la08oz17ytnb | https://annuaire-entreprises.data.gouv.fr/entreprise/818943938,Énergie / Utilities,Inconnu,Services aux entreprises,False,False,Fuite de données,Fuite de données,Fuite de données,True,True,France métropolitaine,France métropolitaine,France métropolitaine,True,True
GOLD-0036,Alpissimmo,2026-07-24,FRENCHBREACHES_LLM_JSON,MATCHED,snapshot_id,INC-F4E5D8AEDD34,MATCHED,organisation_and_date,https://frenchbreaches.com/alertes/alpissimmo-mrzgdn49uk099slvnm,Construction / BTP,Inconnu,Commerce / Distribution,False,False,Fuite de données,Fuite de données,Fuite de données,True,True,France métropolitaine,France métropolitaine,France métropolitaine,True,True
GOLD-0037,Centre Hospitalier de Chaumont,2026-07-24,FRENCHBREACHES_LLM_JSON,MATCHED,snapshot_id,INC-1EEA7737B334,MATCHED,organisation_and_date,https://frenchbreaches.com/alertes/centre-hospitalier-de-chaumont-mry2us6z9lxt08w8ztw,Santé,Santé,Finance / Assurance,True,False,Fuite de données,Fuite de données,Fuite de données,True,True,France métropolitaine,France métropolitaine,France métropolitaine,True,True
GOLD-0038,SKOLAE,2026-07-24,FRENCHBREACHES_LLM_JSON,MATCHED,snapshot_id,INC-65B2FFF8F199,MATCHED,organisation_and_date,https://frenchbreaches.com/alertes/skolae-mrzem313qv3bs8qdks8,Éducation / Formation,Éducation / Formation,Éducation / Formation,True,True,Intrusion,Fuite de données,Fuite de données,False,False,France métropolitaine,France métropolitaine,France métropolitaine,True,True
GOLD-0039,Mairie de Drancy,2026-07-23,FRENCHBREACHES_LLM_JSON,MATCHED,snapshot_id,INC-E9B0D5CE48BA,MISSING,,,Administration / Collectivité,Administration / Collectivité,,True,False,Ransomware,Ransomware,,True,False,France métropolitaine,Inconnu,,False,False
GOLD-0040,Avignon Université,2026-07-23,FRENCHBREACHES_LLM_JSON,MISSING,,,MISSING,,,Éducation / Formation,,,False,False,Fuite de données,,,False,False,France métropolitaine,,,False,False
GOLD-0041,BANATIC,2026-07-22,FRENCHBREACHES_LLM_JSON,MATCHED,snapshot_id,INC-4FE1AD7A39FE,MISSING,,,Administration / Collectivité,Inconnu,,False,False,Fuite de données,Phishing / fraude,,False,False,France métropolitaine,Inconnu,,False,False
GOLD-0042,Immobilière Tariot,2026-07-22,FRENCHBREACHES_LLM_JSON,MATCHED,snapshot_id,INC-ADC1FF7A21EE,MATCHED,organisation_and_date,https://frenchbreaches.com/alertes/immobili-re-tariot-mrw6q1xmi2mjem1nm,Construction / BTP,Construction / BTP,Commerce / Distribution,True,False,Fuite de données,Compromission de compte / messagerie,Fuite de données,False,True,France métropolitaine,France métropolitaine,France métropolitaine,True,True
GOLD-0043,Rassemblement National,2026-07-22,FRENCHBREACHES_LLM_JSON,MATCHED,snapshot_id,INC-5F211216BEAE,MATCHED,organisation_and_date,https://frenchbreaches.com/alertes/rassemblement-national-mrtqqhddmbm050xqnkm,Inconnu,Inconnu,Sport,True,False,Fuite de données,Fuite de données,Fuite de données,True,True,France métropolitaine,France métropolitaine,France métropolitaine,True,True
GOLD-0044,Centre Hospitalier de Perpignan,2026-07-20,FRENCHBREACHES_LLM_JSON,MATCHED,snapshot_id,INC-B56027A9A12A,MATCHED,organisation_and_date,https://frenchbreaches.com/alertes/centre-hospitalier-de-perpignan-mrtt1nkz81u5vy7trwc,Santé,Santé,Numérique / Technologie,True,False,Fuite de données,Phishing / fraude,Fuite de données,False,True,France métropolitaine,France métropolitaine,France métropolitaine,True,True
GOLD-0045,PSB Paris School of Business,2026-07-20,FRENCHBREACHES_LLM_JSON,MATCHED,snapshot_id,INC-291D14C6B9F5,MISSING,,,Éducation / Formation,Inconnu,,False,False,Fuite de données,Fuite de données,,True,False,France métropolitaine,Inconnu,,False,False
GOLD-0046,Kosc Telecom,2026-07-15,FRENCHBREACHES_LLM_JSON,MATCHED,snapshot_id,INC-CB368AFFFDB8,MATCHED,organisation_and_date,https://frenchbreaches.com/alertes/kosc-telecom-mrko5ru4s6tye49s7jp,Numérique / Technologie,Inconnu,Numérique / Technologie,False,True,Fuite de données,Fuite de données,Fuite de données,True,True,France métropolitaine,Inconnu,France métropolitaine,False,True
GOLD-0047,KeepCool,2026-07-13,FRENCHBREACHES_LLM_JSON,MATCHED,snapshot_id,INC-59A44F04FF31,MISSING,,,Sport,Commerce / Distribution,,False,False,Fuite de données,Fuite de données,,True,False,France métropolitaine,Inconnu,,False,False
GOLD-0048,Lidl France,2026-07-13,FRENCHBREACHES_LLM_JSON,MISSING,,,MATCHED,organisation_and_date,https://frenchbreaches.com/alertes/lidl-france-mri14wg3inxgruxb6ep,Commerce / Distribution,,Commerce / Distribution,False,True,Incident tiers,,Fuite de données,False,False,France métropolitaine,,France métropolitaine,False,True
GOLD-0049,École Supérieure des Métiers de l’Immobilier,2026-07-13,FRENCHBREACHES_LLM_JSON,MATCHED,snapshot_id,INC-2A2858828255,MATCHED,organisation_and_date,https://frenchbreaches.com/alertes/l-cole-sup-rieure-des-m-tiers-de-l-immobilier-mrgkdfed2uqnabwqw5p,Éducation / Formation,Éducation / Formation,Éducation / Formation,True,True,Fuite de données,Fuite de données,Fuite de données,True,True,France métropolitaine,Inconnu,France métropolitaine,False,True
GOLD-0050,Bebeboutik,2026-07-11,FRENCHBREACHES_LLM_JSON,MATCHED,snapshot_id,INC-1F9BE8617194,MATCHED,organisation_and_date,https://frenchbreaches.com/alertes/bebeboutik-mrcl1vj3lfyle15iu2p,Commerce / Distribution,Inconnu,Commerce / Distribution,False,True,Fuite de données,Fuite de données,Fuite de données,True,True,France métropolitaine,Inconnu,France métropolitaine,False,True
GOLD-0051,PPA Business School,2026-07-11,FRENCHBREACHES_LLM_JSON,MATCHED,snapshot_id,INC-79E9E0E42B80,MATCHED,organisation_and_date,https://frenchbreaches.com/alertes/ppa-business-school-mrf6wkxt8sube30ze9e,Éducation / Formation,Inconnu,Industrie / Manufacture,False,False,Fuite de données,Fuite de données,Fuite de données,True,True,France métropolitaine,Inconnu,France métropolitaine,False,True
GOLD-0052,Ville de Ouangani,2026-07-10,FRENCHBREACHES_LLM_JSON,MISSING,,,MISSING,,,Administration / Collectivité,,,False,False,Ransomware,,,False,False,Mayotte,,,False,False
GOLD-0053,Fédération Française Handisport,2026-07-09,FRENCHBREACHES_LLM_JSON,MATCHED,snapshot_id,INC-6A9D6083CDEB,MATCHED,organisation_and_date,https://frenchbreaches.com/alertes/f-d-ration-fran-aise-handisport-mrdnhmv750k13y1x4t,Sport,Inconnu,Sport,False,True,Fuite de données,Fuite de données,Fuite de données,True,True,France métropolitaine,Inconnu,France métropolitaine,False,True
GOLD-0054,Pays du Mont-Blanc,2026-07-09,FRENCHBREACHES_LLM_JSON,MATCHED,snapshot_id,INC-48A1886DA2F7,MISSING,,,Administration / Collectivité,Inconnu,,False,False,Incident tiers,Ransomware,,False,False,France métropolitaine,Inconnu,,False,False
GOLD-0055,École Supérieure de Génie Informatique,2026-07-09,FRENCHBREACHES_LLM_JSON,MATCHED,snapshot_id,INC-171F220F596A,MATCHED,organisation_and_date,https://frenchbreaches.com/alertes/cole-sup-rieure-de-g-nie-informatique-mrcgprix0kpjq30mdyab,Éducation / Formation,Éducation / Formation,Éducation / Formation,True,True,Fuite de données,Fuite de données,Fuite de données,True,True,France métropolitaine,Inconnu,France métropolitaine,False,True
GOLD-0056,Ministère de la Culture,2026-07-08,FRENCHBREACHES_LLM_JSON,MATCHED,snapshot_id,INC-E814197D976B,MATCHED,organisation_and_date,https://frenchbreaches.com/alertes/minist-re-de-la-culture-mr8fgj8hukpv9n8h6e,Administration / Collectivité,Administration / Collectivité,Administration / Collectivité,True,True,Intrusion,Phishing / fraude,Fuite de données,False,False,France métropolitaine,Inconnu,France métropolitaine,False,True
GOLD-0057,Télécom Saint-Étienne,2026-07-08,FRENCHBREACHES_LLM_JSON,MATCHED,snapshot_id,INC-8D8FDF029408,MATCHED,organisation_and_date,https://frenchbreaches.com/alertes/t-l-com-saint-tienne-mrawy7n5yioswt59sa,Éducation / Formation,Numérique / Technologie,Numérique / Technologie,False,False,Fuite de données,Fuite de données,Fuite de données,True,True,France métropolitaine,Inconnu,France métropolitaine,False,True
GOLD-0058,1001Coques,2026-07-07,FRENCHBREACHES_LLM_JSON,MATCHED,snapshot_id,INC-86062736264A,MATCHED,organisation_and_date,https://frenchbreaches.com/alertes/1001coques-mr70sa9aoekv6yygwrf,Commerce / Distribution,Numérique / Technologie,Transport / Logistique,False,False,Fuite de données,Fuite de données,Fuite de données,True,True,France métropolitaine,Inconnu,France métropolitaine,False,True
GOLD-0059,ENS Paris-Saclay,2026-07-07,FRENCHBREACHES_LLM_JSON,MATCHED,snapshot_id,INC-EEDEA7EC3595,MISSING,,,Éducation / Formation,Inconnu,,False,False,Fuite de données,Fuite de données,,True,False,France métropolitaine,France métropolitaine,,True,False
GOLD-0060,Espaces Atypiques,2026-07-06,FRENCHBREACHES_LLM_JSON,MATCHED,snapshot_id,INC-BFE7FA130189,MISSING,,,Construction / BTP,Construction / BTP,,True,False,Fuite de données,Fuite de données,,True,False,France métropolitaine,France métropolitaine,,True,False
GOLD-0061,IAD Group,2026-07-03,FRENCHBREACHES_LLM_JSON,MATCHED,snapshot_id,INC-F65B640D74E9,MATCHED,organisation_and_date,https://frenchbreaches.com/alertes/iad-groupe-mr1iumodr3zkls2u7z | https://www.bing.com/ck/a?!&&p=5c0b3f0a780ce65cf25e2752134ed7e5fdd3b045667a9b12d9ed6de92585fd03JmltdHM9MTc4NjgzODQwMA&ptn=3&ver=2&hsh=4&fclid=0196688e-a2e4-69b5-0081-7f39a3996823&u=a1aHR0cHM6Ly93d3cuZmx5ZHVsbGVzLmNvbS8&ntb=1 | https://www.bing.com/ck/a?!&&p=f0c3508f990c79a342eeb9dbecd9bfd52600e56e3499741ba7c449f6688368b8JmltdHM9MTc4NjgzODQwMA&ptn=3&ver=2&hsh=4&fclid=0196688e-a2e4-69b5-0081-7f39a3996823&u=a1aHR0cHM6Ly9lbi53aWtpcGVkaWEub3JnL3dpa2kvRHVsbGVzX0ludGVybmF0aW9uYWxfQWlycG9ydA&ntb=1,Construction / BTP,Construction / BTP,Transport / Logistique,True,False,Fuite de données,Fuite de données,Fuite de données,True,True,France métropolitaine,Inconnu,France métropolitaine,False,True
GOLD-0062,Police Municipale Le Pontet,2026-07-01,FRENCHBREACHES_LLM_JSON,MATCHED,snapshot_id,INC-4D61E266907A,MISSING,,,Administration / Collectivité,Administration / Collectivité,,True,False,Fuite de données,Fuite de données,,True,False,France métropolitaine,Inconnu,,False,False
GOLD-0063,DGFiP,2026-06-30,FRENCHBREACHES_LLM_JSON,MATCHED,snapshot_id,INC-22184029AA63,MISSING,,,Administration / Collectivité,Administration / Collectivité,,True,False,Intrusion,Fuite de données,,False,False,France métropolitaine,France métropolitaine,,True,False
GOLD-0064,Air Corsica,2026-06-29,FRENCHBREACHES_LLM_JSON,MATCHED,snapshot_id,INC-871A659D5296,MISSING,,,Transport / Logistique,Inconnu,,False,False,Fuite de données,Fuite de données,,True,False,France métropolitaine,Inconnu,,False,False
GOLD-0065,Axonaut,2026-06-29,FRENCHBREACHES_LLM_JSON,MATCHED,snapshot_id,INC-2673611A058B,MATCHED,organisation_and_date,https://frenchbreaches.com/alertes/axonaut-mqygp4ygl2o4wc6v2i | https://www.bing.com/ck/a?!&&p=d35143e73e7fd34295a5b2ce207555d4ce01b7218764fa2ff5cde7ce9a96fd6bJmltdHM9MTc4NjgzODQwMA&ptn=3&ver=2&hsh=4&fclid=0ec0205f-79da-68cc-2dd8-37e8788f69f8&u=a1aHR0cHM6Ly93d3cuZ2xvY2t0YWxrLmNvbS90aHJlYWRzL2dsb2NrLTM2LWFuZC1wb2NrZXQtY2FycnkuMjIxMjg5Lw&ntb=1 | https://www.bing.com/ck/a?!&&p=371e22de0acdfc611b3e5962da67505f8b60ebc724e9fe508623c20189f8ed04JmltdHM9MTc4NjgzODQwMA&ptn=3&ver=2&hsh=4&fclid=0ec0205f-79da-68cc-2dd8-37e8788f69f8&u=a1aHR0cHM6Ly93d3cuZ2xvY2t0YWxrLmNvbS90aHJlYWRzL2dsb2NrLXJlY29pbC1zcHJpbmctdGVzdC4xMDg3MjEwLw&ntb=1 | https://www.bing.com/ck/a?!&&p=6406faf8dbe29f61f4bb4821a5de139adeea6c7f5ee9760a34d8c257cfbef1c1JmltdHM9MTc4NjgzODQwMA&ptn=3&ver=2&hsh=4&fclid=0ec0205f-79da-68cc-2dd8-37e8788f69f8&u=a1aHR0cHM6Ly9jaGF0Z3B0LmNvbS8&ntb=1,Numérique / Technologie,Inconnu,Éducation / Formation,False,False,Fuite de données,Fuite de données,Fuite de données,True,True,France métropolitaine,La Réunion,France métropolitaine,False,True
GOLD-0066,CapiFrance,2026-06-29,FRENCHBREACHES_LLM_JSON,MATCHED,snapshot_id,INC-FABC6345C6E5,MISSING,,,Construction / BTP,Inconnu,,False,False,Fuite de données,Fuite de données,,True,False,France métropolitaine,France métropolitaine,,True,False
GOLD-0067,Ministère des Sports,2026-06-26,FRENCHBREACHES_LLM_JSON,MATCHED,snapshot_id,INC-B9C4EBD81CBB,MISSING,,,Administration / Collectivité,Administration / Collectivité,,True,False,Fuite de données,Fuite de données,,True,False,France métropolitaine,Inconnu,,False,False
GOLD-0068,Fédération Hospitalière de France,2026-06-24,FRENCHBREACHES_LLM_JSON,MATCHED,snapshot_id,INC-AB7E14BBE82D,MATCHED,organisation_window,https://frenchbreaches.com/alertes/f-d-ration-hospitali-re-de-france-mqyllship5irezr3rw,Santé,Inconnu,Finance / Assurance,False,False,Fuite de données,Fuite de données,Fuite de données,True,True,France métropolitaine,Inconnu,France métropolitaine,False,True
GOLD-0069,Century 21 France,2026-06-23,FRENCHBREACHES_LLM_JSON,MISSING,,,MISSING,,,Construction / BTP,,,False,False,Fuite de données,,,False,False,France métropolitaine,,,False,False
GOLD-0070,RATP,2026-06-14,FRENCHBREACHES_LLM_JSON,MATCHED,snapshot_id,INC-2686144A82CB,MATCHED,organisation_and_date,https://frenchbreaches.com/alertes/ratp-mqe52h4iujuuzpmjtoo,Transport / Logistique,Inconnu,Transport / Logistique,False,True,Fuite de données,Phishing / fraude,Fuite de données,False,True,France métropolitaine,Inconnu,France métropolitaine,False,True
GOLD-0071,SSTRN,2026-06-14,FRENCHBREACHES_LLM_JSON,MATCHED,snapshot_id,INC-3AED84644061,MISSING,,,Santé,Inconnu,,False,False,Fuite de données,Fuite de données,,True,False,France métropolitaine,France métropolitaine,,True,False
GOLD-0072,BYmyCAR,2026-06-13,FRENCHBREACHES_LLM_JSON,MATCHED,snapshot_id,INC-FDA5CD7B3568,MATCHED,organisation_and_date,https://frenchbreaches.com/alertes/bymycar-mqcgnonxzovo4gs9pnl,Commerce / Distribution,Inconnu,Commerce / Distribution,False,True,Incident tiers,Phishing / fraude,Fuite de données,False,False,France métropolitaine,Inconnu,France métropolitaine,False,True
GOLD-0073,France Services,2026-06-12,FRENCHBREACHES_LLM_JSON,MATCHED,snapshot_id,INC-335A5420ECBD,MISSING,,,Administration / Collectivité,Inconnu,,False,False,Fuite de données,Fuite de données,,True,False,France métropolitaine,Inconnu,,False,False
GOLD-0074,Profil Search,2026-05-03,FRENCHBREACHES_LLM_JSON,MATCHED,snapshot_id,INC-930F9D0A0F2B,MATCHED,organisation_and_date,https://frenchbreaches.com/alertes/profil-search-mopvcouuhkdyk7dfs2o | https://annuaire-entreprises.data.gouv.fr/entreprise/791341951,Services aux entreprises,Services aux entreprises,Services aux entreprises,True,True,Fuite de données,Fuite de données,Fuite de données,True,True,France métropolitaine,Inconnu,France métropolitaine,False,True
GOLD-0075,Easy Cash,2026-04-30,FRENCHBREACHES_LLM_JSON,MATCHED,snapshot_id,INC-35553C97DCD2,MATCHED,organisation_and_date,https://frenchbreaches.com/alertes/easycash-mon4h5yi8da0fhg7i4d,Commerce / Distribution,Commerce / Distribution,Commerce / Distribution,True,True,Fuite de données,Fuite de données,Fuite de données,True,True,France métropolitaine,France métropolitaine,France métropolitaine,True,True
GOLD-0076,Umanens,2026-04-30,FRENCHBREACHES_LLM_JSON,MATCHED,snapshot_id,INC-AF81E2A4DD6C,MATCHED,organisation_and_date,https://frenchbreaches.com/alertes/umanens-mom1mvomfvu90e5ci9s,Finance / Assurance,Inconnu,Finance / Assurance,False,True,Fuite de données,Fuite de données,Fuite de données,True,True,France métropolitaine,France métropolitaine,France métropolitaine,True,True
GOLD-0077,Yomoni,2026-04-30,FRENCHBREACHES_LLM_JSON,MATCHED,snapshot_id,INC-101CC5166D0C,MATCHED,organisation_and_date,https://frenchbreaches.com/alertes/yomoni-molcfdeaap9obnbetrq,Finance / Assurance,Inconnu,Finance / Assurance,False,True,Fuite de données,Fuite de données,Fuite de données,True,True,France métropolitaine,Inconnu,France métropolitaine,False,True
GOLD-0078,Boulangerie Ange,2026-04-29,FRENCHBREACHES_LLM_JSON,MATCHED,snapshot_id,INC-7CF147BD04D4,MISSING,,,Commerce / Distribution,Inconnu,,False,False,Fuite de données,Fuite de données,,True,False,France métropolitaine,Inconnu,,False,False
GOLD-0079,Bordeaux Métropole,2026-04-29,FRENCHBREACHES_LLM_JSON,MATCHED,organisation_and_date,INC-69D8F5ECA6CA,MISSING,,,Administration / Collectivité,Inconnu,,False,False,Fuite de données,Phishing / fraude,,False,False,France métropolitaine,Inconnu,,False,False
GOLD-0080,Ville de Saint-Étienne,2026-04-29,FRENCHBREACHES_LLM_JSON,MISSING,,,MISSING,,,Administration / Collectivité,,,False,False,Incident tiers,,,False,False,France métropolitaine,,,False,False
GOLD-0081,Bordeaux Métropole,2026-04-27,FRENCHBREACHES_LLM_JSON,MATCHED,snapshot_id,INC-69D8F5ECA6CA,MISSING,,,Administration / Collectivité,Inconnu,,False,False,Fuite de données,Phishing / fraude,,False,False,France métropolitaine,Inconnu,,False,False
GOLD-0082,Bazar du Manga,2026-04-17,FRENCHBREACHES_LLM_JSON,MATCHED,snapshot_id,INC-ACFA66122429,MATCHED,organisation_and_date,https://frenchbreaches.com/alertes/bazar-du-manga-mo48tslql828tzo4vvq,Commerce / Distribution,Commerce / Distribution,Commerce / Distribution,True,True,Fuite de données,Fuite de données,Fuite de données,True,True,France métropolitaine,France métropolitaine,France métropolitaine,True,True
GOLD-0083,Fédération Française de Basketball,2026-04-17,FRENCHBREACHES_LLM_JSON,MISSING,,,MISSING,,,Sport,,,False,False,Fuite de données,,,False,False,France métropolitaine,,,False,False
GOLD-0084,Moulin Roty,2026-04-17,FRENCHBREACHES_LLM_JSON,MATCHED,snapshot_id,INC-799E8962A7F9,MATCHED,organisation_and_date,https://frenchbreaches.com/alertes/moulin-roty-mo48r43oxyvhpucthkk,Industrie / Manufacture,Industrie / Manufacture,Commerce / Distribution,True,False,Fuite de données,Fuite de données,Fuite de données,True,True,France métropolitaine,France métropolitaine,France métropolitaine,True,True
GOLD-0085,Assuréa,2026-04-15,FRENCHBREACHES_LLM_JSON,MATCHED,snapshot_id,INC-F8D163C19511,MATCHED,organisation_and_date,https://frenchbreaches.com/alertes/assurea-mnzvksnagcezy68h3ec,Finance / Assurance,Inconnu,Finance / Assurance,False,True,Fuite de données,Fuite de données,Fuite de données,True,True,France métropolitaine,Inconnu,France métropolitaine,False,True
GOLD-0086,Basic-Fit France,2026-04-13,FRENCHBREACHES_LLM_JSON,MISSING,,,MISSING,,,Sport,,,False,False,Fuite de données,,,False,False,France métropolitaine,,,False,False
GOLD-0087,ImmoJeune,2026-04-13,FRENCHBREACHES_LLM_JSON,MATCHED,snapshot_id,INC-E6BDE621A4F3,MISSING,,,Construction / BTP,Inconnu,,False,False,Intrusion,Fuite de données,,False,False,France métropolitaine,France métropolitaine,,True,False
GOLD-0088,GUEGUEN Avocats,2026-04-20,FRENCHBREACHES_LLM_JSON,MATCHED,snapshot_id,INC-6EF67E928EC9,MISSING,,,Services aux entreprises,Inconnu,,False,False,Ransomware,Ransomware,,True,False,France métropolitaine,France métropolitaine,,True,False
GOLD-0089,Université Bourgogne Europe,2026-04-19,FRENCHBREACHES_LLM_JSON,MISSING,,,MISSING,,,Éducation / Formation,,,False,False,Fuite de données,,,False,False,France métropolitaine,,,False,False
GOLD-0090,Cerballiance,2026-03-25,FRENCHBREACHES_LLM_JSON,MATCHED,snapshot_id,INC-C285EADB1436,MATCHED,organisation_and_date,https://frenchbreaches.com/alertes/cerballiance-mn6es5cdpnde31uimj,Santé,Inconnu,Finance / Assurance,False,False,Fuite de données,Fuite de données,Fuite de données,True,True,France métropolitaine,France métropolitaine,France métropolitaine,True,True
GOLD-0091,Crous,2026-03-24,FRENCHBREACHES_LLM_JSON,MATCHED,snapshot_id,INC-C70121191014,MATCHED,organisation_and_date,https://frenchbreaches.com/alertes/les-crous-mn4j67pgwgz8jpgjckk,Administration / Collectivité,Construction / BTP,Éducation / Formation,False,False,Fuite de données,Fuite de données,Fuite de données,True,True,France métropolitaine,France métropolitaine,France métropolitaine,True,True
GOLD-0092,Métropole Aix-Marseille-Provence,2026-03-24,FRENCHBREACHES_LLM_JSON,MISSING,,,MISSING,,,Administration / Collectivité,,,False,False,Fuite de données,,,False,False,France métropolitaine,,,False,False
GOLD-0093,STOR Solutions,2026-04-24,FRENCHBREACHES_LLM_JSON,MATCHED,snapshot_id,INC-73E635BC9E27,MISSING,,,Numérique / Technologie,Numérique / Technologie,,True,False,Intrusion,Intrusion,,True,False,La Réunion,La Réunion,,True,False
GOLD-0094,Orange Madagascar,2026-03-06,FRENCHBREACHES_LLM_JSON,MATCHED,snapshot_id,INC-09BBD7F9B544,MISSING,,,Numérique / Technologie,Numérique / Technologie,,True,False,Ransomware,Ransomware,,True,False,Madagascar,Madagascar,,True,False
GOLD-0095,Mairie de Fumel,2026-02-13,FRENCHBREACHES_LLM_JSON,MATCHED,snapshot_id,INC-2DFFDBE5B299,MISSING,,,Administration / Collectivité,Administration / Collectivité,,True,False,Ransomware,Ransomware,,True,False,France métropolitaine,France métropolitaine,,True,False
GOLD-0096,DGFiP,2026-02-18,FRENCHBREACHES_LLM_JSON,MATCHED,snapshot_id,INC-42F11737455B,MATCHED,organisation_and_date,https://frenchbreaches.com/alertes/direction-generale-des-finances-publiques-mlsb563td3sb6g2voxn | https://annuaire-entreprises.data.gouv.fr/entreprise/130004955,Administration / Collectivité,Administration / Collectivité,Administration / Collectivité,True,True,Intrusion,Fuite de données,Fuite de données,False,False,France métropolitaine,France métropolitaine,France métropolitaine,True,True
GOLD-0097,ARS,2026-02-05,FRENCHBREACHES_LLM_JSON,MISSING,,,MISSING,,,Administration / Collectivité,,,False,False,Fuite de données,,,False,False,France métropolitaine,,,False,False
GOLD-0098,Fédération Française de Randonnée,2026-02-05,FRENCHBREACHES_LLM_JSON,MISSING,,,MISSING,,,Sport,,,False,False,Fuite de données,,,False,False,France métropolitaine,,,False,False
GOLD-0099,Eiffage,2026-03-01,FRENCHBREACHES_LLM_JSON,MATCHED,snapshot_id,INC-BCF8B8305BBC,MATCHED,organisation_and_date,https://frenchbreaches.com/alertes/eiffage-mm5je1d5a0ojsp8iuof | https://www.eiffage.com/,Construction / BTP,Transport / Logistique,Construction / BTP,False,True,Ransomware,Ransomware,Fuite de données,True,False,France métropolitaine,France métropolitaine,France métropolitaine,True,True
GOLD-0100,Rogers Capital,2026-01-14,FRENCHBREACHES_LLM_JSON,MATCHED,snapshot_id,INC-D3948486A973,MISSING,,,Finance / Assurance,Finance / Assurance,,True,False,Ransomware,Ransomware,,True,False,Maurice,Maurice,,True,False
GOLD-0001,Cravero Motoculture,2026-08-16,CYBERATTAQUE_ORG_LLM_JSON,MATCHED,snapshot_id,INC-B99CF5D2A342,MATCHED,source_url,https://www.cyberattaque.org/motoculture-cravero-49-168-fichiers-et-les-donnees-de-plus-de-8-500-personnes-diffuses/ | https://annuaire-entreprises.data.gouv.fr/entreprise/440381499,Commerce / Distribution,Commerce / Distribution,Commerce / Distribution,True,True,Fuite de données,Fuite de données,Autre cyber,True,False,France métropolitaine,France métropolitaine,Inconnu,True,False
GOLD-0002,EVY,2026-08-16,CYBERATTAQUE_ORG_LLM_JSON,MATCHED,snapshot_id,INC-9F3966170CB4,MATCHED,source_url,https://www.cyberattaque.org/evy-13-870-comptes-et-contrats-dassurance-revendiques-dans-une-fuite/ | https://www.evy.eu/fr | https://www.evy.eu/fr/legal-notice,Finance / Assurance,Finance / Assurance,Finance / Assurance,True,True,Fuite de données,Fuite de données,Intrusion,True,False,France métropolitaine,France métropolitaine,France métropolitaine,True,True
GOLD-0003,France-Casse,2026-08-16,CYBERATTAQUE_ORG_LLM_JSON,MATCHED,snapshot_id,INC-616D0ECF3BB3,MATCHED,source_url,https://www.cyberattaque.org/francecasse-500-comptes-clients-adresses-et-commandes-exposes-dans-une-nouvelle-fuite/,Commerce / Distribution,Commerce / Distribution,Commerce / Distribution,True,True,Fuite de données,Fuite de données,Fuite de données,True,True,France métropolitaine,France métropolitaine,France métropolitaine,True,True
GOLD-0004,Fédération Française de Danse,2026-08-16,CYBERATTAQUE_ORG_LLM_JSON,MATCHED,source_url,INC-C32E5C6268C3,MISSING,,,Sport,Sport,,True,False,Fuite de données,Fuite de données,,True,False,France métropolitaine,France métropolitaine,,True,False
GOLD-0005,Fédération Française de Motocyclisme,2026-08-16,CYBERATTAQUE_ORG_LLM_JSON,MATCHED,snapshot_id,INC-8BB56F33DD82,MISSING,,,Sport,Sport,,True,False,Fuite de données,Fuite de données,,True,False,France métropolitaine,France métropolitaine,,True,False
GOLD-0006,Fédération Française de Karaté,2026-08-15,CYBERATTAQUE_ORG_LLM_JSON,MATCHED,snapshot_id,INC-2EC7AB82A87C,MISSING,,,Sport,Sport,,True,False,Fuite de données,Fuite de données,,True,False,France métropolitaine,France métropolitaine,,True,False
GOLD-0007,DGFiP,2026-08-14,CYBERATTAQUE_ORG_LLM_JSON,MATCHED,snapshot_id,INC-FDB7ABF9F4D9,MATCHED,source_url,https://www.cyberattaque.org/dgfip-2-cyberattaque-cadastre/,Administration / Collectivité,Administration / Collectivité,Administration / Collectivité,True,True,Fuite de données,Fuite de données,Autre cyber,True,False,France métropolitaine,France métropolitaine,France métropolitaine,True,True
GOLD-0008,Scalingo,2026-08-13,CYBERATTAQUE_ORG_LLM_JSON,MATCHED,snapshot_id,INC-63CD7177BA9A,MATCHED,source_url,https://www.cyberattaque.org/scalingo-les-donnees-de-90-000-personnes-volees-via-une-faille-critique-de-metabase/,Numérique / Technologie,Numérique / Technologie,Services aux entreprises,True,False,Intrusion,Fuite de données,Fuite de données,False,False,France métropolitaine,France métropolitaine,France métropolitaine,True,True
GOLD-0009,AEFE,2026-08-11,CYBERATTAQUE_ORG_LLM_JSON,MATCHED,snapshot_id,INC-A298A6DBBB1B,MATCHED,source_url,https://www.cyberattaque.org/aefe-plus-de-30-000-entrees-de-lannuaire-interne-et-135-e-mails-revendiques/,Administration / Collectivité,Administration / Collectivité,Éducation / Formation,True,False,Fuite de données,Fuite de données,Autre cyber,True,False,France métropolitaine,France métropolitaine,France métropolitaine,True,True
GOLD-0010,Santé publique France,2026-08-11,CYBERATTAQUE_ORG_LLM_JSON,MATCHED,snapshot_id,INC-601D5216F01D,MATCHED,source_url,https://www.cyberattaque.org/sante-publique-france-pres-de-80-000-personnes-exposees-apres-une-faille/,Administration / Collectivité,Inconnu,Santé,False,False,Fuite de données,Fuite de données,Autre cyber,True,False,France métropolitaine,France métropolitaine,France métropolitaine,True,True
GOLD-0011,Fédération Française de Handball,2026-08-10,CYBERATTAQUE_ORG_LLM_JSON,MATCHED,snapshot_id,INC-3879A78A2B32,MATCHED,organisation_and_date,https://www.cyberattaque.org/ffhandball-136-million-de-donnees-de-licencies-en-fuite-apres-une-cyberattaque/,Sport,Sport,Sport,True,True,Fuite de données,Fuite de données,Fuite de données,True,True,France métropolitaine,France métropolitaine,France métropolitaine,True,True
GOLD-0012,Mairie de Sixt-sur-Aff,2026-08-10,CYBERATTAQUE_ORG_LLM_JSON,MATCHED,snapshot_id,INC-3ABFF451EA33,MISSING,,,Administration / Collectivité,Administration / Collectivité,,True,False,Fuite de données,Fuite de données,,True,False,France métropolitaine,France métropolitaine,,True,False
GOLD-0013,Ville de Gagny,2026-08-10,CYBERATTAQUE_ORG_LLM_JSON,MATCHED,snapshot_id,INC-FB41041C22B5,MATCHED,source_url,https://www.cyberattaque.org/cyberattaque-a-gagny-la-ville-confirme-un-acces-non-autorise-a-des-donnees-personnelles/,Administration / Collectivité,Administration / Collectivité,Éducation / Formation,True,False,Intrusion,Fuite de données,Intrusion,False,True,France métropolitaine,France métropolitaine,France métropolitaine,True,True
GOLD-0014,Bureau Vallée,2026-08-09,CYBERATTAQUE_ORG_LLM_JSON,MATCHED,snapshot_id,INC-2972BA18B0BD,MATCHED,organisation_and_date,https://www.cyberattaque.org/bureau-vallee-55-949-fiches-clients-en-fuite-apres-une-cyberattaque-avortee/,Commerce / Distribution,Commerce / Distribution,Commerce / Distribution,True,True,Fuite de données,Fuite de données,Fuite de données,True,True,France métropolitaine,France métropolitaine,France métropolitaine,True,True
GOLD-0015,Le Mans FC,2026-08-09,CYBERATTAQUE_ORG_LLM_JSON,MATCHED,snapshot_id,INC-1645372F6E23,MATCHED,organisation_and_date,https://www.cyberattaque.org/le-mans-fc-une-base-de-2-481-enregistrements-diffusee-apres-une-fuite-de-donnees/,Sport,Sport,Sport,True,True,Fuite de données,Fuite de données,Fuite de données,True,True,France métropolitaine,France métropolitaine,France métropolitaine,True,True
GOLD-0016,BlgCloud,2026-08-08,CYBERATTAQUE_ORG_LLM_JSON,MATCHED,snapshot_id,INC-1DC7E716ACF6,MATCHED,source_url,https://www.cyberattaque.org/blgcloud-les-donnees-de-159-entreprises-pirate-des-millions-de-documents-en-fuite/,Numérique / Technologie,Inconnu,Numérique / Technologie,False,True,Intrusion,Fuite de données,Autre cyber,False,False,France métropolitaine,France métropolitaine,France métropolitaine,True,True
GOLD-0017,Mutuelle Générale de Prévoyance,2026-08-08,CYBERATTAQUE_ORG_LLM_JSON,MATCHED,snapshot_id,INC-4E70364FA984,MATCHED,source_url,https://www.cyberattaque.org/mutuelle-generale-de-prevoyance-133-018-iban-et-pres-de-200-000-identites-dans-une-fuite-massive/,Finance / Assurance,Finance / Assurance,Finance / Assurance,True,True,Fuite de données,Fuite de données,Fuite de données,True,True,France métropolitaine,France métropolitaine,France métropolitaine,True,True
GOLD-0018,AFPA,2026-08-07,CYBERATTAQUE_ORG_LLM_JSON,MATCHED,snapshot_id,INC-F495CED1DF70,MATCHED,source_url,https://www.cyberattaque.org/afpa-pirate-101-comptes-exposes-et-un-acces-administrateur-publie/,Éducation / Formation,Inconnu,Éducation / Formation,False,True,Compromission de compte / messagerie,Compromission de compte / messagerie,Intrusion,True,False,France métropolitaine,France métropolitaine,France métropolitaine,True,True
GOLD-0019,Intermarché,2026-08-05,CYBERATTAQUE_ORG_LLM_JSON,MATCHED,snapshot_id,INC-7888D67D988E,MATCHED,source_url,https://www.cyberattaque.org/intermarche-victime-dune-cyberattaque-les-donnees-de-clients-drive-exposees/,Commerce / Distribution,Inconnu,Commerce / Distribution,False,True,Fuite de données,Fuite de données,Intrusion,True,False,France métropolitaine,Inconnu,France métropolitaine,False,True
GOLD-0020,Stade Français Paris,2026-08-05,CYBERATTAQUE_ORG_LLM_JSON,MATCHED,snapshot_id,INC-51115A21B49B,MATCHED,organisation_and_date,https://www.cyberattaque.org/stade-francais-cyberattaque-passeport/,Sport,Sport,Sport,True,True,Ransomware,Ransomware,Ransomware,True,True,France métropolitaine,France métropolitaine,France métropolitaine,True,True
GOLD-0021,Mairie de Rinxent,2026-08-03,CYBERATTAQUE_ORG_LLM_JSON,MATCHED,snapshot_id,INC-27B5792965C7,MATCHED,source_url,https://www.cyberattaque.org/mairie-de-rinxent-160-go-de-donnees-revendiques-apres-une-cyberattaque/,Administration / Collectivité,Administration / Collectivité,Administration / Collectivité,True,True,Ransomware,Ransomware,Autre cyber,True,False,France métropolitaine,Inconnu,France métropolitaine,False,True
GOLD-0022,ENT Seine-et-Marne,2026-08-02,CYBERATTAQUE_ORG_LLM_JSON,MISSING,,,MISSING,,,Éducation / Formation,,,False,False,Fuite de données,,,False,False,France métropolitaine,,,False,False
GOLD-0023,CCI Nice Côte d'Azur,2026-08-01,CYBERATTAQUE_ORG_LLM_JSON,MATCHED,snapshot_id,INC-4912EE5516BF,MATCHED,source_url,https://www.cyberattaque.org/cci-nice-cote-dazur-un-compte-administrateur-pirate-les-donnees-rh-de-candidats-exportees/,Administration / Collectivité,Inconnu,Finance / Assurance,False,False,Compromission de compte / messagerie,Compromission de compte / messagerie,Intrusion,True,False,France métropolitaine,Inconnu,France métropolitaine,False,True
GOLD-0024,CY Cergy Paris Université,2026-08-01,CYBERATTAQUE_ORG_LLM_JSON,MATCHED,snapshot_id,INC-D398A12C63DE,MISSING,,,Éducation / Formation,Éducation / Formation,,True,False,Fuite de données,Fuite de données,,True,False,France métropolitaine,France métropolitaine,,True,False
GOLD-0025,Ministère de l'Éducation nationale,2026-07-31,CYBERATTAQUE_ORG_LLM_JSON,MATCHED,snapshot_id,INC-938337DBDA6F,MATCHED,organisation_and_date,https://www.cyberattaque.org/education-nationale-25-ans-de-donnees-dagents-potentiellement-exposees-apres-une-cyberattaque/,Administration / Collectivité,Administration / Collectivité,Administration / Collectivité,True,True,Fuite de données,Malware,Intrusion,False,False,France métropolitaine,France métropolitaine,France métropolitaine,True,True
GOLD-0026,ENGIE Green,2026-07-30,CYBERATTAQUE_ORG_LLM_JSON,MATCHED,snapshot_id,INC-9B6930A83850,MATCHED,source_url,https://www.cyberattaque.org/engie-green-621-019-clients-en-fuite-apres-une-intrusion-par-injection-sql/,Énergie / Utilities,Inconnu,Énergie / Utilities,False,True,Intrusion,Ransomware,Intrusion,False,True,France métropolitaine,France métropolitaine,France métropolitaine,True,True
GOLD-0027,Lire Demain,2026-07-29,CYBERATTAQUE_ORG_LLM_JSON,MATCHED,snapshot_id,INC-FFB6C7F47B15,MATCHED,organisation_and_date,https://www.cyberattaque.org/lire-demain-4-600-commandes-decoles-creches-et-collectivites-exposees/,Commerce / Distribution,Commerce / Distribution,Éducation / Formation,True,False,Fuite de données,Fuite de données,Fuite de données,True,True,France métropolitaine,France métropolitaine,Inconnu,True,False
GOLD-0028,Location-Etudiant.fr,2026-07-28,CYBERATTAQUE_ORG_LLM_JSON,MATCHED,snapshot_id,INC-43AC9A4C158B,MATCHED,source_url,https://www.cyberattaque.org/location-etudiant-fr-pirate-10-go-de-donnees-en-fuite/,Construction / BTP,Construction / BTP,Éducation / Formation,True,False,Intrusion,Fuite de données,Intrusion,False,True,France métropolitaine,France métropolitaine,France métropolitaine,True,True
GOLD-0029,Mairie d'Injoux-Génissiat,2026-07-28,CYBERATTAQUE_ORG_LLM_JSON,MATCHED,snapshot_id,INC-920654387FF9,MISSING,,,Administration / Collectivité,Inconnu,,False,False,Fuite de données,Fuite de données,,True,False,France métropolitaine,France métropolitaine,,True,False
GOLD-0030,Planity,2026-07-28,CYBERATTAQUE_ORG_LLM_JSON,MATCHED,snapshot_id,INC-5548AD317C63,MATCHED,source_url,https://www.cyberattaque.org/planity-138-000-donnees-exfiltrees-dans-une-cyberattaque/,Numérique / Technologie,Commerce / Distribution,Finance / Assurance,False,False,Fuite de données,Compromission de compte / messagerie,Autre cyber,False,False,France métropolitaine,France métropolitaine,France métropolitaine,True,True
GOLD-0031,Nantes Université,2026-07-28,CYBERATTAQUE_ORG_LLM_JSON,MISSING,,,MISSING,,,Éducation / Formation,,,False,False,Fuite de données,,,False,False,France métropolitaine,,,False,False
GOLD-0032,Verspieren,2026-07-27,CYBERATTAQUE_ORG_LLM_JSON,MATCHED,snapshot_id,INC-904D84D2D2A9,MISSING,,,Finance / Assurance,Finance / Assurance,,True,False,Fuite de données,Fuite de données,,True,False,France métropolitaine,France métropolitaine,,True,False
GOLD-0033,Batipro 33,2026-07-26,CYBERATTAQUE_ORG_LLM_JSON,MATCHED,snapshot_id,INC-C80F4470E4D1,MATCHED,source_url,https://www.cyberattaque.org/batipro-33-pirate-1119-personnes-et-cinq-bases-sql-internes-revendiquees/,Construction / BTP,Inconnu,Construction / BTP,False,True,Intrusion,Fuite de données,Intrusion,False,True,France métropolitaine,France métropolitaine,France métropolitaine,True,True
GOLD-0034,Ministère de l'Intérieur,2026-07-26,CYBERATTAQUE_ORG_LLM_JSON,MATCHED,snapshot_id,INC-9CEB5476F2D6,MATCHED,organisation_and_date,https://www.cyberattaque.org/ministere-de-linterieur-111-528-agents-revendiques-dans-une-fuite-massive-de-donnees/,Administration / Collectivité,Administration / Collectivité,Administration / Collectivité,True,True,Fuite de données,Fuite de données,Fuite de données,True,True,France métropolitaine,France métropolitaine,France métropolitaine,True,True
GOLD-0035,Driveco,2026-07-25,CYBERATTAQUE_ORG_LLM_JSON,MATCHED,snapshot_id,INC-C6A499CF97F1,MISSING,,,Énergie / Utilities,Inconnu,,False,False,Fuite de données,Fuite de données,,True,False,France métropolitaine,France métropolitaine,,True,False
GOLD-0036,Alpissimmo,2026-07-24,CYBERATTAQUE_ORG_LLM_JSON,MATCHED,snapshot_id,INC-F4E5D8AEDD34,MATCHED,source_url,https://www.cyberattaque.org/alpissimmo-pres-de-600-projets-de-vacances-exposes-avec-coordonnees-et-dates-de-sejour/ | https://www.bing.com/ck/a?!&&p=44923e903f341bce437f92929b491ffc83d01c7411e3e375bd13c0b3895c0f34JmltdHM9MTc4NjgzODQwMA&ptn=3&ver=2&hsh=4&fclid=3171e639-39fa-61b4-2784-f18e38276075&u=a1aHR0cHM6Ly93d3cubWljcm9zb2Z0LmNvbS9lbi11cy8_bXNvY2tpZD0zMTcxZTYzOTM5ZmE2MWI0Mjc4NGYxOGUzODI3NjA3NQ&ntb=1 | https://www.bing.com/ck/a?!&&p=1dabc741f13e13a38b3bd4cf30a850fa5b5b0146620b70a94e3ac2fec7f3d0a8JmltdHM9MTc4NjgzODQwMA&ptn=3&ver=2&hsh=4&fclid=3171e639-39fa-61b4-2784-f18e38276075&u=a1aHR0cHM6Ly9teWFjY291bnQubWljcm9zb2Z0LmNvbS8&ntb=1,Construction / BTP,Inconnu,Numérique / Technologie,False,False,Fuite de données,Fuite de données,Fuite de données,True,True,France métropolitaine,France métropolitaine,France métropolitaine,True,True
GOLD-0037,Centre Hospitalier de Chaumont,2026-07-24,CYBERATTAQUE_ORG_LLM_JSON,MATCHED,snapshot_id,INC-1EEA7737B334,MISSING,,,Santé,Santé,,True,False,Fuite de données,Fuite de données,,True,False,France métropolitaine,France métropolitaine,,True,False
GOLD-0038,SKOLAE,2026-07-24,CYBERATTAQUE_ORG_LLM_JSON,MATCHED,snapshot_id,INC-65B2FFF8F199,MATCHED,source_url,https://www.cyberattaque.org/skolae-victime-dune-intrusion-dans-ses-systemes-informatiques/,Éducation / Formation,Éducation / Formation,Numérique / Technologie,True,False,Intrusion,Fuite de données,Intrusion,False,True,France métropolitaine,France métropolitaine,France métropolitaine,True,True
GOLD-0039,Mairie de Drancy,2026-07-23,CYBERATTAQUE_ORG_LLM_JSON,MATCHED,snapshot_id,INC-E9B0D5CE48BA,MISSING,,,Administration / Collectivité,Administration / Collectivité,,True,False,Ransomware,Ransomware,,True,False,France métropolitaine,Inconnu,,False,False
GOLD-0040,Avignon Université,2026-07-23,CYBERATTAQUE_ORG_LLM_JSON,MISSING,,,MISSING,,,Éducation / Formation,,,False,False,Fuite de données,,,False,False,France métropolitaine,,,False,False
GOLD-0041,BANATIC,2026-07-22,CYBERATTAQUE_ORG_LLM_JSON,MATCHED,snapshot_id,INC-4FE1AD7A39FE,MATCHED,organisation_and_date,https://www.cyberattaque.org/banatic-plus-de-91-000-elus-et-responsables-de-collectivites-exposes-apres-une-cyberattaque/,Administration / Collectivité,Inconnu,Administration / Collectivité,False,True,Fuite de données,Phishing / fraude,Autre cyber,False,False,France métropolitaine,Inconnu,France métropolitaine,False,True
GOLD-0042,Immobilière Tariot,2026-07-22,CYBERATTAQUE_ORG_LLM_JSON,MATCHED,snapshot_id,INC-ADC1FF7A21EE,MATCHED,source_url,https://www.cyberattaque.org/immobiliere-tariot-fuite-des-plans-de-logements-rib-et-dossiers-de-coproprietaires-marseillais/,Construction / BTP,Construction / BTP,Finance / Assurance,True,False,Fuite de données,Compromission de compte / messagerie,Compromission de compte / messagerie,False,False,France métropolitaine,France métropolitaine,France métropolitaine,True,True
GOLD-0043,Rassemblement National,2026-07-22,CYBERATTAQUE_ORG_LLM_JSON,MATCHED,snapshot_id,INC-5F211216BEAE,MATCHED,organisation_and_date,https://www.cyberattaque.org/rassemblement-national-une-base-wordpress-de-95-tables-en-fuite-apres-une-cyberattaque/,Inconnu,Inconnu,Inconnu,True,True,Fuite de données,Fuite de données,Autre cyber,True,False,France métropolitaine,France métropolitaine,France métropolitaine,True,True
GOLD-0044,Centre Hospitalier de Perpignan,2026-07-20,CYBERATTAQUE_ORG_LLM_JSON,MATCHED,snapshot_id,INC-B56027A9A12A,MATCHED,source_url,https://www.cyberattaque.org/centre-hospitalier-de-perpignan-des-dossiers-de-patients-en-fuite/,Santé,Santé,Numérique / Technologie,True,False,Fuite de données,Phishing / fraude,Intrusion,False,False,France métropolitaine,France métropolitaine,France métropolitaine,True,True
GOLD-0045,PSB Paris School of Business,2026-07-20,CYBERATTAQUE_ORG_LLM_JSON,MATCHED,snapshot_id,INC-291D14C6B9F5,MATCHED,source_url,https://www.cyberattaque.org/psb-paris-school-of-business-864-dossiers-dinscription-detudiants-mis-en-vente-avec-pieces-didentite/,Éducation / Formation,Inconnu,Éducation / Formation,False,True,Fuite de données,Fuite de données,Intrusion,True,False,France métropolitaine,Inconnu,France métropolitaine,False,True
GOLD-0046,Kosc Telecom,2026-07-15,CYBERATTAQUE_ORG_LLM_JSON,MATCHED,snapshot_id,INC-CB368AFFFDB8,MATCHED,organisation_and_date,https://www.cyberattaque.org/kosc-telecom-pres-de-4-000-diagnostics-et-acces-fibre-dans-une-fuite-de-donnees/,Numérique / Technologie,Inconnu,Numérique / Technologie,False,True,Fuite de données,Fuite de données,Fuite de données,True,True,France métropolitaine,Inconnu,France métropolitaine,False,True
GOLD-0047,KeepCool,2026-07-13,CYBERATTAQUE_ORG_LLM_JSON,MATCHED,snapshot_id,INC-59A44F04FF31,MATCHED,organisation_and_date,https://www.cyberattaque.org/keepcool-287-842-fiches-dadherents-en-fuite-apres-une-faille/,Sport,Commerce / Distribution,Sport,False,True,Fuite de données,Fuite de données,Fuite de données,True,True,France métropolitaine,Inconnu,France métropolitaine,False,True
GOLD-0048,Lidl France,2026-07-13,CYBERATTAQUE_ORG_LLM_JSON,MISSING,,,MISSING,,,Commerce / Distribution,,,False,False,Incident tiers,,,False,False,France métropolitaine,,,False,False
GOLD-0049,École Supérieure des Métiers de l’Immobilier,2026-07-13,CYBERATTAQUE_ORG_LLM_JSON,MATCHED,snapshot_id,INC-2A2858828255,MATCHED,organisation_and_date,https://www.cyberattaque.org/efab-cyberattaque/,Éducation / Formation,Éducation / Formation,Éducation / Formation,True,True,Fuite de données,Fuite de données,Fuite de données,True,True,France métropolitaine,Inconnu,France métropolitaine,False,True
GOLD-0050,Bebeboutik,2026-07-11,CYBERATTAQUE_ORG_LLM_JSON,MATCHED,snapshot_id,INC-1F9BE8617194,MATCHED,organisation_and_date,https://www.cyberattaque.org/bebeboutik-500-000-enregistrements-et-14-go-de-donnees-commerciales-en-fuite/ | https://annuaire-entreprises.data.gouv.fr/entreprise/750289167,Commerce / Distribution,Inconnu,Commerce / Distribution,False,True,Fuite de données,Fuite de données,Fuite de données,True,True,France métropolitaine,Inconnu,Inconnu,False,False
GOLD-0051,PPA Business School,2026-07-11,CYBERATTAQUE_ORG_LLM_JSON,MATCHED,snapshot_id,INC-79E9E0E42B80,MATCHED,organisation_and_date,https://www.cyberattaque.org/ppa-business-school-293-967-prospects-etudiants-et-anciens-eleves-revendiques-dans-une-fuite-de-donnees/,Éducation / Formation,Inconnu,Éducation / Formation,False,True,Fuite de données,Fuite de données,Fuite de données,True,True,France métropolitaine,Inconnu,France métropolitaine,False,True
GOLD-0052,Ville de Ouangani,2026-07-10,CYBERATTAQUE_ORG_LLM_JSON,MISSING,,,MISSING,,,Administration / Collectivité,,,False,False,Ransomware,,,False,False,Mayotte,,,False,False
GOLD-0053,Fédération Française Handisport,2026-07-09,CYBERATTAQUE_ORG_LLM_JSON,MATCHED,snapshot_id,INC-6A9D6083CDEB,MATCHED,organisation_and_date,https://www.cyberattaque.org/federation-francaise-handisport-pres-de-60-000-licencies-exposes-apres-une-cyberattaque/,Sport,Inconnu,Sport,False,True,Fuite de données,Fuite de données,Fuite de données,True,True,France métropolitaine,Inconnu,France métropolitaine,False,True
GOLD-0054,Pays du Mont-Blanc,2026-07-09,CYBERATTAQUE_ORG_LLM_JSON,MATCHED,snapshot_id,INC-48A1886DA2F7,MATCHED,source_url,https://www.cyberattaque.org/pays-du-mont-blanc-une-cyberattaque-chez-son-operateur-paralyse-les-services/,Administration / Collectivité,Inconnu,Administration / Collectivité,False,True,Incident tiers,Ransomware,Autre cyber,False,False,France métropolitaine,Inconnu,Inconnu,False,False
GOLD-0055,École Supérieure de Génie Informatique,2026-07-09,CYBERATTAQUE_ORG_LLM_JSON,MATCHED,snapshot_id,INC-171F220F596A,MATCHED,organisation_and_date,https://www.cyberattaque.org/ecole-superieure-de-genie-informatique-26-451-dossiers-etudiants-en-fuite/,Éducation / Formation,Éducation / Formation,Éducation / Formation,True,True,Fuite de données,Fuite de données,Fuite de données,True,True,France métropolitaine,Inconnu,France métropolitaine,False,True
GOLD-0056,Ministère de la Culture,2026-07-08,CYBERATTAQUE_ORG_LLM_JSON,MATCHED,snapshot_id,INC-E814197D976B,MATCHED,source_url,https://www.cyberattaque.org/ministere-de-la-culture-45-362-contacts-professionnels-revendiques-apres-une-faille-idor/,Administration / Collectivité,Administration / Collectivité,Administration / Collectivité,True,True,Intrusion,Phishing / fraude,Intrusion,False,True,France métropolitaine,Inconnu,France métropolitaine,False,True
GOLD-0057,Télécom Saint-Étienne,2026-07-08,CYBERATTAQUE_ORG_LLM_JSON,MATCHED,snapshot_id,INC-8D8FDF029408,MATCHED,organisation_and_date,https://www.cyberattaque.org/telecom-saint-etienne-une-base-de-contacts-professionnels-revendiquee-apres-une-fuite-de-donnees/,Éducation / Formation,Numérique / Technologie,Numérique / Technologie,False,False,Fuite de données,Fuite de données,Fuite de données,True,True,France métropolitaine,Inconnu,Inconnu,False,False
GOLD-0058,1001Coques,2026-07-07,CYBERATTAQUE_ORG_LLM_JSON,MATCHED,snapshot_id,INC-86062736264A,MATCHED,organisation_and_date,https://www.cyberattaque.org/1001coques-327-511-clients-revendiques-dans-une-fuite-de-donnees-de-factures/,Commerce / Distribution,Numérique / Technologie,Commerce / Distribution,False,True,Fuite de données,Fuite de données,Fuite de données,True,True,France métropolitaine,Inconnu,France métropolitaine,False,True
GOLD-0059,ENS Paris-Saclay,2026-07-07,CYBERATTAQUE_ORG_LLM_JSON,MATCHED,snapshot_id,INC-EEDEA7EC3595,MISSING,,,Éducation / Formation,Inconnu,,False,False,Fuite de données,Fuite de données,,True,False,France métropolitaine,France métropolitaine,,True,False
GOLD-0060,Espaces Atypiques,2026-07-06,CYBERATTAQUE_ORG_LLM_JSON,MATCHED,snapshot_id,INC-BFE7FA130189,MISSING,,,Construction / BTP,Construction / BTP,,True,False,Fuite de données,Fuite de données,,True,False,France métropolitaine,France métropolitaine,,True,False
GOLD-0061,IAD Group,2026-07-03,CYBERATTAQUE_ORG_LLM_JSON,MATCHED,snapshot_id,INC-F65B640D74E9,MATCHED,source_url,https://www.cyberattaque.org/iad-group-38-millions-de-personnes-et-966-go-de-documents-clients-en-fuite-apres-une-cyberattaque/,Construction / BTP,Construction / BTP,Construction / BTP,True,True,Fuite de données,Fuite de données,Autre cyber,True,False,France métropolitaine,Inconnu,France métropolitaine,False,True
GOLD-0062,Police Municipale Le Pontet,2026-07-01,CYBERATTAQUE_ORG_LLM_JSON,MATCHED,snapshot_id,INC-4D61E266907A,MATCHED,organisation_and_date,https://www.cyberattaque.org/police-municipale-le-pontet-62-172-lignes-de-donnees-sensibles-revendiquees-dans-une-fuite-de-donnees/,Administration / Collectivité,Administration / Collectivité,Administration / Collectivité,True,True,Fuite de données,Fuite de données,Fuite de données,True,True,France métropolitaine,Inconnu,Inconnu,False,False
GOLD-0063,DGFiP,2026-06-30,CYBERATTAQUE_ORG_LLM_JSON,MATCHED,snapshot_id,INC-22184029AA63,MISSING,,,Administration / Collectivité,Administration / Collectivité,,True,False,Intrusion,Fuite de données,,False,False,France métropolitaine,France métropolitaine,,True,False
GOLD-0064,Air Corsica,2026-06-29,CYBERATTAQUE_ORG_LLM_JSON,MATCHED,snapshot_id,INC-871A659D5296,MATCHED,organisation_and_date,https://www.cyberattaque.org/air-corsica-plus-de-12-000-fiches-dagents-et-dayants-droit-dans-une-fuite-de-donnees/,Transport / Logistique,Inconnu,Administration / Collectivité,False,False,Fuite de données,Fuite de données,Fuite de données,True,True,France métropolitaine,Inconnu,France métropolitaine,False,True
GOLD-0065,Axonaut,2026-06-29,CYBERATTAQUE_ORG_LLM_JSON,MATCHED,snapshot_id,INC-2673611A058B,MATCHED,organisation_and_date,https://www.cyberattaque.org/axonaut-8-bases-clients-revendiquees-plusieurs-milliers-de-factures-exposees/,Numérique / Technologie,Inconnu,Numérique / Technologie,False,True,Fuite de données,Fuite de données,Autre cyber,True,False,France métropolitaine,La Réunion,France métropolitaine,False,True
GOLD-0066,CapiFrance,2026-06-29,CYBERATTAQUE_ORG_LLM_JSON,MATCHED,snapshot_id,INC-FABC6345C6E5,MISSING,,,Construction / BTP,Inconnu,,False,False,Fuite de données,Fuite de données,,True,False,France métropolitaine,France métropolitaine,,True,False
GOLD-0067,Ministère des Sports,2026-06-26,CYBERATTAQUE_ORG_LLM_JSON,MATCHED,snapshot_id,INC-B9C4EBD81CBB,MATCHED,organisation_and_date,https://www.cyberattaque.org/ministere-des-sports-jusqua-227-000-enregistrements-du-compte-asso-revendiques-apres-une-cyberattaque/,Administration / Collectivité,Administration / Collectivité,Administration / Collectivité,True,True,Fuite de données,Fuite de données,Autre cyber,True,False,France métropolitaine,Inconnu,France métropolitaine,False,True
GOLD-0068,Fédération Hospitalière de France,2026-06-24,CYBERATTAQUE_ORG_LLM_JSON,MATCHED,snapshot_id,INC-AB7E14BBE82D,MATCHED,organisation_and_date,https://www.cyberattaque.org/federation-hospitaliere-de-france-plus-de-30-000-professionnels-de-sante-dans-une-fuite-de-donnees/,Santé,Inconnu,Santé,False,True,Fuite de données,Fuite de données,Fuite de données,True,True,France métropolitaine,Inconnu,France métropolitaine,False,True
GOLD-0069,Century 21 France,2026-06-23,CYBERATTAQUE_ORG_LLM_JSON,MISSING,,,MISSING,,,Construction / BTP,,,False,False,Fuite de données,,,False,False,France métropolitaine,,,False,False
GOLD-0070,RATP,2026-06-14,CYBERATTAQUE_ORG_LLM_JSON,MATCHED,snapshot_id,INC-2686144A82CB,MATCHED,source_url,https://www.cyberattaque.org/ratp-les-donnees-de-plus-de-62-000-employes-diffusees-sur-le-darkweb/,Transport / Logistique,Inconnu,Transport / Logistique,False,True,Fuite de données,Phishing / fraude,Fuite de données,False,True,France métropolitaine,Inconnu,France métropolitaine,False,True
GOLD-0071,SSTRN,2026-06-14,CYBERATTAQUE_ORG_LLM_JSON,MATCHED,snapshot_id,INC-3AED84644061,MATCHED,organisation_and_date,https://www.cyberattaque.org/sstrn-plus-de-355-000-salaries-voient-leur-historique-de-medecine-du-travail-expose/,Santé,Inconnu,Santé,False,True,Fuite de données,Fuite de données,Fuite de données,True,True,France métropolitaine,France métropolitaine,France métropolitaine,True,True
GOLD-0072,BYmyCAR,2026-06-13,CYBERATTAQUE_ORG_LLM_JSON,MATCHED,snapshot_id,INC-FDA5CD7B3568,MATCHED,source_url,https://www.cyberattaque.org/bymycar-un-prestataire-victime-dune-cyberattaque-les-donnees-de-clients-exposees/,Commerce / Distribution,Inconnu,Industrie / Manufacture,False,False,Incident tiers,Phishing / fraude,Incident tiers,False,True,France métropolitaine,Inconnu,France métropolitaine,False,True
GOLD-0073,France Services,2026-06-12,CYBERATTAQUE_ORG_LLM_JSON,MATCHED,snapshot_id,INC-335A5420ECBD,MATCHED,organisation_and_date,https://www.cyberattaque.org/france-services-les-donnees-de-plus-de-12-800-conseillers-et-agents-diffusees-sur-le-darkweb/,Administration / Collectivité,Inconnu,Numérique / Technologie,False,False,Fuite de données,Fuite de données,Fuite de données,True,True,France métropolitaine,Inconnu,France métropolitaine,False,True
GOLD-0074,Profil Search,2026-05-03,CYBERATTAQUE_ORG_LLM_JSON,MATCHED,snapshot_id,INC-930F9D0A0F2B,MATCHED,organisation_and_date,https://www.cyberattaque.org/profil-search-plus-de-100-000-profils-candidats-exposes-dans-une-fuite-de-donnees/,Services aux entreprises,Services aux entreprises,Finance / Assurance,True,False,Fuite de données,Fuite de données,Fuite de données,True,True,France métropolitaine,Inconnu,France métropolitaine,False,True
GOLD-0075,Easy Cash,2026-04-30,CYBERATTAQUE_ORG_LLM_JSON,MATCHED,snapshot_id,INC-35553C97DCD2,MATCHED,organisation_and_date,https://www.cyberattaque.org/easy-cash-une-nouvelle-fuite-massive-de-17-millions-de-donnees/ | https://www.easycash.fr/,Commerce / Distribution,Commerce / Distribution,Commerce / Distribution,True,True,Fuite de données,Fuite de données,Fuite de données,True,True,France métropolitaine,France métropolitaine,France métropolitaine,True,True
GOLD-0076,Umanens,2026-04-30,CYBERATTAQUE_ORG_LLM_JSON,MATCHED,snapshot_id,INC-AF81E2A4DD6C,MISSING,,,Finance / Assurance,Inconnu,,False,False,Fuite de données,Fuite de données,,True,False,France métropolitaine,France métropolitaine,,True,False
GOLD-0077,Yomoni,2026-04-30,CYBERATTAQUE_ORG_LLM_JSON,MATCHED,snapshot_id,INC-101CC5166D0C,MISSING,,,Finance / Assurance,Inconnu,,False,False,Fuite de données,Fuite de données,,True,False,France métropolitaine,Inconnu,,False,False
GOLD-0078,Boulangerie Ange,2026-04-29,CYBERATTAQUE_ORG_LLM_JSON,MATCHED,snapshot_id,INC-7CF147BD04D4,MATCHED,organisation_and_date,https://www.cyberattaque.org/boulangerie-ange-812-000-clients-exposes-apres-une-fuite-de-donnees/,Commerce / Distribution,Inconnu,Commerce / Distribution,False,True,Fuite de données,Fuite de données,Fuite de données,True,True,France métropolitaine,Inconnu,France métropolitaine,False,True
GOLD-0079,Bordeaux Métropole,2026-04-29,CYBERATTAQUE_ORG_LLM_JSON,MATCHED,organisation_and_date,INC-69D8F5ECA6CA,MATCHED,organisation_and_date,https://www.cyberattaque.org/bordeaux-metropole-fuite-de-11-000-declarants-de-la-taxe-de-sejour-et-adresses-de-locations-touristiques/,Administration / Collectivité,Inconnu,Administration / Collectivité,False,True,Fuite de données,Phishing / fraude,Fuite de données,False,True,France métropolitaine,Inconnu,France métropolitaine,False,True
GOLD-0080,Ville de Saint-Étienne,2026-04-29,CYBERATTAQUE_ORG_LLM_JSON,MISSING,,,MISSING,,,Administration / Collectivité,,,False,False,Incident tiers,,,False,False,France métropolitaine,,,False,False
GOLD-0081,Bordeaux Métropole,2026-04-27,CYBERATTAQUE_ORG_LLM_JSON,MATCHED,snapshot_id,INC-69D8F5ECA6CA,MATCHED,organisation_and_date,https://www.cyberattaque.org/bordeaux-metropole-fuite-de-11-000-declarants-de-la-taxe-de-sejour-et-adresses-de-locations-touristiques/,Administration / Collectivité,Inconnu,Administration / Collectivité,False,True,Fuite de données,Phishing / fraude,Fuite de données,False,True,France métropolitaine,Inconnu,France métropolitaine,False,True
GOLD-0082,Bazar du Manga,2026-04-17,CYBERATTAQUE_ORG_LLM_JSON,MATCHED,snapshot_id,INC-ACFA66122429,MATCHED,organisation_and_date,https://www.cyberattaque.org/bazar-du-manga-fuite-de-donnees-confirmee-apres-les-demarchage-des-clients/,Commerce / Distribution,Commerce / Distribution,Commerce / Distribution,True,True,Fuite de données,Fuite de données,Fuite de données,True,True,France métropolitaine,France métropolitaine,France métropolitaine,True,True
GOLD-0083,Fédération Française de Basketball,2026-04-17,CYBERATTAQUE_ORG_LLM_JSON,MISSING,,,MISSING,,,Sport,,,False,False,Fuite de données,,,False,False,France métropolitaine,,,False,False
GOLD-0084,Moulin Roty,2026-04-17,CYBERATTAQUE_ORG_LLM_JSON,MATCHED,snapshot_id,INC-799E8962A7F9,MATCHED,organisation_and_date,https://www.cyberattaque.org/moulin-roty-les-donnees-clients-exposes-apres-cyberattaque/,Industrie / Manufacture,Industrie / Manufacture,Commerce / Distribution,True,False,Fuite de données,Fuite de données,Autre cyber,True,False,France métropolitaine,France métropolitaine,France métropolitaine,True,True
GOLD-0085,Assuréa,2026-04-15,CYBERATTAQUE_ORG_LLM_JSON,MATCHED,snapshot_id,INC-F8D163C19511,MATCHED,organisation_and_date,https://www.cyberattaque.org/assurea-fuite-de-150-go-de-donnees-140k-leads-et-11k-contrats/,Finance / Assurance,Inconnu,Finance / Assurance,False,True,Fuite de données,Fuite de données,Autre cyber,True,False,France métropolitaine,Inconnu,France métropolitaine,False,True
GOLD-0086,Basic-Fit France,2026-04-13,CYBERATTAQUE_ORG_LLM_JSON,MISSING,,,MISSING,,,Sport,,,False,False,Fuite de données,,,False,False,France métropolitaine,,,False,False
GOLD-0087,ImmoJeune,2026-04-13,CYBERATTAQUE_ORG_LLM_JSON,MATCHED,snapshot_id,INC-E6BDE621A4F3,MATCHED,organisation_and_date,https://www.cyberattaque.org/immojeune-fuite-de-donnees-confirmee-apres-un-acces-frauduleux/ | https://www.immojeune.com/mentions-legales.html,Construction / BTP,Inconnu,Numérique / Technologie,False,False,Intrusion,Fuite de données,Intrusion,False,True,France métropolitaine,France métropolitaine,France métropolitaine,True,True
GOLD-0088,GUEGUEN Avocats,2026-04-20,CYBERATTAQUE_ORG_LLM_JSON,MATCHED,snapshot_id,INC-6EF67E928EC9,MATCHED,organisation_and_date,https://www.cyberattaque.org/gueguen-avocats-une-fuite-de-donnees-revendiquee-avec-des-milliers-de-documents-exposes/,Services aux entreprises,Inconnu,Services aux entreprises,False,True,Ransomware,Ransomware,Ransomware,True,True,France métropolitaine,France métropolitaine,France métropolitaine,True,True
GOLD-0089,Université Bourgogne Europe,2026-04-19,CYBERATTAQUE_ORG_LLM_JSON,MISSING,,,MISSING,,,Éducation / Formation,,,False,False,Fuite de données,,,False,False,France métropolitaine,,,False,False
GOLD-0090,Cerballiance,2026-03-25,CYBERATTAQUE_ORG_LLM_JSON,MATCHED,snapshot_id,INC-C285EADB1436,MATCHED,organisation_and_date,https://www.cyberattaque.org/cerballiance-des-donnees-medicales-exposees-apres-une-cyberattaque/,Santé,Inconnu,Santé,False,True,Fuite de données,Fuite de données,Intrusion,True,False,France métropolitaine,France métropolitaine,France métropolitaine,True,True
GOLD-0091,Crous,2026-03-24,CYBERATTAQUE_ORG_LLM_JSON,MATCHED,snapshot_id,INC-C70121191014,MATCHED,organisation_and_date,https://www.cyberattaque.org/crous-770-000-etudiants-touches-par-une-fuite-massive/,Administration / Collectivité,Construction / BTP,Éducation / Formation,False,False,Fuite de données,Fuite de données,Fuite de données,True,True,France métropolitaine,France métropolitaine,France métropolitaine,True,True
GOLD-0092,Métropole Aix-Marseille-Provence,2026-03-24,CYBERATTAQUE_ORG_LLM_JSON,MISSING,,,MISSING,,,Administration / Collectivité,,,False,False,Fuite de données,,,False,False,France métropolitaine,,,False,False
GOLD-0093,STOR Solutions,2026-04-24,CYBERATTAQUE_ORG_LLM_JSON,MATCHED,snapshot_id,INC-73E635BC9E27,MATCHED,source_url,https://www.cyberattaque.org/stor-solutions-datacenter-cyberattaque-canal-alpha/,Numérique / Technologie,Numérique / Technologie,Numérique / Technologie,True,True,Intrusion,Intrusion,Ransomware,True,False,La Réunion,La Réunion,France métropolitaine,True,False
GOLD-0094,Orange Madagascar,2026-03-06,CYBERATTAQUE_ORG_LLM_JSON,MATCHED,snapshot_id,INC-09BBD7F9B544,MISSING,,,Numérique / Technologie,Numérique / Technologie,,True,False,Ransomware,Ransomware,,True,False,Madagascar,Madagascar,,True,False
GOLD-0095,Mairie de Fumel,2026-02-13,CYBERATTAQUE_ORG_LLM_JSON,MATCHED,snapshot_id,INC-2DFFDBE5B299,MISSING,,,Administration / Collectivité,Administration / Collectivité,,True,False,Ransomware,Ransomware,,True,False,France métropolitaine,France métropolitaine,,True,False
GOLD-0096,DGFiP,2026-02-18,CYBERATTAQUE_ORG_LLM_JSON,MATCHED,snapshot_id,INC-42F11737455B,MISSING,,,Administration / Collectivité,Administration / Collectivité,,True,False,Intrusion,Fuite de données,,False,False,France métropolitaine,France métropolitaine,,True,False
GOLD-0097,ARS,2026-02-05,CYBERATTAQUE_ORG_LLM_JSON,MISSING,,,MISSING,,,Administration / Collectivité,,,False,False,Fuite de données,,,False,False,France métropolitaine,,,False,False
GOLD-0098,Fédération Française de Randonnée,2026-02-05,CYBERATTAQUE_ORG_LLM_JSON,MISSING,,,MISSING,,,Sport,,,False,False,Fuite de données,,,False,False,France métropolitaine,,,False,False
GOLD-0099,Eiffage,2026-03-01,CYBERATTAQUE_ORG_LLM_JSON,MATCHED,snapshot_id,INC-BCF8B8305BBC,MISSING,,,Construction / BTP,Transport / Logistique,,False,False,Ransomware,Ransomware,,True,False,France métropolitaine,France métropolitaine,,True,False
GOLD-0100,Rogers Capital,2026-01-14,CYBERATTAQUE_ORG_LLM_JSON,MATCHED,snapshot_id,INC-D3948486A973,MISSING,,,Finance / Assurance,Finance / Assurance,,True,False,Ransomware,Ransomware,,True,False,Maurice,Maurice,,True,False
GOLD-0001,Cravero Motoculture,2026-08-16,REUNION_MAYOTTE_LLM_JSON,MATCHED,snapshot_id,INC-B99CF5D2A342,MISSING,,,Commerce / Distribution,Commerce / Distribution,,True,False,Fuite de données,Fuite de données,,True,False,France métropolitaine,France métropolitaine,,True,False
GOLD-0002,EVY,2026-08-16,REUNION_MAYOTTE_LLM_JSON,MATCHED,snapshot_id,INC-9F3966170CB4,MISSING,,,Finance / Assurance,Finance / Assurance,,True,False,Fuite de données,Fuite de données,,True,False,France métropolitaine,France métropolitaine,,True,False
GOLD-0003,France-Casse,2026-08-16,REUNION_MAYOTTE_LLM_JSON,MATCHED,snapshot_id,INC-616D0ECF3BB3,MISSING,,,Commerce / Distribution,Commerce / Distribution,,True,False,Fuite de données,Fuite de données,,True,False,France métropolitaine,France métropolitaine,,True,False
GOLD-0004,Fédération Française de Danse,2026-08-16,REUNION_MAYOTTE_LLM_JSON,MATCHED,source_url,INC-C32E5C6268C3,MISSING,,,Sport,Sport,,True,False,Fuite de données,Fuite de données,,True,False,France métropolitaine,France métropolitaine,,True,False
GOLD-0005,Fédération Française de Motocyclisme,2026-08-16,REUNION_MAYOTTE_LLM_JSON,MATCHED,snapshot_id,INC-8BB56F33DD82,MISSING,,,Sport,Sport,,True,False,Fuite de données,Fuite de données,,True,False,France métropolitaine,France métropolitaine,,True,False
GOLD-0006,Fédération Française de Karaté,2026-08-15,REUNION_MAYOTTE_LLM_JSON,MATCHED,snapshot_id,INC-2EC7AB82A87C,MISSING,,,Sport,Sport,,True,False,Fuite de données,Fuite de données,,True,False,France métropolitaine,France métropolitaine,,True,False
GOLD-0007,DGFiP,2026-08-14,REUNION_MAYOTTE_LLM_JSON,MATCHED,snapshot_id,INC-FDB7ABF9F4D9,MISSING,,,Administration / Collectivité,Administration / Collectivité,,True,False,Fuite de données,Fuite de données,,True,False,France métropolitaine,France métropolitaine,,True,False
GOLD-0008,Scalingo,2026-08-13,REUNION_MAYOTTE_LLM_JSON,MATCHED,snapshot_id,INC-63CD7177BA9A,MISSING,,,Numérique / Technologie,Numérique / Technologie,,True,False,Intrusion,Fuite de données,,False,False,France métropolitaine,France métropolitaine,,True,False
GOLD-0009,AEFE,2026-08-11,REUNION_MAYOTTE_LLM_JSON,MATCHED,snapshot_id,INC-A298A6DBBB1B,MISSING,,,Administration / Collectivité,Administration / Collectivité,,True,False,Fuite de données,Fuite de données,,True,False,France métropolitaine,France métropolitaine,,True,False
GOLD-0010,Santé publique France,2026-08-11,REUNION_MAYOTTE_LLM_JSON,MATCHED,snapshot_id,INC-601D5216F01D,MISSING,,,Administration / Collectivité,Inconnu,,False,False,Fuite de données,Fuite de données,,True,False,France métropolitaine,France métropolitaine,,True,False
GOLD-0011,Fédération Française de Handball,2026-08-10,REUNION_MAYOTTE_LLM_JSON,MATCHED,snapshot_id,INC-3879A78A2B32,MISSING,,,Sport,Sport,,True,False,Fuite de données,Fuite de données,,True,False,France métropolitaine,France métropolitaine,,True,False
GOLD-0012,Mairie de Sixt-sur-Aff,2026-08-10,REUNION_MAYOTTE_LLM_JSON,MATCHED,snapshot_id,INC-3ABFF451EA33,MISSING,,,Administration / Collectivité,Administration / Collectivité,,True,False,Fuite de données,Fuite de données,,True,False,France métropolitaine,France métropolitaine,,True,False
GOLD-0013,Ville de Gagny,2026-08-10,REUNION_MAYOTTE_LLM_JSON,MATCHED,snapshot_id,INC-FB41041C22B5,MISSING,,,Administration / Collectivité,Administration / Collectivité,,True,False,Intrusion,Fuite de données,,False,False,France métropolitaine,France métropolitaine,,True,False
GOLD-0014,Bureau Vallée,2026-08-09,REUNION_MAYOTTE_LLM_JSON,MATCHED,snapshot_id,INC-2972BA18B0BD,MISSING,,,Commerce / Distribution,Commerce / Distribution,,True,False,Fuite de données,Fuite de données,,True,False,France métropolitaine,France métropolitaine,,True,False
GOLD-0015,Le Mans FC,2026-08-09,REUNION_MAYOTTE_LLM_JSON,MATCHED,snapshot_id,INC-1645372F6E23,MISSING,,,Sport,Sport,,True,False,Fuite de données,Fuite de données,,True,False,France métropolitaine,France métropolitaine,,True,False
GOLD-0016,BlgCloud,2026-08-08,REUNION_MAYOTTE_LLM_JSON,MATCHED,snapshot_id,INC-1DC7E716ACF6,MISSING,,,Numérique / Technologie,Inconnu,,False,False,Intrusion,Fuite de données,,False,False,France métropolitaine,France métropolitaine,,True,False
GOLD-0017,Mutuelle Générale de Prévoyance,2026-08-08,REUNION_MAYOTTE_LLM_JSON,MATCHED,snapshot_id,INC-4E70364FA984,MISSING,,,Finance / Assurance,Finance / Assurance,,True,False,Fuite de données,Fuite de données,,True,False,France métropolitaine,France métropolitaine,,True,False
GOLD-0018,AFPA,2026-08-07,REUNION_MAYOTTE_LLM_JSON,MATCHED,snapshot_id,INC-F495CED1DF70,MISSING,,,Éducation / Formation,Inconnu,,False,False,Compromission de compte / messagerie,Compromission de compte / messagerie,,True,False,France métropolitaine,France métropolitaine,,True,False
GOLD-0019,Intermarché,2026-08-05,REUNION_MAYOTTE_LLM_JSON,MATCHED,snapshot_id,INC-7888D67D988E,MISSING,,,Commerce / Distribution,Inconnu,,False,False,Fuite de données,Fuite de données,,True,False,France métropolitaine,Inconnu,,False,False
GOLD-0020,Stade Français Paris,2026-08-05,REUNION_MAYOTTE_LLM_JSON,MATCHED,snapshot_id,INC-51115A21B49B,MISSING,,,Sport,Sport,,True,False,Ransomware,Ransomware,,True,False,France métropolitaine,France métropolitaine,,True,False
GOLD-0021,Mairie de Rinxent,2026-08-03,REUNION_MAYOTTE_LLM_JSON,MATCHED,snapshot_id,INC-27B5792965C7,MISSING,,,Administration / Collectivité,Administration / Collectivité,,True,False,Ransomware,Ransomware,,True,False,France métropolitaine,Inconnu,,False,False
GOLD-0022,ENT Seine-et-Marne,2026-08-02,REUNION_MAYOTTE_LLM_JSON,MISSING,,,MISSING,,,Éducation / Formation,,,False,False,Fuite de données,,,False,False,France métropolitaine,,,False,False
GOLD-0023,CCI Nice Côte d'Azur,2026-08-01,REUNION_MAYOTTE_LLM_JSON,MATCHED,snapshot_id,INC-4912EE5516BF,MISSING,,,Administration / Collectivité,Inconnu,,False,False,Compromission de compte / messagerie,Compromission de compte / messagerie,,True,False,France métropolitaine,Inconnu,,False,False
GOLD-0024,CY Cergy Paris Université,2026-08-01,REUNION_MAYOTTE_LLM_JSON,MATCHED,snapshot_id,INC-D398A12C63DE,MISSING,,,Éducation / Formation,Éducation / Formation,,True,False,Fuite de données,Fuite de données,,True,False,France métropolitaine,France métropolitaine,,True,False
GOLD-0025,Ministère de l'Éducation nationale,2026-07-31,REUNION_MAYOTTE_LLM_JSON,MATCHED,snapshot_id,INC-938337DBDA6F,MISSING,,,Administration / Collectivité,Administration / Collectivité,,True,False,Fuite de données,Malware,,False,False,France métropolitaine,France métropolitaine,,True,False
GOLD-0026,ENGIE Green,2026-07-30,REUNION_MAYOTTE_LLM_JSON,MATCHED,snapshot_id,INC-9B6930A83850,MISSING,,,Énergie / Utilities,Inconnu,,False,False,Intrusion,Ransomware,,False,False,France métropolitaine,France métropolitaine,,True,False
GOLD-0027,Lire Demain,2026-07-29,REUNION_MAYOTTE_LLM_JSON,MATCHED,snapshot_id,INC-FFB6C7F47B15,MISSING,,,Commerce / Distribution,Commerce / Distribution,,True,False,Fuite de données,Fuite de données,,True,False,France métropolitaine,France métropolitaine,,True,False
GOLD-0028,Location-Etudiant.fr,2026-07-28,REUNION_MAYOTTE_LLM_JSON,MATCHED,snapshot_id,INC-43AC9A4C158B,MISSING,,,Construction / BTP,Construction / BTP,,True,False,Intrusion,Fuite de données,,False,False,France métropolitaine,France métropolitaine,,True,False
GOLD-0029,Mairie d'Injoux-Génissiat,2026-07-28,REUNION_MAYOTTE_LLM_JSON,MATCHED,snapshot_id,INC-920654387FF9,MISSING,,,Administration / Collectivité,Inconnu,,False,False,Fuite de données,Fuite de données,,True,False,France métropolitaine,France métropolitaine,,True,False
GOLD-0030,Planity,2026-07-28,REUNION_MAYOTTE_LLM_JSON,MATCHED,snapshot_id,INC-5548AD317C63,MISSING,,,Numérique / Technologie,Commerce / Distribution,,False,False,Fuite de données,Compromission de compte / messagerie,,False,False,France métropolitaine,France métropolitaine,,True,False
GOLD-0031,Nantes Université,2026-07-28,REUNION_MAYOTTE_LLM_JSON,MISSING,,,MISSING,,,Éducation / Formation,,,False,False,Fuite de données,,,False,False,France métropolitaine,,,False,False
GOLD-0032,Verspieren,2026-07-27,REUNION_MAYOTTE_LLM_JSON,MATCHED,snapshot_id,INC-904D84D2D2A9,MISSING,,,Finance / Assurance,Finance / Assurance,,True,False,Fuite de données,Fuite de données,,True,False,France métropolitaine,France métropolitaine,,True,False
GOLD-0033,Batipro 33,2026-07-26,REUNION_MAYOTTE_LLM_JSON,MATCHED,snapshot_id,INC-C80F4470E4D1,MISSING,,,Construction / BTP,Inconnu,,False,False,Intrusion,Fuite de données,,False,False,France métropolitaine,France métropolitaine,,True,False
GOLD-0034,Ministère de l'Intérieur,2026-07-26,REUNION_MAYOTTE_LLM_JSON,MATCHED,snapshot_id,INC-9CEB5476F2D6,MISSING,,,Administration / Collectivité,Administration / Collectivité,,True,False,Fuite de données,Fuite de données,,True,False,France métropolitaine,France métropolitaine,,True,False
GOLD-0035,Driveco,2026-07-25,REUNION_MAYOTTE_LLM_JSON,MATCHED,snapshot_id,INC-C6A499CF97F1,MISSING,,,Énergie / Utilities,Inconnu,,False,False,Fuite de données,Fuite de données,,True,False,France métropolitaine,France métropolitaine,,True,False
GOLD-0036,Alpissimmo,2026-07-24,REUNION_MAYOTTE_LLM_JSON,MATCHED,snapshot_id,INC-F4E5D8AEDD34,MISSING,,,Construction / BTP,Inconnu,,False,False,Fuite de données,Fuite de données,,True,False,France métropolitaine,France métropolitaine,,True,False
GOLD-0037,Centre Hospitalier de Chaumont,2026-07-24,REUNION_MAYOTTE_LLM_JSON,MATCHED,snapshot_id,INC-1EEA7737B334,MISSING,,,Santé,Santé,,True,False,Fuite de données,Fuite de données,,True,False,France métropolitaine,France métropolitaine,,True,False
GOLD-0038,SKOLAE,2026-07-24,REUNION_MAYOTTE_LLM_JSON,MATCHED,snapshot_id,INC-65B2FFF8F199,MISSING,,,Éducation / Formation,Éducation / Formation,,True,False,Intrusion,Fuite de données,,False,False,France métropolitaine,France métropolitaine,,True,False
GOLD-0039,Mairie de Drancy,2026-07-23,REUNION_MAYOTTE_LLM_JSON,MATCHED,snapshot_id,INC-E9B0D5CE48BA,MISSING,,,Administration / Collectivité,Administration / Collectivité,,True,False,Ransomware,Ransomware,,True,False,France métropolitaine,Inconnu,,False,False
GOLD-0040,Avignon Université,2026-07-23,REUNION_MAYOTTE_LLM_JSON,MISSING,,,MISSING,,,Éducation / Formation,,,False,False,Fuite de données,,,False,False,France métropolitaine,,,False,False
GOLD-0041,BANATIC,2026-07-22,REUNION_MAYOTTE_LLM_JSON,MATCHED,snapshot_id,INC-4FE1AD7A39FE,MISSING,,,Administration / Collectivité,Inconnu,,False,False,Fuite de données,Phishing / fraude,,False,False,France métropolitaine,Inconnu,,False,False
GOLD-0042,Immobilière Tariot,2026-07-22,REUNION_MAYOTTE_LLM_JSON,MATCHED,snapshot_id,INC-ADC1FF7A21EE,MISSING,,,Construction / BTP,Construction / BTP,,True,False,Fuite de données,Compromission de compte / messagerie,,False,False,France métropolitaine,France métropolitaine,,True,False
GOLD-0043,Rassemblement National,2026-07-22,REUNION_MAYOTTE_LLM_JSON,MATCHED,snapshot_id,INC-5F211216BEAE,MISSING,,,Inconnu,Inconnu,,True,False,Fuite de données,Fuite de données,,True,False,France métropolitaine,France métropolitaine,,True,False
GOLD-0044,Centre Hospitalier de Perpignan,2026-07-20,REUNION_MAYOTTE_LLM_JSON,MATCHED,snapshot_id,INC-B56027A9A12A,MISSING,,,Santé,Santé,,True,False,Fuite de données,Phishing / fraude,,False,False,France métropolitaine,France métropolitaine,,True,False
GOLD-0045,PSB Paris School of Business,2026-07-20,REUNION_MAYOTTE_LLM_JSON,MATCHED,snapshot_id,INC-291D14C6B9F5,MISSING,,,Éducation / Formation,Inconnu,,False,False,Fuite de données,Fuite de données,,True,False,France métropolitaine,Inconnu,,False,False
GOLD-0046,Kosc Telecom,2026-07-15,REUNION_MAYOTTE_LLM_JSON,MATCHED,snapshot_id,INC-CB368AFFFDB8,MISSING,,,Numérique / Technologie,Inconnu,,False,False,Fuite de données,Fuite de données,,True,False,France métropolitaine,Inconnu,,False,False
GOLD-0047,KeepCool,2026-07-13,REUNION_MAYOTTE_LLM_JSON,MATCHED,snapshot_id,INC-59A44F04FF31,MISSING,,,Sport,Commerce / Distribution,,False,False,Fuite de données,Fuite de données,,True,False,France métropolitaine,Inconnu,,False,False
GOLD-0048,Lidl France,2026-07-13,REUNION_MAYOTTE_LLM_JSON,MISSING,,,MISSING,,,Commerce / Distribution,,,False,False,Incident tiers,,,False,False,France métropolitaine,,,False,False
GOLD-0049,École Supérieure des Métiers de l’Immobilier,2026-07-13,REUNION_MAYOTTE_LLM_JSON,MATCHED,snapshot_id,INC-2A2858828255,MISSING,,,Éducation / Formation,Éducation / Formation,,True,False,Fuite de données,Fuite de données,,True,False,France métropolitaine,Inconnu,,False,False
GOLD-0050,Bebeboutik,2026-07-11,REUNION_MAYOTTE_LLM_JSON,MATCHED,snapshot_id,INC-1F9BE8617194,MISSING,,,Commerce / Distribution,Inconnu,,False,False,Fuite de données,Fuite de données,,True,False,France métropolitaine,Inconnu,,False,False
GOLD-0051,PPA Business School,2026-07-11,REUNION_MAYOTTE_LLM_JSON,MATCHED,snapshot_id,INC-79E9E0E42B80,MISSING,,,Éducation / Formation,Inconnu,,False,False,Fuite de données,Fuite de données,,True,False,France métropolitaine,Inconnu,,False,False
GOLD-0052,Ville de Ouangani,2026-07-10,REUNION_MAYOTTE_LLM_JSON,MISSING,,,MISSING,,,Administration / Collectivité,,,False,False,Ransomware,,,False,False,Mayotte,,,False,False
GOLD-0053,Fédération Française Handisport,2026-07-09,REUNION_MAYOTTE_LLM_JSON,MATCHED,snapshot_id,INC-6A9D6083CDEB,MISSING,,,Sport,Inconnu,,False,False,Fuite de données,Fuite de données,,True,False,France métropolitaine,Inconnu,,False,False
GOLD-0054,Pays du Mont-Blanc,2026-07-09,REUNION_MAYOTTE_LLM_JSON,MATCHED,snapshot_id,INC-48A1886DA2F7,MISSING,,,Administration / Collectivité,Inconnu,,False,False,Incident tiers,Ransomware,,False,False,France métropolitaine,Inconnu,,False,False
GOLD-0055,École Supérieure de Génie Informatique,2026-07-09,REUNION_MAYOTTE_LLM_JSON,MATCHED,snapshot_id,INC-171F220F596A,MISSING,,,Éducation / Formation,Éducation / Formation,,True,False,Fuite de données,Fuite de données,,True,False,France métropolitaine,Inconnu,,False,False
GOLD-0056,Ministère de la Culture,2026-07-08,REUNION_MAYOTTE_LLM_JSON,MATCHED,snapshot_id,INC-E814197D976B,MISSING,,,Administration / Collectivité,Administration / Collectivité,,True,False,Intrusion,Phishing / fraude,,False,False,France métropolitaine,Inconnu,,False,False
GOLD-0057,Télécom Saint-Étienne,2026-07-08,REUNION_MAYOTTE_LLM_JSON,MATCHED,snapshot_id,INC-8D8FDF029408,MISSING,,,Éducation / Formation,Numérique / Technologie,,False,False,Fuite de données,Fuite de données,,True,False,France métropolitaine,Inconnu,,False,False
GOLD-0058,1001Coques,2026-07-07,REUNION_MAYOTTE_LLM_JSON,MATCHED,snapshot_id,INC-86062736264A,MISSING,,,Commerce / Distribution,Numérique / Technologie,,False,False,Fuite de données,Fuite de données,,True,False,France métropolitaine,Inconnu,,False,False
GOLD-0059,ENS Paris-Saclay,2026-07-07,REUNION_MAYOTTE_LLM_JSON,MATCHED,snapshot_id,INC-EEDEA7EC3595,MISSING,,,Éducation / Formation,Inconnu,,False,False,Fuite de données,Fuite de données,,True,False,France métropolitaine,France métropolitaine,,True,False
GOLD-0060,Espaces Atypiques,2026-07-06,REUNION_MAYOTTE_LLM_JSON,MATCHED,snapshot_id,INC-BFE7FA130189,MISSING,,,Construction / BTP,Construction / BTP,,True,False,Fuite de données,Fuite de données,,True,False,France métropolitaine,France métropolitaine,,True,False
GOLD-0061,IAD Group,2026-07-03,REUNION_MAYOTTE_LLM_JSON,MATCHED,snapshot_id,INC-F65B640D74E9,MISSING,,,Construction / BTP,Construction / BTP,,True,False,Fuite de données,Fuite de données,,True,False,France métropolitaine,Inconnu,,False,False
GOLD-0062,Police Municipale Le Pontet,2026-07-01,REUNION_MAYOTTE_LLM_JSON,MATCHED,snapshot_id,INC-4D61E266907A,MISSING,,,Administration / Collectivité,Administration / Collectivité,,True,False,Fuite de données,Fuite de données,,True,False,France métropolitaine,Inconnu,,False,False
GOLD-0063,DGFiP,2026-06-30,REUNION_MAYOTTE_LLM_JSON,MATCHED,snapshot_id,INC-22184029AA63,MISSING,,,Administration / Collectivité,Administration / Collectivité,,True,False,Intrusion,Fuite de données,,False,False,France métropolitaine,France métropolitaine,,True,False
GOLD-0064,Air Corsica,2026-06-29,REUNION_MAYOTTE_LLM_JSON,MATCHED,snapshot_id,INC-871A659D5296,MISSING,,,Transport / Logistique,Inconnu,,False,False,Fuite de données,Fuite de données,,True,False,France métropolitaine,Inconnu,,False,False
GOLD-0065,Axonaut,2026-06-29,REUNION_MAYOTTE_LLM_JSON,MATCHED,snapshot_id,INC-2673611A058B,MISSING,,,Numérique / Technologie,Inconnu,,False,False,Fuite de données,Fuite de données,,True,False,France métropolitaine,La Réunion,,False,False
GOLD-0066,CapiFrance,2026-06-29,REUNION_MAYOTTE_LLM_JSON,MATCHED,snapshot_id,INC-FABC6345C6E5,MISSING,,,Construction / BTP,Inconnu,,False,False,Fuite de données,Fuite de données,,True,False,France métropolitaine,France métropolitaine,,True,False
GOLD-0067,Ministère des Sports,2026-06-26,REUNION_MAYOTTE_LLM_JSON,MATCHED,snapshot_id,INC-B9C4EBD81CBB,MISSING,,,Administration / Collectivité,Administration / Collectivité,,True,False,Fuite de données,Fuite de données,,True,False,France métropolitaine,Inconnu,,False,False
GOLD-0068,Fédération Hospitalière de France,2026-06-24,REUNION_MAYOTTE_LLM_JSON,MATCHED,snapshot_id,INC-AB7E14BBE82D,MISSING,,,Santé,Inconnu,,False,False,Fuite de données,Fuite de données,,True,False,France métropolitaine,Inconnu,,False,False
GOLD-0069,Century 21 France,2026-06-23,REUNION_MAYOTTE_LLM_JSON,MISSING,,,MISSING,,,Construction / BTP,,,False,False,Fuite de données,,,False,False,France métropolitaine,,,False,False
GOLD-0070,RATP,2026-06-14,REUNION_MAYOTTE_LLM_JSON,MATCHED,snapshot_id,INC-2686144A82CB,MISSING,,,Transport / Logistique,Inconnu,,False,False,Fuite de données,Phishing / fraude,,False,False,France métropolitaine,Inconnu,,False,False
GOLD-0071,SSTRN,2026-06-14,REUNION_MAYOTTE_LLM_JSON,MATCHED,snapshot_id,INC-3AED84644061,MISSING,,,Santé,Inconnu,,False,False,Fuite de données,Fuite de données,,True,False,France métropolitaine,France métropolitaine,,True,False
GOLD-0072,BYmyCAR,2026-06-13,REUNION_MAYOTTE_LLM_JSON,MATCHED,snapshot_id,INC-FDA5CD7B3568,MISSING,,,Commerce / Distribution,Inconnu,,False,False,Incident tiers,Phishing / fraude,,False,False,France métropolitaine,Inconnu,,False,False
GOLD-0073,France Services,2026-06-12,REUNION_MAYOTTE_LLM_JSON,MATCHED,snapshot_id,INC-335A5420ECBD,MISSING,,,Administration / Collectivité,Inconnu,,False,False,Fuite de données,Fuite de données,,True,False,France métropolitaine,Inconnu,,False,False
GOLD-0074,Profil Search,2026-05-03,REUNION_MAYOTTE_LLM_JSON,MATCHED,snapshot_id,INC-930F9D0A0F2B,MISSING,,,Services aux entreprises,Services aux entreprises,,True,False,Fuite de données,Fuite de données,,True,False,France métropolitaine,Inconnu,,False,False
GOLD-0075,Easy Cash,2026-04-30,REUNION_MAYOTTE_LLM_JSON,MATCHED,snapshot_id,INC-35553C97DCD2,MISSING,,,Commerce / Distribution,Commerce / Distribution,,True,False,Fuite de données,Fuite de données,,True,False,France métropolitaine,France métropolitaine,,True,False
GOLD-0076,Umanens,2026-04-30,REUNION_MAYOTTE_LLM_JSON,MATCHED,snapshot_id,INC-AF81E2A4DD6C,MISSING,,,Finance / Assurance,Inconnu,,False,False,Fuite de données,Fuite de données,,True,False,France métropolitaine,France métropolitaine,,True,False
GOLD-0077,Yomoni,2026-04-30,REUNION_MAYOTTE_LLM_JSON,MATCHED,snapshot_id,INC-101CC5166D0C,MISSING,,,Finance / Assurance,Inconnu,,False,False,Fuite de données,Fuite de données,,True,False,France métropolitaine,Inconnu,,False,False
GOLD-0078,Boulangerie Ange,2026-04-29,REUNION_MAYOTTE_LLM_JSON,MATCHED,snapshot_id,INC-7CF147BD04D4,MISSING,,,Commerce / Distribution,Inconnu,,False,False,Fuite de données,Fuite de données,,True,False,France métropolitaine,Inconnu,,False,False
GOLD-0079,Bordeaux Métropole,2026-04-29,REUNION_MAYOTTE_LLM_JSON,MATCHED,organisation_and_date,INC-69D8F5ECA6CA,MISSING,,,Administration / Collectivité,Inconnu,,False,False,Fuite de données,Phishing / fraude,,False,False,France métropolitaine,Inconnu,,False,False
GOLD-0080,Ville de Saint-Étienne,2026-04-29,REUNION_MAYOTTE_LLM_JSON,MISSING,,,MISSING,,,Administration / Collectivité,,,False,False,Incident tiers,,,False,False,France métropolitaine,,,False,False
GOLD-0081,Bordeaux Métropole,2026-04-27,REUNION_MAYOTTE_LLM_JSON,MATCHED,snapshot_id,INC-69D8F5ECA6CA,MISSING,,,Administration / Collectivité,Inconnu,,False,False,Fuite de données,Phishing / fraude,,False,False,France métropolitaine,Inconnu,,False,False
GOLD-0082,Bazar du Manga,2026-04-17,REUNION_MAYOTTE_LLM_JSON,MATCHED,snapshot_id,INC-ACFA66122429,MISSING,,,Commerce / Distribution,Commerce / Distribution,,True,False,Fuite de données,Fuite de données,,True,False,France métropolitaine,France métropolitaine,,True,False
GOLD-0083,Fédération Française de Basketball,2026-04-17,REUNION_MAYOTTE_LLM_JSON,MISSING,,,MISSING,,,Sport,,,False,False,Fuite de données,,,False,False,France métropolitaine,,,False,False
GOLD-0084,Moulin Roty,2026-04-17,REUNION_MAYOTTE_LLM_JSON,MATCHED,snapshot_id,INC-799E8962A7F9,MISSING,,,Industrie / Manufacture,Industrie / Manufacture,,True,False,Fuite de données,Fuite de données,,True,False,France métropolitaine,France métropolitaine,,True,False
GOLD-0085,Assuréa,2026-04-15,REUNION_MAYOTTE_LLM_JSON,MATCHED,snapshot_id,INC-F8D163C19511,MISSING,,,Finance / Assurance,Inconnu,,False,False,Fuite de données,Fuite de données,,True,False,France métropolitaine,Inconnu,,False,False
GOLD-0086,Basic-Fit France,2026-04-13,REUNION_MAYOTTE_LLM_JSON,MISSING,,,MISSING,,,Sport,,,False,False,Fuite de données,,,False,False,France métropolitaine,,,False,False
GOLD-0087,ImmoJeune,2026-04-13,REUNION_MAYOTTE_LLM_JSON,MATCHED,snapshot_id,INC-E6BDE621A4F3,MISSING,,,Construction / BTP,Inconnu,,False,False,Intrusion,Fuite de données,,False,False,France métropolitaine,France métropolitaine,,True,False
GOLD-0088,GUEGUEN Avocats,2026-04-20,REUNION_MAYOTTE_LLM_JSON,MATCHED,snapshot_id,INC-6EF67E928EC9,MISSING,,,Services aux entreprises,Inconnu,,False,False,Ransomware,Ransomware,,True,False,France métropolitaine,France métropolitaine,,True,False
GOLD-0089,Université Bourgogne Europe,2026-04-19,REUNION_MAYOTTE_LLM_JSON,MISSING,,,MISSING,,,Éducation / Formation,,,False,False,Fuite de données,,,False,False,France métropolitaine,,,False,False
GOLD-0090,Cerballiance,2026-03-25,REUNION_MAYOTTE_LLM_JSON,MATCHED,snapshot_id,INC-C285EADB1436,MISSING,,,Santé,Inconnu,,False,False,Fuite de données,Fuite de données,,True,False,France métropolitaine,France métropolitaine,,True,False
GOLD-0091,Crous,2026-03-24,REUNION_MAYOTTE_LLM_JSON,MATCHED,snapshot_id,INC-C70121191014,MISSING,,,Administration / Collectivité,Construction / BTP,,False,False,Fuite de données,Fuite de données,,True,False,France métropolitaine,France métropolitaine,,True,False
GOLD-0092,Métropole Aix-Marseille-Provence,2026-03-24,REUNION_MAYOTTE_LLM_JSON,MISSING,,,MISSING,,,Administration / Collectivité,,,False,False,Fuite de données,,,False,False,France métropolitaine,,,False,False
GOLD-0093,STOR Solutions,2026-04-24,REUNION_MAYOTTE_LLM_JSON,MATCHED,snapshot_id,INC-73E635BC9E27,MATCHED,source_url,https://www.cyberattaque.org/stor-solutions-datacenter-cyberattaque-canal-alpha/,Numérique / Technologie,Numérique / Technologie,Numérique / Technologie,True,True,Intrusion,Intrusion,Intrusion,True,True,La Réunion,La Réunion,La Réunion,True,True
GOLD-0094,Orange Madagascar,2026-03-06,REUNION_MAYOTTE_LLM_JSON,MATCHED,snapshot_id,INC-09BBD7F9B544,MISSING,,,Numérique / Technologie,Numérique / Technologie,,True,False,Ransomware,Ransomware,,True,False,Madagascar,Madagascar,,True,False
GOLD-0095,Mairie de Fumel,2026-02-13,REUNION_MAYOTTE_LLM_JSON,MATCHED,snapshot_id,INC-2DFFDBE5B299,MISSING,,,Administration / Collectivité,Administration / Collectivité,,True,False,Ransomware,Ransomware,,True,False,France métropolitaine,France métropolitaine,,True,False
GOLD-0096,DGFiP,2026-02-18,REUNION_MAYOTTE_LLM_JSON,MATCHED,snapshot_id,INC-42F11737455B,MISSING,,,Administration / Collectivité,Administration / Collectivité,,True,False,Intrusion,Fuite de données,,False,False,France métropolitaine,France métropolitaine,,True,False
GOLD-0097,ARS,2026-02-05,REUNION_MAYOTTE_LLM_JSON,MISSING,,,MISSING,,,Administration / Collectivité,,,False,False,Fuite de données,,,False,False,France métropolitaine,,,False,False
GOLD-0098,Fédération Française de Randonnée,2026-02-05,REUNION_MAYOTTE_LLM_JSON,MISSING,,,MISSING,,,Sport,,,False,False,Fuite de données,,,False,False,France métropolitaine,,,False,False
GOLD-0099,Eiffage,2026-03-01,REUNION_MAYOTTE_LLM_JSON,MATCHED,snapshot_id,INC-BCF8B8305BBC,MISSING,,,Construction / BTP,Transport / Logistique,,False,False,Ransomware,Ransomware,,True,False,France métropolitaine,France métropolitaine,,True,False
GOLD-0100,Rogers Capital,2026-01-14,REUNION_MAYOTTE_LLM_JSON,MATCHED,snapshot_id,INC-D3948486A973,MISSING,,,Finance / Assurance,Finance / Assurance,,True,False,Ransomware,Ransomware,,True,False,Maurice,Maurice,,True,False
