Golden_ID,Organisation,Reference_Date,Match_Status,Match_Strategy,Incident_ID_Snapshot,Incident_ID_Current,Secteur_REF,Secteur_CW,Secteur_Match,Menace_REF,Menace_CW,Menace_Match,Localisation_REF,Localisation_CW,Localisation_Match
GOLD-0001,Cravero Motoculture,2026-08-16,MATCHED,snapshot_id,INC-B99CF5D2A342,INC-B99CF5D2A342,Commerce / Distribution,Commerce / Distribution,True,Fuite de données,Fuite de données,True,France métropolitaine,France métropolitaine,True
GOLD-0002,EVY,2026-08-16,MATCHED,snapshot_id,INC-9F3966170CB4,INC-9F3966170CB4,Finance / Assurance,Finance / Assurance,True,Fuite de données,Fuite de données,True,France métropolitaine,France métropolitaine,True
GOLD-0003,France-Casse,2026-08-16,MATCHED,snapshot_id,INC-616D0ECF3BB3,INC-616D0ECF3BB3,Commerce / Distribution,Commerce / Distribution,True,Fuite de données,Fuite de données,True,France métropolitaine,France métropolitaine,True
GOLD-0004,Fédération Française de Danse,2026-08-16,MATCHED,source_url,INC-C32E5C6268C,INC-C32E5C6268C3,Sport,Sport,True,Fuite de données,Fuite de données,True,France métropolitaine,France métropolitaine,True
GOLD-0005,Fédération Française de Motocyclisme,2026-08-16,MATCHED,snapshot_id,INC-8BB56F33DD82,INC-8BB56F33DD82,Sport,Sport,True,Fuite de données,Fuite de données,True,France métropolitaine,France métropolitaine,True
GOLD-0006,Fédération Française de Karaté,2026-08-15,MATCHED,snapshot_id,INC-2EC7AB82A87C,INC-2EC7AB82A87C,Sport,Sport,True,Fuite de données,Fuite de données,True,France métropolitaine,France métropolitaine,True
GOLD-0007,DGFiP,2026-08-14,MATCHED,snapshot_id,INC-FDB7ABF9F4D9,INC-FDB7ABF9F4D9,Administration / Collectivité,Administration / Collectivité,True,Fuite de données,Fuite de données,True,France métropolitaine,France métropolitaine,True
GOLD-0008,Scalingo,2026-08-13,MATCHED,snapshot_id,INC-63CD7177BA9A,INC-63CD7177BA9A,Numérique / Technologie,Numérique / Technologie,True,Fuite de données,Fuite de données,True,France métropolitaine,France métropolitaine,True
GOLD-0009,AEFE,2026-08-11,MATCHED,snapshot_id,INC-A298A6DBBB1B,INC-A298A6DBBB1B,Administration / Collectivité,Administration / Collectivité,True,Fuite de données,Fuite de données,True,France métropolitaine,France métropolitaine,True
GOLD-0010,Santé publique France,2026-08-11,MATCHED,snapshot_id,INC-601D5216F01D,INC-601D5216F01D,Administration / Collectivité,Inconnu,False,Fuite de données,Fuite de données,True,France métropolitaine,France métropolitaine,True
GOLD-0011,Fédération Française de Handball,2026-08-10,MATCHED,snapshot_id,INC-3879A78A2B32,INC-3879A78A2B32,Sport,Sport,True,Fuite de données,Fuite de données,True,France métropolitaine,France métropolitaine,True
GOLD-0012,Mairie de Sixt-sur-Aff,2026-08-10,MATCHED,snapshot_id,INC-3ABFF451EA33,INC-3ABFF451EA33,Administration / Collectivité,Administration / Collectivité,True,Fuite de données,Fuite de données,True,France métropolitaine,France métropolitaine,True
GOLD-0013,Ville de Gagny,2026-08-10,MATCHED,snapshot_id,INC-FB41041C22B5,INC-FB41041C22B5,Administration / Collectivité,Administration / Collectivité,True,Fuite de données,Fuite de données,True,France métropolitaine,France métropolitaine,True
GOLD-0014,Bureau Vallée,2026-08-09,MATCHED,snapshot_id,INC-2972BA18B0BD,INC-2972BA18B0BD,Commerce / Distribution,Commerce / Distribution,True,Fuite de données,Fuite de données,True,France métropolitaine,France métropolitaine,True
GOLD-0015,Le Mans FC,2026-08-09,MATCHED,snapshot_id,INC-1645372F6E23,INC-1645372F6E23,Sport,Sport,True,Fuite de données,Fuite de données,True,France métropolitaine,France métropolitaine,True
GOLD-0016,BlgCloud,2026-08-08,MATCHED,snapshot_id,INC-1DC7E716ACF6,INC-1DC7E716ACF6,Numérique / Technologie,Inconnu,False,Fuite de données,Fuite de données,True,France métropolitaine,France métropolitaine,True
GOLD-0017,Mutuelle Générale de Prévoyance,2026-08-08,MATCHED,snapshot_id,INC-4E70364FA984,INC-4E70364FA984,Finance / Assurance,Finance / Assurance,True,Fuite de données,Fuite de données,True,France métropolitaine,France métropolitaine,True
GOLD-0018,AFPA,2026-08-07,MATCHED,snapshot_id,INC-F495CED1DF70,INC-F495CED1DF70,Éducation / Formation,Inconnu,False,Compromission de compte / messagerie,Compromission de compte / messagerie,True,France métropolitaine,France métropolitaine,True
GOLD-0019,Intermarché,2026-08-05,MATCHED,snapshot_id,INC-7888D67D988E,INC-7888D67D988E,Commerce / Distribution,Inconnu,False,Fuite de données,Fuite de données,True,France métropolitaine,Inconnu,False
GOLD-0020,Stade Français Paris,2026-08-05,MATCHED,snapshot_id,INC-51115A21B49B,INC-51115A21B49B,Sport,Sport,True,Ransomware,Ransomware,True,France métropolitaine,France métropolitaine,True
GOLD-0021,Mairie de Rinxent,2026-08-03,MATCHED,snapshot_id,INC-27B5792965C7,INC-27B5792965C7,Administration / Collectivité,Administration / Collectivité,True,Ransomware,Ransomware,True,France métropolitaine,Inconnu,False
GOLD-0022,ENT Seine-et-Marne,2026-08-02,MISSING,,INC-2B603127BE7C,,Éducation / Formation,,False,Fuite de données,,False,France métropolitaine,,False
GOLD-0023,CCI Nice Côte d'Azur,2026-08-01,MATCHED,snapshot_id,INC-4912EE5516BF,INC-4912EE5516BF,Administration / Collectivité,Inconnu,False,Compromission de compte / messagerie,Compromission de compte / messagerie,True,France métropolitaine,Inconnu,False
GOLD-0024,CY Cergy Paris Université,2026-08-01,MATCHED,snapshot_id,INC-D398A12C63DE,INC-D398A12C63DE,Éducation / Formation,Éducation / Formation,True,Fuite de données,Fuite de données,True,France métropolitaine,France métropolitaine,True
GOLD-0025,Ministère de l'Éducation nationale,2026-07-31,MATCHED,snapshot_id,INC-938337DBDA6F,INC-938337DBDA6F,Administration / Collectivité,Administration / Collectivité,True,Compromission de compte / messagerie,Malware,False,France métropolitaine,France métropolitaine,True
GOLD-0026,ENGIE Green,2026-07-30,MATCHED,snapshot_id,INC-9B6930A83850,INC-9B6930A83850,Énergie / Utilities,Inconnu,False,Intrusion,Ransomware,False,France métropolitaine,France métropolitaine,True
GOLD-0027,Lire Demain,2026-07-29,MATCHED,snapshot_id,INC-FFB6C7F47B15,INC-FFB6C7F47B15,Commerce / Distribution,Commerce / Distribution,True,Fuite de données,Fuite de données,True,France métropolitaine,France métropolitaine,True
GOLD-0028,Location-Etudiant.fr,2026-07-28,MATCHED,snapshot_id,INC-43AC9A4C158B,INC-43AC9A4C158B,Construction / BTP,Construction / BTP,True,Fuite de données,Fuite de données,True,France métropolitaine,France métropolitaine,True
GOLD-0029,Mairie d'Injoux-Génissiat,2026-07-28,MATCHED,snapshot_id,INC-920654387FF9,INC-920654387FF9,Administration / Collectivité,Inconnu,False,Fuite de données,Fuite de données,True,France métropolitaine,France métropolitaine,True
GOLD-0030,Planity,2026-07-28,MATCHED,snapshot_id,INC-5548AD317C63,INC-5548AD317C63,Numérique / Technologie,Commerce / Distribution,False,Fuite de données,Compromission de compte / messagerie,False,France métropolitaine,France métropolitaine,True
GOLD-0031,Nantes Université,2026-07-28,MISSING,,INC-C413DE37E4F0,,Éducation / Formation,,False,Fuite de données,,False,France métropolitaine,,False
GOLD-0032,Verspieren,2026-07-27,MATCHED,snapshot_id,INC-904D84D2D2A9,INC-904D84D2D2A9,Finance / Assurance,Finance / Assurance,True,Fuite de données,Fuite de données,True,France métropolitaine,France métropolitaine,True
GOLD-0033,Batipro 33,2026-07-26,MATCHED,snapshot_id,INC-C80F4470E4D1,INC-C80F4470E4D1,Éducation / Formation,Inconnu,False,Intrusion,Fuite de données,False,France métropolitaine,France métropolitaine,True
GOLD-0034,Ministère de l'Intérieur,2026-07-26,MATCHED,snapshot_id,INC-9CEB5476F2D6,INC-9CEB5476F2D6,Administration / Collectivité,Administration / Collectivité,True,Fuite de données,Fuite de données,True,France métropolitaine,France métropolitaine,True
GOLD-0035,Driveco,2026-07-25,MATCHED,snapshot_id,INC-C6A499CF97F1,INC-C6A499CF97F1,Énergie / Utilities,Inconnu,False,Fuite de données,Fuite de données,True,France métropolitaine,France métropolitaine,True
GOLD-0036,Alpissimmo,2026-07-24,MATCHED,snapshot_id,INC-F4E5D8AEDD34,INC-F4E5D8AEDD34,Construction / BTP,Inconnu,False,Fuite de données,Fuite de données,True,France métropolitaine,France métropolitaine,True
GOLD-0037,Centre Hospitalier de Chaumont,2026-07-24,MATCHED,snapshot_id,INC-1EEA7737B334,INC-1EEA7737B334,Santé,Santé,True,Fuite de données,Fuite de données,True,France métropolitaine,France métropolitaine,True
GOLD-0038,SKOLAE,2026-07-24,MATCHED,snapshot_id,INC-65B2FFF8F199,INC-65B2FFF8F199,Éducation / Formation,Éducation / Formation,True,Intrusion,Fuite de données,False,France métropolitaine,France métropolitaine,True
GOLD-0039,Mairie de Drancy,2026-07-23,MATCHED,snapshot_id,INC-E9B0D5CE48BA,INC-E9B0D5CE48BA,Administration / Collectivité,Administration / Collectivité,True,Ransomware,Ransomware,True,France métropolitaine,Inconnu,False
GOLD-0040,Avignon Université,2026-07-23,MISSING,,INC-0AE17095DF48,,Éducation / Formation,,False,Fuite de données,,False,France métropolitaine,,False
GOLD-0041,BANATIC,2026-07-22,MATCHED,snapshot_id,INC-4FE1AD7A39FE,INC-4FE1AD7A39FE,Administration / Collectivité,Inconnu,False,Fuite de données,Phishing / fraude,False,France métropolitaine,Inconnu,False
GOLD-0042,Immobilière Tariot,2026-07-22,MATCHED,snapshot_id,INC-ADC1FF7A21EE,INC-ADC1FF7A21EE,Construction / BTP,Construction / BTP,True,Fuite de données,Compromission de compte / messagerie,False,France métropolitaine,France métropolitaine,True
GOLD-0043,Rassemblement National,2026-07-22,MATCHED,snapshot_id,INC-5F211216BEAE,INC-5F211216BEAE,Inconnu,Inconnu,True,Fuite de données,Fuite de données,True,France métropolitaine,France métropolitaine,True
GOLD-0044,Centre Hospitalier de Perpignan,2026-07-20,MATCHED,snapshot_id,INC-B56027A9A12A,INC-B56027A9A12A,Santé,Santé,True,Fuite de données,Phishing / fraude,False,France métropolitaine,France métropolitaine,True
GOLD-0045,PSB Paris School of Business,2026-07-20,MATCHED,snapshot_id,INC-291D14C6B9F5,INC-291D14C6B9F5,Éducation / Formation,Inconnu,False,Fuite de données,Fuite de données,True,France métropolitaine,Inconnu,False
GOLD-0046,Kosc Telecom,2026-07-15,MATCHED,snapshot_id,INC-CB368AFFFDB8,INC-CB368AFFFDB8,Numérique / Technologie,Inconnu,False,Fuite de données,Fuite de données,True,France métropolitaine,Inconnu,False
GOLD-0047,KeepCool,2026-07-13,MATCHED,snapshot_id,INC-59A44F04FF31,INC-59A44F04FF31,Sport,Commerce / Distribution,False,Fuite de données,Fuite de données,True,France métropolitaine,Inconnu,False
GOLD-0048,Lidl France,2026-07-13,MISSING,,INC-E2D891374E13,,Commerce / Distribution,,False,Incident tiers,,False,France métropolitaine,,False
GOLD-0049,École Supérieure des Métiers de l’Immobilier,2026-07-13,MATCHED,snapshot_id,INC-2A2858828255,INC-2A2858828255,Éducation / Formation,Éducation / Formation,True,Fuite de données,Fuite de données,True,France métropolitaine,Inconnu,False
GOLD-0050,Bebeboutik,2026-07-11,MATCHED,snapshot_id,INC-1F9BE8617194,INC-1F9BE8617194,Commerce / Distribution,Inconnu,False,Fuite de données,Fuite de données,True,France métropolitaine,Inconnu,False
GOLD-0051,PPA Business School,2026-07-11,MATCHED,snapshot_id,INC-79E9E0E42B80,INC-79E9E0E42B80,Éducation / Formation,Inconnu,False,Fuite de données,Fuite de données,True,France métropolitaine,Inconnu,False
GOLD-0052,Ville de Ouangani,2026-07-10,MISSING,,INC-DEE773FAD582,,Administration / Collectivité,,False,Ransomware,,False,Mayotte,,False
GOLD-0053,Fédération Française Handisport,2026-07-09,MATCHED,snapshot_id,INC-6A9D6083CDEB,INC-6A9D6083CDEB,Sport,Inconnu,False,Fuite de données,Fuite de données,True,France métropolitaine,Inconnu,False
GOLD-0054,Pays du Mont-Blanc,2026-07-09,MATCHED,snapshot_id,INC-48A1886DA2F7,INC-48A1886DA2F7,Administration / Collectivité,Inconnu,False,Incident tiers,Ransomware,False,France métropolitaine,Inconnu,False
GOLD-0055,École Supérieure de Génie Informatique,2026-07-09,MATCHED,snapshot_id,INC-171F220F596A,INC-171F220F596A,Éducation / Formation,Éducation / Formation,True,Fuite de données,Fuite de données,True,France métropolitaine,Inconnu,False
GOLD-0056,Ministère de la Culture,2026-07-08,MATCHED,snapshot_id,INC-E814197D976B,INC-E814197D976B,Administration / Collectivité,Administration / Collectivité,True,Fuite de données,Phishing / fraude,False,France métropolitaine,Inconnu,False
GOLD-0057,Télécom Saint-Étienne,2026-07-08,MATCHED,snapshot_id,INC-8D8FDF029408,INC-8D8FDF029408,Éducation / Formation,Numérique / Technologie,False,Fuite de données,Fuite de données,True,France métropolitaine,Inconnu,False
GOLD-0058,1001Coques,2026-07-07,MATCHED,snapshot_id,INC-86062736264A,INC-86062736264A,Commerce / Distribution,Numérique / Technologie,False,Fuite de données,Fuite de données,True,France métropolitaine,Inconnu,False
GOLD-0059,ENS Paris-Saclay,2026-07-07,MATCHED,snapshot_id,INC-EEDEA7EC3595,INC-EEDEA7EC3595,Éducation / Formation,Inconnu,False,Fuite de données,Fuite de données,True,France métropolitaine,France métropolitaine,True
GOLD-0060,Espaces Atypiques,2026-07-06,MATCHED,snapshot_id,INC-BFE7FA130189,INC-BFE7FA130189,Construction / BTP,Construction / BTP,True,Fuite de données,Fuite de données,True,France métropolitaine,France métropolitaine,True
GOLD-0061,IAD Group,2026-07-03,MATCHED,snapshot_id,INC-F65B640D74E9,INC-F65B640D74E9,Construction / BTP,Construction / BTP,True,Fuite de données,Fuite de données,True,France métropolitaine,Inconnu,False
GOLD-0062,Police Municipale Le Pontet,2026-07-01,MATCHED,snapshot_id,INC-4D61E266907A,INC-4D61E266907A,Administration / Collectivité,Administration / Collectivité,True,Fuite de données,Fuite de données,True,France métropolitaine,Inconnu,False
GOLD-0064,Air Corsica,2026-06-29,MATCHED,snapshot_id,INC-871A659D5296,INC-871A659D5296,Transport / Logistique,Inconnu,False,Fuite de données,Fuite de données,True,France métropolitaine,Inconnu,False
GOLD-0065,Axonaut,2026-06-29,MATCHED,snapshot_id,INC-2673611A058B,INC-2673611A058B,Numérique / Technologie,Inconnu,False,Fuite de données,Fuite de données,True,France métropolitaine,La Réunion,False
GOLD-0066,CapiFrance,2026-06-29,MATCHED,snapshot_id,INC-FABC6345C6E5,INC-FABC6345C6E5,Construction / BTP,Inconnu,False,Fuite de données,Fuite de données,True,France métropolitaine,France métropolitaine,True
GOLD-0067,Ministère des Sports,2026-06-26,MATCHED,snapshot_id,INC-B9C4EBD81CBB,INC-B9C4EBD81CBB,Administration / Collectivité,Administration / Collectivité,True,Fuite de données,Fuite de données,True,France métropolitaine,Inconnu,False
GOLD-0068,Fédération Hospitalière de France,2026-06-24,MATCHED,snapshot_id,INC-AB7E14BBE82D,INC-AB7E14BBE82D,Santé,Inconnu,False,Fuite de données,Fuite de données,True,France métropolitaine,Inconnu,False
GOLD-0069,Century 21 France,2026-06-23,MISSING,,INC-1D0F1D8E33D5,,Construction / BTP,,False,Fuite de données,,False,France métropolitaine,,False
GOLD-0070,RATP,2026-06-14,MATCHED,snapshot_id,INC-2686144A82CB,INC-2686144A82CB,Transport / Logistique,Inconnu,False,Fuite de données,Phishing / fraude,False,France métropolitaine,Inconnu,False
GOLD-0071,SSTRN,2026-06-14,MATCHED,snapshot_id,INC-3AED84644061,INC-3AED84644061,Santé,Inconnu,False,Fuite de données,Fuite de données,True,France métropolitaine,France métropolitaine,True
GOLD-0072,BYmyCAR,2026-06-13,MATCHED,snapshot_id,INC-FDA5CD7B3568,INC-FDA5CD7B3568,Commerce / Distribution,Inconnu,False,Incident tiers,Phishing / fraude,False,France métropolitaine,Inconnu,False
GOLD-0073,France Services,2026-06-12,MATCHED,snapshot_id,INC-335A5420ECBD,INC-335A5420ECBD,Administration / Collectivité,Inconnu,False,Fuite de données,Fuite de données,True,France métropolitaine,Inconnu,False
GOLD-0074,Profil Search,2026-05-03,MATCHED,snapshot_id,INC-930F9D0A0F2B,INC-930F9D0A0F2B,Services aux entreprises,Services aux entreprises,True,Fuite de données,Fuite de données,True,France métropolitaine,Inconnu,False
GOLD-0075,Easy Cash,2026-04-30,MATCHED,snapshot_id,INC-35553C97DCD2,INC-35553C97DCD2,Commerce / Distribution,Commerce / Distribution,True,Fuite de données,Fuite de données,True,France métropolitaine,France métropolitaine,True
GOLD-0076,Umanens,2026-04-30,MATCHED,snapshot_id,INC-AF81E2A4DD6C,INC-AF81E2A4DD6C,Finance / Assurance,Inconnu,False,Fuite de données,Fuite de données,True,France métropolitaine,France métropolitaine,True
GOLD-0077,Yomoni,2026-04-30,MATCHED,snapshot_id,INC-101CC5166D0C,INC-101CC5166D0C,Finance / Assurance,Inconnu,False,Fuite de données,Fuite de données,True,France métropolitaine,Inconnu,False
GOLD-0078,Boulangerie Ange,2026-04-29,MATCHED,snapshot_id,INC-7CF147BD04D4,INC-7CF147BD04D4,Commerce / Distribution,Inconnu,False,Fuite de données,Fuite de données,True,France métropolitaine,Inconnu,False
GOLD-0080,Ville de Saint-Étienne,2026-04-29,MISSING,,INC-8D883B4708E9,,Administration / Collectivité,,False,Incident tiers,,False,France métropolitaine,,False
GOLD-0081,Bordeaux Métropole,2026-04-27,MATCHED,snapshot_id,INC-69D8F5ECA6CA,INC-69D8F5ECA6CA,Administration / Collectivité,Inconnu,False,Fuite de données,Phishing / fraude,False,France métropolitaine,Inconnu,False
GOLD-0082,Bazar du Manga,2026-04-17,MATCHED,snapshot_id,INC-ACFA66122429,INC-ACFA66122429,Commerce / Distribution,Commerce / Distribution,True,Fuite de données,Fuite de données,True,France métropolitaine,France métropolitaine,True
GOLD-0083,Fédération Française de Basketball,2026-04-17,MISSING,,INC-D0FA7243DA4D,,Sport,,False,Fuite de données,,False,France métropolitaine,,False
GOLD-0084,Moulin Roty,2026-04-17,MATCHED,snapshot_id,INC-799E8962A7F9,INC-799E8962A7F9,Industrie / Manufacture,Industrie / Manufacture,True,Fuite de données,Fuite de données,True,France métropolitaine,France métropolitaine,True
GOLD-0085,Assuréa,2026-04-15,MATCHED,snapshot_id,INC-F8D163C19511,INC-F8D163C19511,Finance / Assurance,Inconnu,False,Fuite de données,Fuite de données,True,France métropolitaine,Inconnu,False
GOLD-0086,Basic-Fit France,2026-04-13,MISSING,,INC-078CC98F8D6F,,Sport,,False,Fuite de données,,False,France métropolitaine,,False
GOLD-0087,ImmoJeune,2026-04-13,MATCHED,snapshot_id,INC-E6BDE621A4F3,INC-E6BDE621A4F3,Construction / BTP,Inconnu,False,Intrusion,Fuite de données,False,France métropolitaine,France métropolitaine,True
GOLD-0088,GUEGUEN Avocats,2026-04-20,MATCHED,snapshot_id,INC-6EF67E928EC9,INC-6EF67E928EC9,Services aux entreprises,Inconnu,False,Ransomware,Ransomware,True,France métropolitaine,France métropolitaine,True
GOLD-0089,Université Bourgogne Europe,2026-04-19,MISSING,,INC-4FB6DADA12C8,,Éducation / Formation,,False,Fuite de données,,False,France métropolitaine,,False
GOLD-0090,Cerballiance,2026-03-25,MATCHED,snapshot_id,INC-C285EADB1436,INC-C285EADB1436,Santé,Inconnu,False,Fuite de données,Fuite de données,True,France métropolitaine,France métropolitaine,True
GOLD-0091,Crous,2026-03-24,MATCHED,snapshot_id,INC-C70121191014,INC-C70121191014,Administration / Collectivité,Construction / BTP,False,Fuite de données,Fuite de données,True,France métropolitaine,France métropolitaine,True
GOLD-0092,Métropole Aix-Marseille-Provence,2026-03-24,MISSING,,INC-6724236E07AC,,Administration / Collectivité,,False,Fuite de données,,False,France métropolitaine,,False
GOLD-0093,STOR Solutions,2026-04-24,MATCHED,snapshot_id,INC-73E635BC9E27,INC-73E635BC9E27,Numérique / Technologie,Numérique / Technologie,True,Intrusion,Intrusion,True,La Réunion,La Réunion,True
GOLD-0094,Orange Madagascar,2026-03-06,MATCHED,snapshot_id,INC-09BBD7F9B544,INC-09BBD7F9B544,Numérique / Technologie,Numérique / Technologie,True,Ransomware,Ransomware,True,Madagascar,Madagascar,True
GOLD-0095,Mairie de Fumel,2026-02-13,MATCHED,snapshot_id,INC-2DFFDBE5B299,INC-2DFFDBE5B299,Administration / Collectivité,Administration / Collectivité,True,Ransomware,Ransomware,True,France métropolitaine,France métropolitaine,True
GOLD-0096,DGFiP,2026-02-18,MATCHED,snapshot_id,INC-42F11737455B,INC-42F11737455B,Administration / Collectivité,Administration / Collectivité,True,Compromission de compte / messagerie,Fuite de données,False,France métropolitaine,France métropolitaine,True
GOLD-0097,ARS,2026-02-05,MISSING,,INC-502F3948A14D,,Administration / Collectivité,,False,Fuite de données,,False,France métropolitaine,,False
GOLD-0098,Fédération Française de Randonnée,2026-02-05,MISSING,,INC-2AC2F68DE9C3,,Sport,,False,Fuite de données,,False,France métropolitaine,,False
GOLD-0099,Eiffage,2026-03-01,MATCHED,snapshot_id,INC-BCF8B8305BBC,INC-BCF8B8305BBC,Construction / BTP,Transport / Logistique,False,Ransomware,Ransomware,True,France métropolitaine,France métropolitaine,True
GOLD-0100,Rogers Capital,2026-01-14,MATCHED,snapshot_id,INC-D3948486A973,INC-D3948486A973,Finance / Assurance,Finance / Assurance,True,Ransomware,Ransomware,True,Maurice,Maurice,True
