Severity,Code,Golden_ID,Related_Golden_ID,Field,Current_Value,Suggested_Value,Message
WARN,GENERIC_EVIDENCE,GOLD-0001,,Localisation,France métropolitaine,,preuve générique : la décision n'est pas suffisamment ré-exécutable
WARN,GENERIC_EVIDENCE,GOLD-0002,,Localisation,France métropolitaine,,preuve générique : la décision n'est pas suffisamment ré-exécutable
WARN,GENERIC_EVIDENCE,GOLD-0003,,Localisation,France métropolitaine,,preuve générique : la décision n'est pas suffisamment ré-exécutable
WARN,GENERIC_EVIDENCE,GOLD-0004,,Menace,Fuite de données,,preuve générique : la décision n'est pas suffisamment ré-exécutable
WARN,GENERIC_EVIDENCE,GOLD-0004,,Localisation,France métropolitaine,,preuve générique : la décision n'est pas suffisamment ré-exécutable
WARN,GENERIC_EVIDENCE,GOLD-0005,,Menace,Fuite de données,,preuve générique : la décision n'est pas suffisamment ré-exécutable
WARN,GENERIC_EVIDENCE,GOLD-0005,,Localisation,France métropolitaine,,preuve générique : la décision n'est pas suffisamment ré-exécutable
WARN,HIGH_WITHOUT_SOURCE_URL,GOLD-0006,,,,,au moins un champ HIGH sans URL de source rejouable
WARN,GENERIC_EVIDENCE,GOLD-0006,,Menace,Fuite de données,,preuve générique : la décision n'est pas suffisamment ré-exécutable
WARN,GENERIC_EVIDENCE,GOLD-0006,,Localisation,France métropolitaine,,preuve générique : la décision n'est pas suffisamment ré-exécutable
WARN,GENERIC_EVIDENCE,GOLD-0007,,Localisation,France métropolitaine,,preuve générique : la décision n'est pas suffisamment ré-exécutable
WARN,GENERIC_EVIDENCE,GOLD-0008,,Localisation,France métropolitaine,,preuve générique : la décision n'est pas suffisamment ré-exécutable
WARN,GENERIC_EVIDENCE,GOLD-0009,,Localisation,France métropolitaine,,preuve générique : la décision n'est pas suffisamment ré-exécutable
WARN,GENERIC_EVIDENCE,GOLD-0010,,Localisation,France métropolitaine,,preuve générique : la décision n'est pas suffisamment ré-exécutable
WARN,GENERIC_EVIDENCE,GOLD-0011,,Localisation,France métropolitaine,,preuve générique : la décision n'est pas suffisamment ré-exécutable
WARN,HIGH_WITHOUT_SOURCE_URL,GOLD-0012,,,,,au moins un champ HIGH sans URL de source rejouable
WARN,GENERIC_EVIDENCE,GOLD-0012,,Menace,Fuite de données,,preuve générique : la décision n'est pas suffisamment ré-exécutable
WARN,GENERIC_EVIDENCE,GOLD-0012,,Localisation,France métropolitaine,,preuve générique : la décision n'est pas suffisamment ré-exécutable
WARN,GENERIC_EVIDENCE,GOLD-0013,,Localisation,France métropolitaine,,preuve générique : la décision n'est pas suffisamment ré-exécutable
WARN,GENERIC_EVIDENCE,GOLD-0014,,Localisation,France métropolitaine,,preuve générique : la décision n'est pas suffisamment ré-exécutable
WARN,HIGH_WITHOUT_SOURCE_URL,GOLD-0015,,,,,au moins un champ HIGH sans URL de source rejouable
WARN,GENERIC_EVIDENCE,GOLD-0015,,Menace,Fuite de données,,preuve générique : la décision n'est pas suffisamment ré-exécutable
WARN,GENERIC_EVIDENCE,GOLD-0015,,Localisation,France métropolitaine,,preuve générique : la décision n'est pas suffisamment ré-exécutable
WARN,GENERIC_EVIDENCE,GOLD-0016,,Localisation,France métropolitaine,,preuve générique : la décision n'est pas suffisamment ré-exécutable
WARN,GENERIC_EVIDENCE,GOLD-0017,,Localisation,France métropolitaine,,preuve générique : la décision n'est pas suffisamment ré-exécutable
WARN,GENERIC_EVIDENCE,GOLD-0018,,Localisation,France métropolitaine,,preuve générique : la décision n'est pas suffisamment ré-exécutable
WARN,THREAT_POLICY_MISMATCH,GOLD-0018,,Menace,Compromission de compte / messagerie,Fuite de données,la preuve textuelle suggère une classe spécifique prioritaire différente
WARN,GENERIC_EVIDENCE,GOLD-0019,,Localisation,France métropolitaine,,preuve générique : la décision n'est pas suffisamment ré-exécutable
WARN,GENERIC_EVIDENCE,GOLD-0020,,Localisation,France métropolitaine,,preuve générique : la décision n'est pas suffisamment ré-exécutable
WARN,GENERIC_EVIDENCE,GOLD-0021,,Localisation,France métropolitaine,,preuve générique : la décision n'est pas suffisamment ré-exécutable
WARN,HIGH_WITHOUT_SOURCE_URL,GOLD-0022,,,,,au moins un champ HIGH sans URL de source rejouable
WARN,GENERIC_EVIDENCE,GOLD-0022,,Menace,Fuite de données,,preuve générique : la décision n'est pas suffisamment ré-exécutable
WARN,GENERIC_EVIDENCE,GOLD-0022,,Localisation,France métropolitaine,,preuve générique : la décision n'est pas suffisamment ré-exécutable
WARN,GENERIC_EVIDENCE,GOLD-0023,,Localisation,France métropolitaine,,preuve générique : la décision n'est pas suffisamment ré-exécutable
WARN,HIGH_WITHOUT_SOURCE_URL,GOLD-0024,,,,,au moins un champ HIGH sans URL de source rejouable
WARN,GENERIC_EVIDENCE,GOLD-0024,,Menace,Fuite de données,,preuve générique : la décision n'est pas suffisamment ré-exécutable
WARN,GENERIC_EVIDENCE,GOLD-0024,,Localisation,France métropolitaine,,preuve générique : la décision n'est pas suffisamment ré-exécutable
WARN,GENERIC_EVIDENCE,GOLD-0025,,Localisation,France métropolitaine,,preuve générique : la décision n'est pas suffisamment ré-exécutable
WARN,GENERIC_EVIDENCE,GOLD-0026,,Localisation,France métropolitaine,,preuve générique : la décision n'est pas suffisamment ré-exécutable
WARN,HIGH_WITHOUT_SOURCE_URL,GOLD-0027,,,,,au moins un champ HIGH sans URL de source rejouable
WARN,GENERIC_EVIDENCE,GOLD-0027,,Menace,Fuite de données,,preuve générique : la décision n'est pas suffisamment ré-exécutable
WARN,GENERIC_EVIDENCE,GOLD-0027,,Localisation,France métropolitaine,,preuve générique : la décision n'est pas suffisamment ré-exécutable
WARN,GENERIC_EVIDENCE,GOLD-0028,,Localisation,France métropolitaine,,preuve générique : la décision n'est pas suffisamment ré-exécutable
WARN,HIGH_WITHOUT_SOURCE_URL,GOLD-0029,,,,,au moins un champ HIGH sans URL de source rejouable
WARN,GENERIC_EVIDENCE,GOLD-0029,,Menace,Fuite de données,,preuve générique : la décision n'est pas suffisamment ré-exécutable
WARN,GENERIC_EVIDENCE,GOLD-0029,,Localisation,France métropolitaine,,preuve générique : la décision n'est pas suffisamment ré-exécutable
WARN,GENERIC_EVIDENCE,GOLD-0030,,Localisation,France métropolitaine,,preuve générique : la décision n'est pas suffisamment ré-exécutable
WARN,HIGH_WITHOUT_SOURCE_URL,GOLD-0031,,,,,au moins un champ HIGH sans URL de source rejouable
WARN,GENERIC_EVIDENCE,GOLD-0031,,Menace,Fuite de données,,preuve générique : la décision n'est pas suffisamment ré-exécutable
WARN,GENERIC_EVIDENCE,GOLD-0031,,Localisation,France métropolitaine,,preuve générique : la décision n'est pas suffisamment ré-exécutable
WARN,HIGH_WITHOUT_SOURCE_URL,GOLD-0032,,,,,au moins un champ HIGH sans URL de source rejouable
WARN,GENERIC_EVIDENCE,GOLD-0032,,Menace,Fuite de données,,preuve générique : la décision n'est pas suffisamment ré-exécutable
WARN,GENERIC_EVIDENCE,GOLD-0032,,Localisation,France métropolitaine,,preuve générique : la décision n'est pas suffisamment ré-exécutable
WARN,GENERIC_EVIDENCE,GOLD-0033,,Localisation,France métropolitaine,,preuve générique : la décision n'est pas suffisamment ré-exécutable
WARN,HIGH_WITHOUT_SOURCE_URL,GOLD-0034,,,,,au moins un champ HIGH sans URL de source rejouable
WARN,GENERIC_EVIDENCE,GOLD-0034,,Menace,Fuite de données,,preuve générique : la décision n'est pas suffisamment ré-exécutable
WARN,GENERIC_EVIDENCE,GOLD-0034,,Localisation,France métropolitaine,,preuve générique : la décision n'est pas suffisamment ré-exécutable
WARN,HIGH_WITHOUT_SOURCE_URL,GOLD-0035,,,,,au moins un champ HIGH sans URL de source rejouable
WARN,GENERIC_EVIDENCE,GOLD-0035,,Menace,Fuite de données,,preuve générique : la décision n'est pas suffisamment ré-exécutable
WARN,GENERIC_EVIDENCE,GOLD-0035,,Localisation,France métropolitaine,,preuve générique : la décision n'est pas suffisamment ré-exécutable
WARN,GENERIC_EVIDENCE,GOLD-0036,,Localisation,France métropolitaine,,preuve générique : la décision n'est pas suffisamment ré-exécutable
WARN,HIGH_WITHOUT_SOURCE_URL,GOLD-0037,,,,,au moins un champ HIGH sans URL de source rejouable
WARN,GENERIC_EVIDENCE,GOLD-0037,,Menace,Fuite de données,,preuve générique : la décision n'est pas suffisamment ré-exécutable
WARN,GENERIC_EVIDENCE,GOLD-0037,,Localisation,France métropolitaine,,preuve générique : la décision n'est pas suffisamment ré-exécutable
WARN,GENERIC_EVIDENCE,GOLD-0038,,Localisation,France métropolitaine,,preuve générique : la décision n'est pas suffisamment ré-exécutable
WARN,GENERIC_EVIDENCE,GOLD-0039,,Localisation,France métropolitaine,,preuve générique : la décision n'est pas suffisamment ré-exécutable
WARN,HIGH_WITHOUT_SOURCE_URL,GOLD-0040,,,,,au moins un champ HIGH sans URL de source rejouable
WARN,GENERIC_EVIDENCE,GOLD-0040,,Menace,Fuite de données,,preuve générique : la décision n'est pas suffisamment ré-exécutable
WARN,GENERIC_EVIDENCE,GOLD-0040,,Localisation,France métropolitaine,,preuve générique : la décision n'est pas suffisamment ré-exécutable
WARN,GENERIC_EVIDENCE,GOLD-0041,,Localisation,France métropolitaine,,preuve générique : la décision n'est pas suffisamment ré-exécutable
WARN,HIGH_WITHOUT_SOURCE_URL,GOLD-0043,,,,,au moins un champ HIGH sans URL de source rejouable
WARN,GENERIC_EVIDENCE,GOLD-0043,,Menace,Fuite de données,,preuve générique : la décision n'est pas suffisamment ré-exécutable
WARN,GENERIC_EVIDENCE,GOLD-0043,,Localisation,France métropolitaine,,preuve générique : la décision n'est pas suffisamment ré-exécutable
WARN,GENERIC_EVIDENCE,GOLD-0045,,Localisation,France métropolitaine,,preuve générique : la décision n'est pas suffisamment ré-exécutable
WARN,HIGH_WITHOUT_SOURCE_URL,GOLD-0046,,,,,au moins un champ HIGH sans URL de source rejouable
WARN,GENERIC_EVIDENCE,GOLD-0046,,Menace,Fuite de données,,preuve générique : la décision n'est pas suffisamment ré-exécutable
WARN,GENERIC_EVIDENCE,GOLD-0046,,Localisation,France métropolitaine,,preuve générique : la décision n'est pas suffisamment ré-exécutable
WARN,HIGH_WITHOUT_SOURCE_URL,GOLD-0047,,,,,au moins un champ HIGH sans URL de source rejouable
WARN,GENERIC_EVIDENCE,GOLD-0047,,Menace,Fuite de données,,preuve générique : la décision n'est pas suffisamment ré-exécutable
WARN,GENERIC_EVIDENCE,GOLD-0047,,Localisation,France métropolitaine,,preuve générique : la décision n'est pas suffisamment ré-exécutable
WARN,GENERIC_EVIDENCE,GOLD-0048,,Localisation,France métropolitaine,,preuve générique : la décision n'est pas suffisamment ré-exécutable
WARN,HIGH_WITHOUT_SOURCE_URL,GOLD-0049,,,,,au moins un champ HIGH sans URL de source rejouable
WARN,GENERIC_EVIDENCE,GOLD-0049,,Menace,Fuite de données,,preuve générique : la décision n'est pas suffisamment ré-exécutable
WARN,GENERIC_EVIDENCE,GOLD-0049,,Localisation,France métropolitaine,,preuve générique : la décision n'est pas suffisamment ré-exécutable
WARN,HIGH_WITHOUT_SOURCE_URL,GOLD-0050,,,,,au moins un champ HIGH sans URL de source rejouable
WARN,GENERIC_EVIDENCE,GOLD-0050,,Menace,Fuite de données,,preuve générique : la décision n'est pas suffisamment ré-exécutable
WARN,GENERIC_EVIDENCE,GOLD-0050,,Localisation,France métropolitaine,,preuve générique : la décision n'est pas suffisamment ré-exécutable
WARN,HIGH_WITHOUT_SOURCE_URL,GOLD-0051,,,,,au moins un champ HIGH sans URL de source rejouable
WARN,GENERIC_EVIDENCE,GOLD-0051,,Menace,Fuite de données,,preuve générique : la décision n'est pas suffisamment ré-exécutable
WARN,GENERIC_EVIDENCE,GOLD-0051,,Localisation,France métropolitaine,,preuve générique : la décision n'est pas suffisamment ré-exécutable
WARN,HIGH_WITHOUT_SOURCE_URL,GOLD-0053,,,,,au moins un champ HIGH sans URL de source rejouable
WARN,GENERIC_EVIDENCE,GOLD-0053,,Menace,Fuite de données,,preuve générique : la décision n'est pas suffisamment ré-exécutable
WARN,GENERIC_EVIDENCE,GOLD-0053,,Localisation,France métropolitaine,,preuve générique : la décision n'est pas suffisamment ré-exécutable
WARN,GENERIC_EVIDENCE,GOLD-0054,,Localisation,France métropolitaine,,preuve générique : la décision n'est pas suffisamment ré-exécutable
WARN,HIGH_WITHOUT_SOURCE_URL,GOLD-0055,,,,,au moins un champ HIGH sans URL de source rejouable
WARN,GENERIC_EVIDENCE,GOLD-0055,,Menace,Fuite de données,,preuve générique : la décision n'est pas suffisamment ré-exécutable
WARN,GENERIC_EVIDENCE,GOLD-0055,,Localisation,France métropolitaine,,preuve générique : la décision n'est pas suffisamment ré-exécutable
WARN,GENERIC_EVIDENCE,GOLD-0056,,Localisation,France métropolitaine,,preuve générique : la décision n'est pas suffisamment ré-exécutable
WARN,HIGH_WITHOUT_SOURCE_URL,GOLD-0057,,,,,au moins un champ HIGH sans URL de source rejouable
WARN,GENERIC_EVIDENCE,GOLD-0057,,Menace,Fuite de données,,preuve générique : la décision n'est pas suffisamment ré-exécutable
WARN,GENERIC_EVIDENCE,GOLD-0057,,Localisation,France métropolitaine,,preuve générique : la décision n'est pas suffisamment ré-exécutable
WARN,HIGH_WITHOUT_SOURCE_URL,GOLD-0058,,,,,au moins un champ HIGH sans URL de source rejouable
WARN,GENERIC_EVIDENCE,GOLD-0058,,Menace,Fuite de données,,preuve générique : la décision n'est pas suffisamment ré-exécutable
WARN,GENERIC_EVIDENCE,GOLD-0058,,Localisation,France métropolitaine,,preuve générique : la décision n'est pas suffisamment ré-exécutable
WARN,HIGH_WITHOUT_SOURCE_URL,GOLD-0059,,,,,au moins un champ HIGH sans URL de source rejouable
WARN,GENERIC_EVIDENCE,GOLD-0059,,Menace,Fuite de données,,preuve générique : la décision n'est pas suffisamment ré-exécutable
WARN,GENERIC_EVIDENCE,GOLD-0059,,Localisation,France métropolitaine,,preuve générique : la décision n'est pas suffisamment ré-exécutable
WARN,HIGH_WITHOUT_SOURCE_URL,GOLD-0060,,,,,au moins un champ HIGH sans URL de source rejouable
WARN,GENERIC_EVIDENCE,GOLD-0060,,Menace,Fuite de données,,preuve générique : la décision n'est pas suffisamment ré-exécutable
WARN,GENERIC_EVIDENCE,GOLD-0060,,Localisation,France métropolitaine,,preuve générique : la décision n'est pas suffisamment ré-exécutable
WARN,GENERIC_EVIDENCE,GOLD-0061,,Localisation,France métropolitaine,,preuve générique : la décision n'est pas suffisamment ré-exécutable
WARN,HIGH_WITHOUT_SOURCE_URL,GOLD-0062,,,,,au moins un champ HIGH sans URL de source rejouable
WARN,GENERIC_EVIDENCE,GOLD-0062,,Menace,Fuite de données,,preuve générique : la décision n'est pas suffisamment ré-exécutable
WARN,GENERIC_EVIDENCE,GOLD-0062,,Localisation,France métropolitaine,,preuve générique : la décision n'est pas suffisamment ré-exécutable
WARN,HIGH_WITHOUT_SOURCE_URL,GOLD-0064,,,,,au moins un champ HIGH sans URL de source rejouable
WARN,GENERIC_EVIDENCE,GOLD-0064,,Menace,Fuite de données,,preuve générique : la décision n'est pas suffisamment ré-exécutable
WARN,GENERIC_EVIDENCE,GOLD-0064,,Localisation,France métropolitaine,,preuve générique : la décision n'est pas suffisamment ré-exécutable
WARN,HIGH_WITHOUT_SOURCE_URL,GOLD-0066,,,,,au moins un champ HIGH sans URL de source rejouable
WARN,GENERIC_EVIDENCE,GOLD-0066,,Menace,Fuite de données,,preuve générique : la décision n'est pas suffisamment ré-exécutable
WARN,GENERIC_EVIDENCE,GOLD-0066,,Localisation,France métropolitaine,,preuve générique : la décision n'est pas suffisamment ré-exécutable
WARN,HIGH_WITHOUT_SOURCE_URL,GOLD-0067,,,,,au moins un champ HIGH sans URL de source rejouable
WARN,GENERIC_EVIDENCE,GOLD-0067,,Menace,Fuite de données,,preuve générique : la décision n'est pas suffisamment ré-exécutable
WARN,GENERIC_EVIDENCE,GOLD-0067,,Localisation,France métropolitaine,,preuve générique : la décision n'est pas suffisamment ré-exécutable
WARN,HIGH_WITHOUT_SOURCE_URL,GOLD-0068,,,,,au moins un champ HIGH sans URL de source rejouable
WARN,GENERIC_EVIDENCE,GOLD-0068,,Menace,Fuite de données,,preuve générique : la décision n'est pas suffisamment ré-exécutable
WARN,GENERIC_EVIDENCE,GOLD-0068,,Localisation,France métropolitaine,,preuve générique : la décision n'est pas suffisamment ré-exécutable
WARN,HIGH_WITHOUT_SOURCE_URL,GOLD-0069,,,,,au moins un champ HIGH sans URL de source rejouable
WARN,GENERIC_EVIDENCE,GOLD-0069,,Menace,Fuite de données,,preuve générique : la décision n'est pas suffisamment ré-exécutable
WARN,GENERIC_EVIDENCE,GOLD-0069,,Localisation,France métropolitaine,,preuve générique : la décision n'est pas suffisamment ré-exécutable
WARN,GENERIC_EVIDENCE,GOLD-0070,,Localisation,France métropolitaine,,preuve générique : la décision n'est pas suffisamment ré-exécutable
WARN,GENERIC_EVIDENCE,GOLD-0072,,Localisation,France métropolitaine,,preuve générique : la décision n'est pas suffisamment ré-exécutable
WARN,HIGH_WITHOUT_SOURCE_URL,GOLD-0073,,,,,au moins un champ HIGH sans URL de source rejouable
WARN,GENERIC_EVIDENCE,GOLD-0073,,Menace,Fuite de données,,preuve générique : la décision n'est pas suffisamment ré-exécutable
WARN,GENERIC_EVIDENCE,GOLD-0073,,Localisation,France métropolitaine,,preuve générique : la décision n'est pas suffisamment ré-exécutable
WARN,HIGH_WITHOUT_SOURCE_URL,GOLD-0074,,,,,au moins un champ HIGH sans URL de source rejouable
WARN,GENERIC_EVIDENCE,GOLD-0074,,Menace,Fuite de données,,preuve générique : la décision n'est pas suffisamment ré-exécutable
WARN,GENERIC_EVIDENCE,GOLD-0074,,Localisation,France métropolitaine,,preuve générique : la décision n'est pas suffisamment ré-exécutable
WARN,HIGH_WITHOUT_SOURCE_URL,GOLD-0075,,,,,au moins un champ HIGH sans URL de source rejouable
WARN,GENERIC_EVIDENCE,GOLD-0075,,Menace,Fuite de données,,preuve générique : la décision n'est pas suffisamment ré-exécutable
WARN,GENERIC_EVIDENCE,GOLD-0075,,Localisation,France métropolitaine,,preuve générique : la décision n'est pas suffisamment ré-exécutable
WARN,HIGH_WITHOUT_SOURCE_URL,GOLD-0076,,,,,au moins un champ HIGH sans URL de source rejouable
WARN,GENERIC_EVIDENCE,GOLD-0076,,Menace,Fuite de données,,preuve générique : la décision n'est pas suffisamment ré-exécutable
WARN,HIGH_WITHOUT_SOURCE_URL,GOLD-0077,,,,,au moins un champ HIGH sans URL de source rejouable
WARN,GENERIC_EVIDENCE,GOLD-0077,,Menace,Fuite de données,,preuve générique : la décision n'est pas suffisamment ré-exécutable
WARN,GENERIC_EVIDENCE,GOLD-0077,,Localisation,France métropolitaine,,preuve générique : la décision n'est pas suffisamment ré-exécutable
WARN,HIGH_WITHOUT_SOURCE_URL,GOLD-0078,,,,,au moins un champ HIGH sans URL de source rejouable
WARN,GENERIC_EVIDENCE,GOLD-0078,,Menace,Fuite de données,,preuve générique : la décision n'est pas suffisamment ré-exécutable
WARN,GENERIC_EVIDENCE,GOLD-0078,,Localisation,France métropolitaine,,preuve générique : la décision n'est pas suffisamment ré-exécutable
WARN,GENERIC_EVIDENCE,GOLD-0080,,Localisation,France métropolitaine,,preuve générique : la décision n'est pas suffisamment ré-exécutable
WARN,GENERIC_EVIDENCE,GOLD-0081,,Localisation,France métropolitaine,,preuve générique : la décision n'est pas suffisamment ré-exécutable
WARN,HIGH_WITHOUT_SOURCE_URL,GOLD-0082,,,,,au moins un champ HIGH sans URL de source rejouable
WARN,GENERIC_EVIDENCE,GOLD-0082,,Menace,Fuite de données,,preuve générique : la décision n'est pas suffisamment ré-exécutable
WARN,GENERIC_EVIDENCE,GOLD-0082,,Localisation,France métropolitaine,,preuve générique : la décision n'est pas suffisamment ré-exécutable
WARN,HIGH_WITHOUT_SOURCE_URL,GOLD-0083,,,,,au moins un champ HIGH sans URL de source rejouable
WARN,GENERIC_EVIDENCE,GOLD-0083,,Menace,Fuite de données,,preuve générique : la décision n'est pas suffisamment ré-exécutable
WARN,GENERIC_EVIDENCE,GOLD-0083,,Localisation,France métropolitaine,,preuve générique : la décision n'est pas suffisamment ré-exécutable
WARN,HIGH_WITHOUT_SOURCE_URL,GOLD-0084,,,,,au moins un champ HIGH sans URL de source rejouable
WARN,GENERIC_EVIDENCE,GOLD-0084,,Menace,Fuite de données,,preuve générique : la décision n'est pas suffisamment ré-exécutable
WARN,GENERIC_EVIDENCE,GOLD-0084,,Localisation,France métropolitaine,,preuve générique : la décision n'est pas suffisamment ré-exécutable
WARN,HIGH_WITHOUT_SOURCE_URL,GOLD-0085,,,,,au moins un champ HIGH sans URL de source rejouable
WARN,GENERIC_EVIDENCE,GOLD-0085,,Menace,Fuite de données,,preuve générique : la décision n'est pas suffisamment ré-exécutable
WARN,GENERIC_EVIDENCE,GOLD-0085,,Localisation,France métropolitaine,,preuve générique : la décision n'est pas suffisamment ré-exécutable
WARN,HIGH_WITHOUT_SOURCE_URL,GOLD-0086,,,,,au moins un champ HIGH sans URL de source rejouable
WARN,GENERIC_EVIDENCE,GOLD-0086,,Menace,Fuite de données,,preuve générique : la décision n'est pas suffisamment ré-exécutable
WARN,GENERIC_EVIDENCE,GOLD-0086,,Localisation,France métropolitaine,,preuve générique : la décision n'est pas suffisamment ré-exécutable
WARN,GENERIC_EVIDENCE,GOLD-0087,,Localisation,France métropolitaine,,preuve générique : la décision n'est pas suffisamment ré-exécutable
WARN,GENERIC_EVIDENCE,GOLD-0088,,Localisation,France métropolitaine,,preuve générique : la décision n'est pas suffisamment ré-exécutable
WARN,HIGH_WITHOUT_SOURCE_URL,GOLD-0089,,,,,au moins un champ HIGH sans URL de source rejouable
WARN,GENERIC_EVIDENCE,GOLD-0089,,Menace,Fuite de données,,preuve générique : la décision n'est pas suffisamment ré-exécutable
WARN,GENERIC_EVIDENCE,GOLD-0089,,Localisation,France métropolitaine,,preuve générique : la décision n'est pas suffisamment ré-exécutable
WARN,HIGH_WITHOUT_SOURCE_URL,GOLD-0090,,,,,au moins un champ HIGH sans URL de source rejouable
WARN,GENERIC_EVIDENCE,GOLD-0090,,Menace,Fuite de données,,preuve générique : la décision n'est pas suffisamment ré-exécutable
WARN,GENERIC_EVIDENCE,GOLD-0090,,Localisation,France métropolitaine,,preuve générique : la décision n'est pas suffisamment ré-exécutable
WARN,GENERIC_EVIDENCE,GOLD-0091,,Localisation,France métropolitaine,,preuve générique : la décision n'est pas suffisamment ré-exécutable
WARN,HIGH_WITHOUT_SOURCE_URL,GOLD-0092,,,,,au moins un champ HIGH sans URL de source rejouable
WARN,GENERIC_EVIDENCE,GOLD-0092,,Menace,Fuite de données,,preuve générique : la décision n'est pas suffisamment ré-exécutable
WARN,GENERIC_EVIDENCE,GOLD-0092,,Localisation,France métropolitaine,,preuve générique : la décision n'est pas suffisamment ré-exécutable
WARN,GENERIC_EVIDENCE,GOLD-0095,,Localisation,France métropolitaine,,preuve générique : la décision n'est pas suffisamment ré-exécutable
WARN,GENERIC_EVIDENCE,GOLD-0096,,Localisation,France métropolitaine,,preuve générique : la décision n'est pas suffisamment ré-exécutable
WARN,HIGH_WITHOUT_SOURCE_URL,GOLD-0097,,,,,au moins un champ HIGH sans URL de source rejouable
WARN,GENERIC_EVIDENCE,GOLD-0097,,Menace,Fuite de données,,preuve générique : la décision n'est pas suffisamment ré-exécutable
WARN,GENERIC_EVIDENCE,GOLD-0097,,Localisation,France métropolitaine,,preuve générique : la décision n'est pas suffisamment ré-exécutable
WARN,HIGH_WITHOUT_SOURCE_URL,GOLD-0098,,,,,au moins un champ HIGH sans URL de source rejouable
WARN,GENERIC_EVIDENCE,GOLD-0098,,Menace,Fuite de données,,preuve générique : la décision n'est pas suffisamment ré-exécutable
WARN,GENERIC_EVIDENCE,GOLD-0098,,Localisation,France métropolitaine,,preuve générique : la décision n'est pas suffisamment ré-exécutable
WARN,GENERIC_EVIDENCE,GOLD-0099,,Localisation,France métropolitaine,,preuve générique : la décision n'est pas suffisamment ré-exécutable
WARN,UNRESOLVED_REVIEW,GOLD-0063,,,,,cas exclu du benchmark tant que la revue n'est pas tranchée
