Golden_ID,Organisation,Organisation_Key,Reference_Date,Source_IDs,Source_URLs,Secteur_REF,Menace_REF,Localisation_REF,Secteur_Confidence,Menace_Confidence,Localisation_Confidence,Secteur_Evidence,Menace_Evidence,Localisation_Evidence,Incident_ID_Snapshot,Reviewed_At,Golden_Version,Taxonomy_Version
GOLD-0001,Cravero Motoculture,cravero motoculture,2026-08-16,CYBERATTAQUE_ORG | FRENCHBREACHES,https://frenchbreaches.com/alertes/cravero-motoculture-blgcloud-msv33dq9e4pzz9hsrts | https://www.cyberattaque.org/motoculture-cravero-49-168-fichiers-et-les-donnees-de-plus-de-8-500-personnes-diffuses/,Commerce / Distribution,Fuite de données,France métropolitaine,HIGH,HIGH,HIGH,Cravero Motoculture est un distributeur de matériels de motoculture et équipements agricoles.,La source décrit la publication de dizaines de milliers de fichiers et de données de milliers de personnes.,La victime est une entité française implantée ou institutionnellement rattachée à la France métropolitaine.,INC-B99CF5D2A342,2026-08-16,1,OBS-FR-OI-SIMPLE-SOURCING-8
GOLD-0002,EVY,evy,2026-08-16,CYBERATTAQUE_ORG | FRENCHBREACHES,https://frenchbreaches.com/alertes/evy-msvpts753it09fb7vvf | https://www.cyberattaque.org/evy-13-870-comptes-et-contrats-dassurance-revendiques-dans-une-fuite/,Finance / Assurance,Fuite de données,France métropolitaine,HIGH,HIGH,HIGH,EVY fournit des services d'assurance et de protection de produits.,La source décrit une revendication portant sur des comptes et contrats d'assurance divulgués.,La victime est une entité française implantée ou institutionnellement rattachée à la France métropolitaine.,INC-9F3966170CB4,2026-08-16,1,OBS-FR-OI-SIMPLE-SOURCING-8
GOLD-0003,France-Casse,france casse,2026-08-16,CYBERATTAQUE_ORG | FRENCHBREACHES,https://frenchbreaches.com/alertes/france-casse-msv87fj5v652mg9x2mn | https://www.cyberattaque.org/francecasse-500-comptes-clients-adresses-et-commandes-exposes-dans-une-nouvelle-fuite/,Commerce / Distribution,Fuite de données,France métropolitaine,HIGH,HIGH,HIGH,France-Casse est une plateforme commerciale liée aux pièces automobiles d'occasion.,"La source décrit des comptes clients, adresses et commandes exposés.",La victime est une entité française implantée ou institutionnellement rattachée à la France métropolitaine.,INC-616D0ECF3BB3,2026-08-16,1,OBS-FR-OI-SIMPLE-SOURCING-8
GOLD-0004,Fédération Française de Danse,federation francaise de danse,2026-08-16,FRENCHBREACHES,https://frenchbreaches.com/alertes/f-d-ration-fran-aise-de-danse-msvjcwu35yln9jygazd,Sport,Fuite de données,France métropolitaine,HIGH,HIGH,HIGH,Fédération sportive nationale dédiée à la danse.,L'alerte FrenchBreaches référence une violation de données attribuée à la fédération.,La victime est une entité française implantée ou institutionnellement rattachée à la France métropolitaine.,INC-C32E5C6268C,2026-08-16,1,OBS-FR-OI-SIMPLE-SOURCING-8
GOLD-0005,Fédération Française de Motocyclisme,federation francaise de motocyclisme,2026-08-16,FRENCHBREACHES,https://frenchbreaches.com/alertes/f-d-ration-fran-aise-de-motocyclisme-msvj2szkiclvx2gaoc,Sport,Fuite de données,France métropolitaine,HIGH,HIGH,HIGH,Fédération sportive nationale dédiée au motocyclisme.,L'alerte FrenchBreaches référence une violation de données attribuée à la fédération.,La victime est une entité française implantée ou institutionnellement rattachée à la France métropolitaine.,INC-8BB56F33DD82,2026-08-16,1,OBS-FR-OI-SIMPLE-SOURCING-8
GOLD-0006,Fédération Française de Karaté,federation francaise de karate,2026-08-15,FRENCHBREACHES,,Sport,Fuite de données,France métropolitaine,HIGH,HIGH,HIGH,Fédération sportive nationale dédiée au karaté.,L'alerte FrenchBreaches référence une violation de données attribuée à la fédération.,La victime est une entité française implantée ou institutionnellement rattachée à la France métropolitaine.,INC-2EC7AB82A87C,2026-08-16,1,OBS-FR-OI-SIMPLE-SOURCING-8
GOLD-0007,DGFiP,dgfip,2026-08-14,CYBERATTAQUE_ORG | FRENCHBREACHES,https://www.cyberattaque.org/dgfip-2-cyberattaque-cadastre/,Administration / Collectivité,Fuite de données,France métropolitaine,HIGH,MEDIUM,HIGH,La DGFiP est une direction de l'administration de l'État chargée des finances publiques.,La source décrit une cyberattaque revendiquée avec des données de plus de deux millions de personnes concernées.,La victime est une entité française implantée ou institutionnellement rattachée à la France métropolitaine.,INC-FDB7ABF9F4D9,2026-08-16,1,OBS-FR-OI-SIMPLE-SOURCING-8
GOLD-0008,Scalingo,scalingo,2026-08-13,CYBERATTAQUE_ORG | FRENCHBREACHES,https://www.cyberattaque.org/scalingo-les-donnees-de-90-000-personnes-volees-via-une-faille-critique-de-metabase/,Numérique / Technologie,Fuite de données,France métropolitaine,HIGH,HIGH,HIGH,Scalingo fournit une plateforme cloud d'hébergement applicatif.,Le vol et l'exfiltration de données sont établis ; la fuite est une classe plus spécifique que l'intrusion générique.,La victime est une entité française implantée ou institutionnellement rattachée à la France métropolitaine.,INC-63CD7177BA9A,2026-08-17,2,OBS-FR-OI-SIMPLE-SOURCING-8
GOLD-0009,AEFE,aefe,2026-08-11,CYBERATTAQUE_ORG | FRENCHBREACHES,https://www.cyberattaque.org/aefe-plus-de-30-000-entrees-de-lannuaire-interne-et-135-e-mails-revendiques/,Administration / Collectivité,Fuite de données,France métropolitaine,HIGH,HIGH,HIGH,L'AEFE est un établissement public chargé du réseau d'enseignement français à l'étranger.,La source décrit la revendication d'un annuaire interne et de courriels divulgués.,La victime est une entité française implantée ou institutionnellement rattachée à la France métropolitaine.,INC-A298A6DBBB1B,2026-08-16,1,OBS-FR-OI-SIMPLE-SOURCING-8
GOLD-0010,Santé publique France,sante publique france,2026-08-11,CYBERATTAQUE_ORG | FRENCHBREACHES,https://www.cyberattaque.org/sante-publique-france-pres-de-80-000-personnes-exposees-apres-une-faille/,Administration / Collectivité,Fuite de données,France métropolitaine,HIGH,HIGH,HIGH,Santé publique France est un établissement public administratif sous tutelle du ministère chargé de la Santé.,La source décrit l'exposition des données de près de 80 000 personnes après une faille.,La victime est une entité française implantée ou institutionnellement rattachée à la France métropolitaine.,INC-601D5216F01D,2026-08-16,1,OBS-FR-OI-SIMPLE-SOURCING-8
GOLD-0011,Fédération Française de Handball,federation francaise de handball,2026-08-10,CYBERATTAQUE_ORG | FRENCHBREACHES,https://www.cyberattaque.org/ffhandball-136-million-de-donnees-de-licencies-en-fuite-et-vendues-50-000-euros/,Sport,Fuite de données,France métropolitaine,HIGH,HIGH,HIGH,Fédération sportive nationale de handball.,La source décrit des données de licenciés mises en fuite et proposées à la vente.,La victime est une entité française implantée ou institutionnellement rattachée à la France métropolitaine.,INC-3879A78A2B32,2026-08-16,1,OBS-FR-OI-SIMPLE-SOURCING-8
GOLD-0012,Mairie de Sixt-sur-Aff,mairie de sixt sur aff,2026-08-10,FRENCHBREACHES,,Administration / Collectivité,Fuite de données,France métropolitaine,HIGH,HIGH,HIGH,Une mairie est une collectivité territoriale locale.,L'alerte FrenchBreaches référence une violation de données attribuée à la mairie.,La victime est une entité française implantée ou institutionnellement rattachée à la France métropolitaine.,INC-3ABFF451EA33,2026-08-16,1,OBS-FR-OI-SIMPLE-SOURCING-8
GOLD-0013,Ville de Gagny,ville de gagny,2026-08-10,CYBERATTAQUE_ORG | FRENCHBREACHES,https://www.cyberattaque.org/cyberattaque-a-gagny-la-ville-confirme-un-acces-non-autorise-a-des-donnees-personnelles/,Administration / Collectivité,Fuite de données,France métropolitaine,HIGH,HIGH,HIGH,La Ville de Gagny est une collectivité territoriale.,La Ville confirme un accès non autorisé à des données personnelles et une violation de données.,La victime est une entité française implantée ou institutionnellement rattachée à la France métropolitaine.,INC-FB41041C22B5,2026-08-17,2,OBS-FR-OI-SIMPLE-SOURCING-8
GOLD-0014,Bureau Vallée,bureau vallee,2026-08-09,CYBERATTAQUE_ORG | FRENCHBREACHES,https://www.cyberattaque.org/bureau-vallee-55-949-fiches-clients-en-fuite-apres-une-cyberattaque/,Commerce / Distribution,Fuite de données,France métropolitaine,HIGH,HIGH,HIGH,Bureau Vallée est un réseau de distribution de fournitures de bureau.,La source décrit plusieurs dizaines de milliers de fiches clients divulguées.,La victime est une entité française implantée ou institutionnellement rattachée à la France métropolitaine.,INC-2972BA18B0BD,2026-08-16,1,OBS-FR-OI-SIMPLE-SOURCING-8
GOLD-0015,Le Mans FC,le mans fc,2026-08-09,FRENCHBREACHES,,Sport,Fuite de données,France métropolitaine,HIGH,HIGH,HIGH,Le Mans FC est un club de football.,L'alerte FrenchBreaches référence une violation de données attribuée au club.,La victime est une entité française implantée ou institutionnellement rattachée à la France métropolitaine.,INC-1645372F6E23,2026-08-16,1,OBS-FR-OI-SIMPLE-SOURCING-8
GOLD-0016,BlgCloud,blgcloud,2026-08-08,CYBERATTAQUE_ORG | FRENCHBREACHES,https://www.cyberattaque.org/blgcloud-les-donnees-de-159-entreprises-pirate-des-millions-de-documents-en-fuite/,Numérique / Technologie,Fuite de données,France métropolitaine,HIGH,HIGH,HIGH,BlgCloud fournit une infrastructure ou des services cloud utilisés par des entreprises.,BLGCloud documente une exfiltration de données et de documents de clients.,La victime est une entité française implantée ou institutionnellement rattachée à la France métropolitaine.,INC-1DC7E716ACF6,2026-08-17,2,OBS-FR-OI-SIMPLE-SOURCING-8
GOLD-0017,Mutuelle Générale de Prévoyance,mutuelle generale de prevoyance,2026-08-08,CYBERATTAQUE_ORG | FRENCHBREACHES,https://www.cyberattaque.org/mutuelle-generale-de-prevoyance-133-018-iban-et-pres-de-200-000-identites-dans-une-fuite-massive/,Finance / Assurance,Fuite de données,France métropolitaine,HIGH,HIGH,HIGH,La Mutuelle Générale de Prévoyance exerce une activité de mutuelle/prévoyance.,La source décrit une fuite massive contenant des identités et IBAN.,La victime est une entité française implantée ou institutionnellement rattachée à la France métropolitaine.,INC-4E70364FA984,2026-08-16,1,OBS-FR-OI-SIMPLE-SOURCING-8
GOLD-0018,AFPA,afpa,2026-08-07,CYBERATTAQUE_ORG | FRENCHBREACHES,https://www.cyberattaque.org/afpa-pirate-101-comptes-exposes-et-un-acces-administrateur-publie/,Éducation / Formation,Compromission de compte / messagerie,France métropolitaine,HIGH,HIGH,HIGH,L'AFPA est un organisme national de formation professionnelle.,La source décrit des comptes exposés et la publication d'un accès administrateur.,La victime est une entité française implantée ou institutionnellement rattachée à la France métropolitaine.,INC-F495CED1DF70,2026-08-16,1,OBS-FR-OI-SIMPLE-SOURCING-8
GOLD-0019,Intermarché,intermarche,2026-08-05,CYBERATTAQUE_ORG,https://www.cyberattaque.org/intermarche-victime-dune-cyberattaque-les-donnees-de-clients-drive-exposees/,Commerce / Distribution,Fuite de données,France métropolitaine,HIGH,HIGH,HIGH,Intermarché est une enseigne de grande distribution.,La source décrit l'exposition de données de clients du service Drive.,La victime est une entité française implantée ou institutionnellement rattachée à la France métropolitaine.,INC-7888D67D988E,2026-08-16,1,OBS-FR-OI-SIMPLE-SOURCING-8
GOLD-0020,Stade Français Paris,stade francais paris,2026-08-05,RANSOMWARE_LIVE | FRENCHBREACHES | CYBERATTAQUE_ORG,https://www.cyberattaque.org/stade-francais-paris-victime-dun-ransomware-20-go-de-donnees-revendiques/,Sport,Ransomware,France métropolitaine,HIGH,HIGH,HIGH,Le Stade Français Paris est un club professionnel de rugby.,La source identifie explicitement un ransomware et une revendication de données.,La victime est une entité française implantée ou institutionnellement rattachée à la France métropolitaine.,INC-51115A21B49B,2026-08-16,1,OBS-FR-OI-SIMPLE-SOURCING-8
GOLD-0021,Mairie de Rinxent,mairie de rinxent,2026-08-03,CYBERATTAQUE_ORG | RANSOMWARE_LIVE,https://www.cyberattaque.org/mairie-de-rinxent-160-go-de-donnees-revendiques-apres-une-cyberattaque/,Administration / Collectivité,Ransomware,France métropolitaine,HIGH,MEDIUM,HIGH,Une mairie est une collectivité territoriale.,Le même incident est revendiqué par une source ransomware et associé à 160 Go de données.,La victime est une entité française implantée ou institutionnellement rattachée à la France métropolitaine.,INC-27B5792965C7,2026-08-16,1,OBS-FR-OI-SIMPLE-SOURCING-8
GOLD-0022,ENT Seine-et-Marne,ent seine et marne,2026-08-02,FRENCHBREACHES,,Éducation / Formation,Fuite de données,France métropolitaine,HIGH,HIGH,HIGH,Un ENT est une plateforme de services numériques destinée à la communauté éducative.,L'alerte FrenchBreaches référence une violation de données attribuée à l'ENT.,La victime est une entité française implantée ou institutionnellement rattachée à la France métropolitaine.,INC-2B603127BE7C,2026-08-16,1,OBS-FR-OI-SIMPLE-SOURCING-8
GOLD-0023,CCI Nice Côte d'Azur,cci nice cote d azur,2026-08-01,CYBERATTAQUE_ORG,https://www.cyberattaque.org/cci-nice-cote-dazur-un-compte-administrateur-pirate-les-donnees-rh-de-candidats-exportees/,Administration / Collectivité,Compromission de compte / messagerie,France métropolitaine,HIGH,HIGH,HIGH,Une chambre de commerce et d'industrie est un établissement public représentant les entreprises de son territoire.,La source décrit le piratage d'un compte administrateur et l'export de données RH.,La victime est une entité française implantée ou institutionnellement rattachée à la France métropolitaine.,INC-4912EE5516BF,2026-08-16,1,OBS-FR-OI-SIMPLE-SOURCING-8
GOLD-0024,CY Cergy Paris Université,cy cergy paris universite,2026-08-01,FRENCHBREACHES,,Éducation / Formation,Fuite de données,France métropolitaine,HIGH,HIGH,HIGH,CY Cergy Paris Université est un établissement public d'enseignement supérieur.,L'alerte FrenchBreaches référence une violation de données attribuée à l'université.,La victime est une entité française implantée ou institutionnellement rattachée à la France métropolitaine.,INC-D398A12C63DE,2026-08-16,1,OBS-FR-OI-SIMPLE-SOURCING-8
GOLD-0025,Ministère de l'Éducation nationale,ministere de l education nationale,2026-07-31,FRENCHBREACHES | CYBERATTAQUE_ORG,https://www.education.gouv.fr/incident-de-securite-affectant-les-donnees-de-personnels-de-l-education-nationale-505407,Administration / Collectivité,Compromission de compte / messagerie,France métropolitaine,HIGH,HIGH,HIGH,Un ministère est une administration de l'État.,L'accès frauduleux du 25 juillet 2026 fait suite à l'usurpation d'un compte professionnel.,La victime est une entité française implantée ou institutionnellement rattachée à la France métropolitaine.,INC-938337DBDA6F,2026-08-17,2,OBS-FR-OI-SIMPLE-SOURCING-8
GOLD-0026,ENGIE Green,engie green,2026-07-30,FRENCHBREACHES | CYBERATTAQUE_ORG,https://www.cyberattaque.org/engie-green-621-019-clients-en-fuite-apres-une-intrusion-par-injection-sql/,Énergie / Utilities,Intrusion,France métropolitaine,HIGH,HIGH,HIGH,"ENGIE Green développe, construit et exploite des installations de production d'énergie renouvelable.","La source décrit une compromission revendiquée par injection SQL, donc un accès non autorisé.",La victime est une entité française implantée ou institutionnellement rattachée à la France métropolitaine.,INC-9B6930A83850,2026-08-16,1,OBS-FR-OI-SIMPLE-SOURCING-8
GOLD-0027,Lire Demain,lire demain,2026-07-29,FRENCHBREACHES,,Commerce / Distribution,Fuite de données,France métropolitaine,MEDIUM,HIGH,HIGH,Lire Demain distribue et commercialise des ouvrages et ressources auprès de clients.,L'alerte FrenchBreaches référence une violation de données attribuée à l'entité.,La victime est une entité française implantée ou institutionnellement rattachée à la France métropolitaine.,INC-FFB6C7F47B15,2026-08-16,1,OBS-FR-OI-SIMPLE-SOURCING-8
GOLD-0028,Location-Etudiant.fr,location etudiant fr,2026-07-28,CYBERATTAQUE_ORG | FRENCHBREACHES,https://www.cyberattaque.org/location-etudiant-fr-pirate-10-go-de-donnees-en-fuite/,Construction / BTP,Fuite de données,France métropolitaine,HIGH,HIGH,HIGH,Location-Etudiant.fr est un portail de location immobilière étudiante.,Des données et accès administrateurs ont été diffusés ; une fuite est donc établie.,La victime est une entité française implantée ou institutionnellement rattachée à la France métropolitaine.,INC-43AC9A4C158B,2026-08-17,2,OBS-FR-OI-SIMPLE-SOURCING-8
GOLD-0029,Mairie d'Injoux-Génissiat,mairie d injoux genissiat,2026-07-28,FRENCHBREACHES,,Administration / Collectivité,Fuite de données,France métropolitaine,HIGH,HIGH,HIGH,Une mairie est une collectivité territoriale.,L'alerte FrenchBreaches référence une violation de données attribuée à la mairie.,La victime est une entité française implantée ou institutionnellement rattachée à la France métropolitaine.,INC-920654387FF9,2026-08-16,1,OBS-FR-OI-SIMPLE-SOURCING-8
GOLD-0030,Planity,planity,2026-07-28,CYBERATTAQUE_ORG | FRENCHBREACHES,https://www.cyberattaque.org/planity-138-000-donnees-exfiltrees-dans-une-cyberattaque/,Numérique / Technologie,Fuite de données,France métropolitaine,HIGH,HIGH,HIGH,Planity exploite une plateforme française de réservation en ligne et un logiciel de gestion pour professionnels de la beauté.,Planity confirme l'exposition d'environ 138 000 données dans un environnement de test.,La victime est une entité française implantée ou institutionnellement rattachée à la France métropolitaine.,INC-5548AD317C63,2026-08-16,1,OBS-FR-OI-SIMPLE-SOURCING-8
GOLD-0031,Nantes Université,nantes universite,2026-07-28,FRENCHBREACHES,,Éducation / Formation,Fuite de données,France métropolitaine,HIGH,HIGH,HIGH,Nantes Université est un établissement public d'enseignement supérieur.,L'alerte FrenchBreaches référence une violation de données attribuée à l'université.,La victime est une entité française implantée ou institutionnellement rattachée à la France métropolitaine.,INC-C413DE37E4F0,2026-08-16,1,OBS-FR-OI-SIMPLE-SOURCING-8
GOLD-0032,Verspieren,verspieren,2026-07-27,FRENCHBREACHES,,Finance / Assurance,Fuite de données,France métropolitaine,HIGH,HIGH,HIGH,Verspieren est un courtier en assurance.,L'alerte FrenchBreaches référence une violation de données attribuée au courtier.,La victime est une entité française implantée ou institutionnellement rattachée à la France métropolitaine.,INC-904D84D2D2A9,2026-08-16,1,OBS-FR-OI-SIMPLE-SOURCING-8
GOLD-0033,Batipro 33,batipro 33,2026-07-26,CYBERATTAQUE_ORG,https://www.cyberattaque.org/batipro-33-pirate-1119-personnes-et-cinq-bases-sql-internes-revendiquees/,Éducation / Formation,Intrusion,France métropolitaine,HIGH,HIGH,HIGH,BATIPRO se présente comme un organisme de formation spécialisé dans les métiers du bâtiment.,La source décrit la compromission d'un sous-domaine et de cinq bases SQL internes.,La victime est une entité française implantée ou institutionnellement rattachée à la France métropolitaine.,INC-C80F4470E4D1,2026-08-17,2,OBS-FR-OI-SIMPLE-SOURCING-8
GOLD-0034,Ministère de l'Intérieur,ministere de l interieur,2026-07-26,FRENCHBREACHES,,Administration / Collectivité,Fuite de données,France métropolitaine,HIGH,HIGH,HIGH,Un ministère est une administration de l'État.,L'alerte FrenchBreaches référence une violation de données attribuée au ministère.,La victime est une entité française implantée ou institutionnellement rattachée à la France métropolitaine.,INC-9CEB5476F2D6,2026-08-16,1,OBS-FR-OI-SIMPLE-SOURCING-8
GOLD-0035,Driveco,driveco,2026-07-25,FRENCHBREACHES,,Énergie / Utilities,Fuite de données,France métropolitaine,HIGH,HIGH,HIGH,Driveco exploite des infrastructures de recharge pour véhicules électriques et des services énergétiques associés.,L'alerte FrenchBreaches référence une violation de données attribuée à Driveco.,La victime est une entité française implantée ou institutionnellement rattachée à la France métropolitaine.,INC-C6A499CF97F1,2026-08-16,1,OBS-FR-OI-SIMPLE-SOURCING-8
GOLD-0036,Alpissimmo,alpissimmo,2026-07-24,CYBERATTAQUE_ORG | FRENCHBREACHES,https://www.cyberattaque.org/alpissimmo-pres-de-600-projets-de-vacances-exposes-avec-coordonnees-et-dates-de-sejour/,Construction / BTP,Fuite de données,France métropolitaine,MEDIUM,HIGH,HIGH,Alpissimmo est une plateforme liée à l'immobilier et aux séjours locatifs.,La source décrit l'extraction et l'exposition de formulaires contenant coordonnées et dates de séjour.,La victime est une entité française implantée ou institutionnellement rattachée à la France métropolitaine.,INC-F4E5D8AEDD34,2026-08-16,1,OBS-FR-OI-SIMPLE-SOURCING-8
GOLD-0037,Centre Hospitalier de Chaumont,centre hospitalier de chaumont,2026-07-24,FRENCHBREACHES,,Santé,Fuite de données,France métropolitaine,HIGH,HIGH,HIGH,Un centre hospitalier est un établissement de soins.,L'alerte FrenchBreaches référence une violation de données attribuée à l'établissement.,La victime est une entité française implantée ou institutionnellement rattachée à la France métropolitaine.,INC-1EEA7737B334,2026-08-16,1,OBS-FR-OI-SIMPLE-SOURCING-8
GOLD-0038,SKOLAE,skolae,2026-07-24,CYBERATTAQUE_ORG | FRENCHBREACHES,https://www.cyberattaque.org/skolae-victime-dune-intrusion-dans-ses-systemes-informatiques/,Éducation / Formation,Intrusion,France métropolitaine,HIGH,HIGH,HIGH,SKOLAE est un groupe français d'enseignement supérieur et de formation professionnelle.,SKOLAE confirme la détection d'un accès non autorisé à un environnement informatique.,La victime est une entité française implantée ou institutionnellement rattachée à la France métropolitaine.,INC-65B2FFF8F199,2026-08-16,1,OBS-FR-OI-SIMPLE-SOURCING-8
GOLD-0039,Mairie de Drancy,mairie de drancy,2026-07-23,CYBERATTAQUE_ORG,https://www.cyberattaque.org/cyberattaque-a-drancy-la-mairie-refuse-la-rancon/,Administration / Collectivité,Ransomware,France métropolitaine,HIGH,MEDIUM,HIGH,Une mairie est une collectivité territoriale.,La source indique qu'une rançon a été demandée après la cyberattaque.,La victime est une entité française implantée ou institutionnellement rattachée à la France métropolitaine.,INC-E9B0D5CE48BA,2026-08-16,1,OBS-FR-OI-SIMPLE-SOURCING-8
GOLD-0040,Avignon Université,avignon universite,2026-07-23,FRENCHBREACHES,,Éducation / Formation,Fuite de données,France métropolitaine,HIGH,HIGH,HIGH,Avignon Université est un établissement public d'enseignement supérieur.,L'alerte FrenchBreaches référence une violation de données attribuée à l'université.,La victime est une entité française implantée ou institutionnellement rattachée à la France métropolitaine.,INC-0AE17095DF48,2026-08-16,1,OBS-FR-OI-SIMPLE-SOURCING-8
GOLD-0041,BANATIC,banatic,2026-07-22,CYBERATTAQUE_ORG,https://www.cyberattaque.org/banatic-91-000-elus-et-responsables-de-collectivites-exposes-apres-une-cyberattaque/,Administration / Collectivité,Fuite de données,France métropolitaine,HIGH,HIGH,HIGH,BANATIC est une base nationale de l'administration relative aux collectivités et groupements.,La source décrit l'exposition de données de dizaines de milliers d'élus et responsables de collectivités.,La victime est une entité française implantée ou institutionnellement rattachée à la France métropolitaine.,INC-4FE1AD7A39FE,2026-08-16,1,OBS-FR-OI-SIMPLE-SOURCING-8
GOLD-0042,Immobilière Tariot,immobiliere tariot,2026-07-22,CYBERATTAQUE_ORG | FRENCHBREACHES,https://www.cyberattaque.org/immobiliere-tariot-fuite-des-plans-de-logements-rib-et-dossiers-de-coproprietaires-marseillais/,Construction / BTP,Fuite de données,France métropolitaine,HIGH,HIGH,HIGH,Immobilière Tariot est une agence immobilière et un syndic de copropriété basé à Marseille.,"La source décrit la publication de documents immobiliers, RIB et données de copropriétaires.",La source situe explicitement l'agence et les copropriétés concernées à Marseille.,INC-ADC1FF7A21EE,2026-08-16,1,OBS-FR-OI-SIMPLE-SOURCING-8
GOLD-0043,Rassemblement National,rassemblement national,2026-07-22,FRENCHBREACHES,,Inconnu,Fuite de données,France métropolitaine,HIGH,HIGH,HIGH,Parti politique : aucune catégorie sectorielle de la nomenclature Cyberwatch ne correspond correctement.,L'alerte FrenchBreaches référence une violation de données attribuée au parti.,La victime est une entité française implantée ou institutionnellement rattachée à la France métropolitaine.,INC-5F211216BEAE,2026-08-16,1,OBS-FR-OI-SIMPLE-SOURCING-8
GOLD-0044,Centre Hospitalier de Perpignan,centre hospitalier de perpignan,2026-07-20,CYBERATTAQUE_ORG,https://www.cyberattaque.org/centre-hospitalier-de-perpignan-des-dossiers-de-patients-en-fuite/,Santé,Fuite de données,France métropolitaine,HIGH,HIGH,HIGH,Le Centre Hospitalier de Perpignan est un établissement public de santé.,La source décrit des dossiers et informations de patients exposés; une intrusion directe dans le SI n'est pas établie.,"Le centre hospitalier est situé à Perpignan, en France métropolitaine.",INC-B56027A9A12A,2026-08-16,1,OBS-FR-OI-SIMPLE-SOURCING-8
GOLD-0045,PSB Paris School of Business,psb paris school of business,2026-07-20,CYBERATTAQUE_ORG,https://www.cyberattaque.org/psb-paris-school-of-business-864-dossiers-dinscription-detudiants-mis-en-vente-avec-pieces-didentite/,Éducation / Formation,Fuite de données,France métropolitaine,HIGH,HIGH,HIGH,PSB Paris School of Business est une école de commerce et d'enseignement supérieur.,La source décrit la mise en vente de centaines de dossiers d'inscription d'étudiants.,La victime est une entité française implantée ou institutionnellement rattachée à la France métropolitaine.,INC-291D14C6B9F5,2026-08-16,1,OBS-FR-OI-SIMPLE-SOURCING-8
GOLD-0046,Kosc Telecom,kosc telecom,2026-07-15,FRENCHBREACHES,,Numérique / Technologie,Fuite de données,France métropolitaine,HIGH,HIGH,HIGH,Kosc Telecom fournit des services et infrastructures de télécommunications.,L'alerte FrenchBreaches référence une violation de données attribuée à l'opérateur.,La victime est une entité française implantée ou institutionnellement rattachée à la France métropolitaine.,INC-CB368AFFFDB8,2026-08-16,1,OBS-FR-OI-SIMPLE-SOURCING-8
GOLD-0047,KeepCool,keepcool,2026-07-13,FRENCHBREACHES,,Sport,Fuite de données,France métropolitaine,HIGH,HIGH,HIGH,KeepCool exploite un réseau de salles de sport et de fitness.,L'alerte FrenchBreaches référence une violation de données attribuée au réseau.,La victime est une entité française implantée ou institutionnellement rattachée à la France métropolitaine.,INC-59A44F04FF31,2026-08-16,1,OBS-FR-OI-SIMPLE-SOURCING-8
GOLD-0048,Lidl France,lidl france,2026-07-13,CYBERATTAQUE_ORG,https://www.cyberattaque.org/lidl-des-donnees-de-clients-exposees-apres-une-cyberattaque-chez-un-prestataire/,Commerce / Distribution,Incident tiers,France métropolitaine,HIGH,HIGH,HIGH,Lidl France est une enseigne de grande distribution.,La source attribue explicitement l'exposition des données à une cyberattaque chez un prestataire de Lidl.,La victime est une entité française implantée ou institutionnellement rattachée à la France métropolitaine.,INC-E2D891374E13,2026-08-16,1,OBS-FR-OI-SIMPLE-SOURCING-8
GOLD-0049,École Supérieure des Métiers de l’Immobilier,ecole superieure des metiers de limmobilier,2026-07-13,FRENCHBREACHES,,Éducation / Formation,Fuite de données,France métropolitaine,HIGH,HIGH,HIGH,L'entité est un établissement d'enseignement spécialisé dans les métiers de l'immobilier.,L'alerte FrenchBreaches référence une violation de données attribuée à l'école.,La victime est une entité française implantée ou institutionnellement rattachée à la France métropolitaine.,INC-2A2858828255,2026-08-16,1,OBS-FR-OI-SIMPLE-SOURCING-8
GOLD-0050,Bebeboutik,bebeboutik,2026-07-11,FRENCHBREACHES,,Commerce / Distribution,Fuite de données,France métropolitaine,HIGH,HIGH,HIGH,Bebeboutik est un site de commerce en ligne spécialisé dans les produits pour bébé et famille.,L'alerte FrenchBreaches référence une violation de données attribuée au marchand.,La victime est une entité française implantée ou institutionnellement rattachée à la France métropolitaine.,INC-1F9BE8617194,2026-08-16,1,OBS-FR-OI-SIMPLE-SOURCING-8
GOLD-0051,PPA Business School,ppa business school,2026-07-11,FRENCHBREACHES,,Éducation / Formation,Fuite de données,France métropolitaine,HIGH,HIGH,HIGH,PPA Business School est un établissement d'enseignement supérieur.,L'alerte FrenchBreaches référence une violation de données attribuée à l'école.,La victime est une entité française implantée ou institutionnellement rattachée à la France métropolitaine.,INC-79E9E0E42B80,2026-08-16,1,OBS-FR-OI-SIMPLE-SOURCING-8
GOLD-0052,Ville de Ouangani,ville de ouangani,2026-07-10,RANSOMWARE_LIVE,https://www.ransomware.live/#/victim/ville-de-ouangani,Administration / Collectivité,Ransomware,Mayotte,HIGH,HIGH,HIGH,Ouangani est une commune de Mayotte.,Ransomware.live référence la collectivité comme victime d'un groupe de ransomware.,Ouangani est une commune située à Mayotte.,INC-DEE773FAD582,2026-08-16,1,OBS-FR-OI-SIMPLE-SOURCING-8
GOLD-0053,Fédération Française Handisport,federation francaise handisport,2026-07-09,FRENCHBREACHES,,Sport,Fuite de données,France métropolitaine,HIGH,HIGH,HIGH,Fédération sportive nationale du handisport.,L'alerte FrenchBreaches référence une violation de données attribuée à la fédération.,La victime est une entité française implantée ou institutionnellement rattachée à la France métropolitaine.,INC-6A9D6083CDEB,2026-08-16,1,OBS-FR-OI-SIMPLE-SOURCING-8
GOLD-0054,Pays du Mont-Blanc,pays du mont blanc,2026-07-09,CYBERATTAQUE_ORG,https://www.cyberattaque.org/pays-du-mont-blanc-une-cyberattaque-chez-son-operateur-paralyse-les-services/,Administration / Collectivité,Incident tiers,France métropolitaine,MEDIUM,HIGH,HIGH,Le Pays du Mont-Blanc désigne une structure intercommunale/territoriale de services publics.,La source attribue explicitement la perturbation à une cyberattaque chez l'opérateur de la collectivité.,La victime est une entité française implantée ou institutionnellement rattachée à la France métropolitaine.,INC-48A1886DA2F7,2026-08-16,1,OBS-FR-OI-SIMPLE-SOURCING-8
GOLD-0055,École Supérieure de Génie Informatique,ecole superieure de genie informatique,2026-07-09,FRENCHBREACHES,,Éducation / Formation,Fuite de données,France métropolitaine,HIGH,HIGH,HIGH,L'ESGI est une école supérieure d'informatique.,L'alerte FrenchBreaches référence une violation de données attribuée à l'école.,La victime est une entité française implantée ou institutionnellement rattachée à la France métropolitaine.,INC-171F220F596A,2026-08-16,1,OBS-FR-OI-SIMPLE-SOURCING-8
GOLD-0056,Ministère de la Culture,ministere de la culture,2026-07-08,CYBERATTAQUE_ORG,https://www.cyberattaque.org/ministere-de-la-culture-45-362-contacts-professionnels-revendiques-apres-une-faille-idor/,Administration / Collectivité,Fuite de données,France métropolitaine,HIGH,MEDIUM,HIGH,Un ministère est une administration de l'État.,Une base structurée de contacts est revendiquée et des échantillons ont été publiés.,La victime est une entité française implantée ou institutionnellement rattachée à la France métropolitaine.,INC-E814197D976B,2026-08-17,2,OBS-FR-OI-SIMPLE-SOURCING-8
GOLD-0057,Télécom Saint-Étienne,telecom saint etienne,2026-07-08,FRENCHBREACHES,,Éducation / Formation,Fuite de données,France métropolitaine,HIGH,HIGH,HIGH,Télécom Saint-Étienne est une école d'ingénieurs et établissement d'enseignement supérieur.,L'alerte FrenchBreaches référence une violation de données attribuée à l'école.,La victime est une entité française implantée ou institutionnellement rattachée à la France métropolitaine.,INC-8D8FDF029408,2026-08-16,1,OBS-FR-OI-SIMPLE-SOURCING-8
GOLD-0058,1001Coques,1001coques,2026-07-07,FRENCHBREACHES,,Commerce / Distribution,Fuite de données,France métropolitaine,HIGH,HIGH,HIGH,1001Coques est un marchand en ligne d'accessoires et protections pour appareils.,L'alerte FrenchBreaches référence une violation de données attribuée au marchand.,La victime est une entité française implantée ou institutionnellement rattachée à la France métropolitaine.,INC-86062736264A,2026-08-16,1,OBS-FR-OI-SIMPLE-SOURCING-8
GOLD-0059,ENS Paris-Saclay,ens paris saclay,2026-07-07,FRENCHBREACHES,,Éducation / Formation,Fuite de données,France métropolitaine,HIGH,HIGH,HIGH,L'ENS Paris-Saclay est un établissement public d'enseignement supérieur.,L'alerte FrenchBreaches référence une violation de données attribuée à l'école.,La victime est une entité française implantée ou institutionnellement rattachée à la France métropolitaine.,INC-EEDEA7EC3595,2026-08-16,1,OBS-FR-OI-SIMPLE-SOURCING-8
GOLD-0060,Espaces Atypiques,espaces atypiques,2026-07-06,FRENCHBREACHES,,Construction / BTP,Fuite de données,France métropolitaine,HIGH,HIGH,HIGH,Espaces Atypiques est un réseau d'agences immobilières.,L'alerte FrenchBreaches référence une violation de données attribuée au réseau.,La victime est une entité française implantée ou institutionnellement rattachée à la France métropolitaine.,INC-BFE7FA130189,2026-08-16,1,OBS-FR-OI-SIMPLE-SOURCING-8
GOLD-0061,IAD Group,iad group,2026-07-03,CYBERATTAQUE_ORG | FRENCHBREACHES,https://www.cyberattaque.org/iad-group-38-millions-de-personnes-et-966-go-de-documents-clients-en-fuite-apres-une-cyberattaque/,Construction / BTP,Fuite de données,France métropolitaine,HIGH,HIGH,HIGH,IAD Group est un réseau de services et mandataires immobiliers.,La source décrit des millions de personnes et un volume important de documents clients en fuite.,La victime est une entité française implantée ou institutionnellement rattachée à la France métropolitaine.,INC-F65B640D74E9,2026-08-16,1,OBS-FR-OI-SIMPLE-SOURCING-8
GOLD-0062,Police Municipale Le Pontet,police municipale le pontet,2026-07-01,FRENCHBREACHES,,Administration / Collectivité,Fuite de données,France métropolitaine,HIGH,HIGH,HIGH,Une police municipale est un service d'une collectivité territoriale.,L'alerte FrenchBreaches référence une violation de données attribuée au service municipal.,La victime est une entité française implantée ou institutionnellement rattachée à la France métropolitaine.,INC-4D61E266907A,2026-08-16,1,OBS-FR-OI-SIMPLE-SOURCING-8
GOLD-0064,Air Corsica,air corsica,2026-06-29,FRENCHBREACHES,,Transport / Logistique,Fuite de données,France métropolitaine,HIGH,HIGH,HIGH,Air Corsica est une compagnie aérienne.,L'alerte FrenchBreaches référence une violation de données attribuée à la compagnie.,La victime est une entité française implantée ou institutionnellement rattachée à la France métropolitaine.,INC-871A659D5296,2026-08-16,1,OBS-FR-OI-SIMPLE-SOURCING-8
GOLD-0065,Axonaut,axonaut,2026-06-29,CYBERATTAQUE_ORG,https://www.cyberattaque.org/axonaut-8-bases-clients-et-des-milliers-de-factures-exposees-apres-une-cyberattaque/,Numérique / Technologie,Fuite de données,France métropolitaine,HIGH,HIGH,HIGH,Axonaut développe un logiciel SaaS français de gestion d'entreprise.,La source décrit l'exposition de bases clients et de milliers de factures.,Axonaut est une entreprise française fondée à Toulouse.,INC-2673611A058B,2026-08-16,1,OBS-FR-OI-SIMPLE-SOURCING-8
GOLD-0066,CapiFrance,capifrance,2026-06-29,FRENCHBREACHES,,Construction / BTP,Fuite de données,France métropolitaine,HIGH,HIGH,HIGH,CapiFrance est un réseau de mandataires et services immobiliers.,L'alerte FrenchBreaches référence une violation de données attribuée au réseau.,La victime est une entité française implantée ou institutionnellement rattachée à la France métropolitaine.,INC-FABC6345C6E5,2026-08-16,1,OBS-FR-OI-SIMPLE-SOURCING-8
GOLD-0067,Ministère des Sports,ministere des sports,2026-06-26,FRENCHBREACHES,,Administration / Collectivité,Fuite de données,France métropolitaine,HIGH,HIGH,HIGH,Un ministère est une administration de l'État.,L'alerte FrenchBreaches référence une violation de données attribuée au ministère.,La victime est une entité française implantée ou institutionnellement rattachée à la France métropolitaine.,INC-B9C4EBD81CBB,2026-08-16,1,OBS-FR-OI-SIMPLE-SOURCING-8
GOLD-0068,Fédération Hospitalière de France,federation hospitaliere de france,2026-06-24,FRENCHBREACHES,,Santé,Fuite de données,France métropolitaine,MEDIUM,HIGH,HIGH,La Fédération Hospitalière de France représente des établissements publics de santé et médico-sociaux.,L'alerte FrenchBreaches référence une violation de données attribuée à la fédération.,La victime est une entité française implantée ou institutionnellement rattachée à la France métropolitaine.,INC-AB7E14BBE82D,2026-08-16,1,OBS-FR-OI-SIMPLE-SOURCING-8
GOLD-0069,Century 21 France,century 21 france,2026-06-23,FRENCHBREACHES,,Construction / BTP,Fuite de données,France métropolitaine,HIGH,HIGH,HIGH,Century 21 France est un réseau d'agences immobilières.,L'alerte FrenchBreaches référence une violation de données attribuée au réseau.,La victime est une entité française implantée ou institutionnellement rattachée à la France métropolitaine.,INC-1D0F1D8E33D5,2026-08-16,1,OBS-FR-OI-SIMPLE-SOURCING-8
GOLD-0070,RATP,ratp,2026-06-14,CYBERATTAQUE_ORG,https://www.cyberattaque.org/ratp-les-donnees-de-plus-de-62-000-employes-diffusees-sur-le-darkweb/,Transport / Logistique,Fuite de données,France métropolitaine,HIGH,HIGH,HIGH,La RATP exploite des réseaux de transport public.,La source décrit la diffusion sur le dark web de données de plus de 62 000 employés.,La victime est une entité française implantée ou institutionnellement rattachée à la France métropolitaine.,INC-2686144A82CB,2026-08-16,1,OBS-FR-OI-SIMPLE-SOURCING-8
GOLD-0071,SSTRN,sstrn,2026-06-14,CYBERATTAQUE_ORG,https://www.cyberattaque.org/sstrn-les-donnees-de-plus-de-15-000-salaries-et-1-500-entreprises-en-fuite/,Santé,Fuite de données,France métropolitaine,HIGH,HIGH,HIGH,Le SSTRN est un service de prévention et de santé au travail.,La source décrit une fuite touchant des salariés et des entreprises suivies par le service.,Le SSTRN exerce à Nantes et dans son territoire en France métropolitaine.,INC-3AED84644061,2026-08-16,1,OBS-FR-OI-SIMPLE-SOURCING-8
GOLD-0072,BYmyCAR,bymycar,2026-06-13,CYBERATTAQUE_ORG,https://www.cyberattaque.org/bymycar-un-prestataire-victime-dune-cyberattaque-les-donnees-de-clients-exposees/,Commerce / Distribution,Incident tiers,France métropolitaine,HIGH,HIGH,HIGH,BYmyCAR est un groupe de distribution automobile.,BYmyCAR indique que l'accès non autorisé concernait un outil CRM exploité par un prestataire externe.,La victime est une entité française implantée ou institutionnellement rattachée à la France métropolitaine.,INC-FDA5CD7B3568,2026-08-16,1,OBS-FR-OI-SIMPLE-SOURCING-8
GOLD-0073,France Services,france services,2026-06-12,FRENCHBREACHES,,Administration / Collectivité,Fuite de données,France métropolitaine,HIGH,HIGH,HIGH,France Services est un réseau public d'accompagnement aux démarches administratives.,L'alerte FrenchBreaches référence une violation de données liée à ce service public.,La victime est une entité française implantée ou institutionnellement rattachée à la France métropolitaine.,INC-335A5420ECBD,2026-08-16,1,OBS-FR-OI-SIMPLE-SOURCING-8
GOLD-0074,Profil Search,profil search,2026-05-03,FRENCHBREACHES,,Services aux entreprises,Fuite de données,France métropolitaine,HIGH,HIGH,HIGH,Profil Search fournit des services de recrutement et de ressources humaines aux entreprises.,L'alerte FrenchBreaches référence une violation de données attribuée à l'entreprise.,La victime est une entité française implantée ou institutionnellement rattachée à la France métropolitaine.,INC-930F9D0A0F2B,2026-08-16,1,OBS-FR-OI-SIMPLE-SOURCING-8
GOLD-0075,Easy Cash,easy cash,2026-04-30,FRENCHBREACHES,,Commerce / Distribution,Fuite de données,France métropolitaine,HIGH,HIGH,HIGH,Easy Cash est un réseau de commerce de produits d'occasion.,L'alerte FrenchBreaches référence une violation de données attribuée au réseau.,La victime est une entité française implantée ou institutionnellement rattachée à la France métropolitaine.,INC-35553C97DCD2,2026-08-16,1,OBS-FR-OI-SIMPLE-SOURCING-8
GOLD-0076,Umanens,umanens,2026-04-30,FRENCHBREACHES,,Finance / Assurance,Fuite de données,France métropolitaine,HIGH,HIGH,HIGH,Umanens est une union d'acteurs mutualistes de protection sociale complémentaire.,L'alerte FrenchBreaches référence une violation de données attribuée à Umanens.,Umanens est une organisation française de protection sociale implantée à Paris.,INC-AF81E2A4DD6C,2026-08-16,1,OBS-FR-OI-SIMPLE-SOURCING-8
GOLD-0077,Yomoni,yomoni,2026-04-30,FRENCHBREACHES,,Finance / Assurance,Fuite de données,France métropolitaine,HIGH,HIGH,HIGH,Yomoni fournit des services d'épargne et de gestion d'investissement.,L'alerte FrenchBreaches référence une violation de données attribuée à Yomoni.,La victime est une entité française implantée ou institutionnellement rattachée à la France métropolitaine.,INC-101CC5166D0C,2026-08-16,1,OBS-FR-OI-SIMPLE-SOURCING-8
GOLD-0078,Boulangerie Ange,boulangerie ange,2026-04-29,FRENCHBREACHES,,Commerce / Distribution,Fuite de données,France métropolitaine,HIGH,HIGH,HIGH,Boulangerie Ange exploite un réseau de boulangeries et points de vente.,L'alerte FrenchBreaches référence une violation de données attribuée à l'enseigne.,La victime est une entité française implantée ou institutionnellement rattachée à la France métropolitaine.,INC-7CF147BD04D4,2026-08-16,1,OBS-FR-OI-SIMPLE-SOURCING-8
GOLD-0080,Ville de Saint-Étienne,ville de saint etienne,2026-04-29,CYBERATTAQUE_ORG,https://www.cyberattaque.org/saint-etienne-des-donnees-de-spectateurs-exposees-via-son-prestataire-de-billetterie/,Administration / Collectivité,Incident tiers,France métropolitaine,HIGH,HIGH,HIGH,La Ville de Saint-Étienne est une collectivité territoriale.,La source attribue explicitement l'exposition des données au prestataire de billetterie de la ville.,La victime est une entité française implantée ou institutionnellement rattachée à la France métropolitaine.,INC-8D883B4708E9,2026-08-16,1,OBS-FR-OI-SIMPLE-SOURCING-8
GOLD-0081,Bordeaux Métropole,bordeaux metropole,2026-04-27,CYBERATTAQUE_ORG,https://www.cyberattaque.org/bordeaux-metropole-fuite-de-11-000-declarations-fiscales-apres-une-cyberattaque/,Administration / Collectivité,Fuite de données,France métropolitaine,HIGH,HIGH,HIGH,Bordeaux Métropole est un établissement public de coopération intercommunale.,La source décrit la fuite de milliers de déclarations fiscales.,La victime est une entité française implantée ou institutionnellement rattachée à la France métropolitaine.,INC-69D8F5ECA6CA,2026-08-16,1,OBS-FR-OI-SIMPLE-SOURCING-8
GOLD-0082,Bazar du Manga,bazar du manga,2026-04-17,FRENCHBREACHES,,Commerce / Distribution,Fuite de données,France métropolitaine,HIGH,HIGH,HIGH,Bazar du Manga exerce une activité de commerce de produits liés au manga et à la pop culture.,L'alerte FrenchBreaches référence une violation de données attribuée au marchand.,La victime est une entité française implantée ou institutionnellement rattachée à la France métropolitaine.,INC-ACFA66122429,2026-08-16,1,OBS-FR-OI-SIMPLE-SOURCING-8
GOLD-0083,Fédération Française de Basketball,federation francaise de basketball,2026-04-17,FRENCHBREACHES,,Sport,Fuite de données,France métropolitaine,HIGH,HIGH,HIGH,Fédération sportive nationale de basketball.,L'alerte FrenchBreaches référence une violation de données attribuée à la fédération.,La victime est une entité française implantée ou institutionnellement rattachée à la France métropolitaine.,INC-D0FA7243DA4D,2026-08-16,1,OBS-FR-OI-SIMPLE-SOURCING-8
GOLD-0084,Moulin Roty,moulin roty,2026-04-17,FRENCHBREACHES,,Industrie / Manufacture,Fuite de données,France métropolitaine,MEDIUM,HIGH,HIGH,Moulin Roty conçoit et fabrique des jouets et articles pour enfants.,L'alerte FrenchBreaches référence une violation de données attribuée au fabricant.,La victime est une entité française implantée ou institutionnellement rattachée à la France métropolitaine.,INC-799E8962A7F9,2026-08-16,1,OBS-FR-OI-SIMPLE-SOURCING-8
GOLD-0085,Assuréa,assurea,2026-04-15,FRENCHBREACHES,,Finance / Assurance,Fuite de données,France métropolitaine,HIGH,HIGH,HIGH,Assuréa exerce une activité de courtage ou services d'assurance.,L'alerte FrenchBreaches référence une violation de données attribuée à l'entreprise.,La victime est une entité française implantée ou institutionnellement rattachée à la France métropolitaine.,INC-F8D163C19511,2026-08-16,1,OBS-FR-OI-SIMPLE-SOURCING-8
GOLD-0086,Basic-Fit France,basic fit france,2026-04-13,FRENCHBREACHES,,Sport,Fuite de données,France métropolitaine,HIGH,HIGH,HIGH,Basic-Fit exploite des salles de sport et de fitness.,L'alerte FrenchBreaches référence une violation de données attribuée à l'enseigne.,La victime est une entité française implantée ou institutionnellement rattachée à la France métropolitaine.,INC-078CC98F8D6F,2026-08-16,1,OBS-FR-OI-SIMPLE-SOURCING-8
GOLD-0087,ImmoJeune,immojeune,2026-04-13,CYBERATTAQUE_ORG,https://www.cyberattaque.org/immojeune-17-million-de-profils-etudiants-en-fuite-apres-un-acces-frauduleux/,Construction / BTP,Intrusion,France métropolitaine,HIGH,HIGH,HIGH,ImmoJeune est une plateforme immobilière spécialisée dans le logement étudiant.,La source décrit explicitement un accès frauduleux ayant conduit à l'exposition de profils.,La victime est une entité française implantée ou institutionnellement rattachée à la France métropolitaine.,INC-E6BDE621A4F3,2026-08-16,1,OBS-FR-OI-SIMPLE-SOURCING-8
GOLD-0088,GUEGUEN Avocats,gueguen avocats,2026-04-20,RANSOMWARE_LIVE | CYBERATTAQUE_ORG,https://www.cyberattaque.org/gueguen-avocats-victime-dun-ransomware-des-donnees-confidentielles-revendiquees/,Services aux entreprises,Ransomware,France métropolitaine,HIGH,HIGH,HIGH,GUEGUEN Avocats est un cabinet d'avocats fournissant des services juridiques professionnels.,La source identifie explicitement une attaque par ransomware et une revendication de données.,La victime est une entité française implantée ou institutionnellement rattachée à la France métropolitaine.,INC-6EF67E928EC9,2026-08-16,1,OBS-FR-OI-SIMPLE-SOURCING-8
GOLD-0089,Université Bourgogne Europe,universite bourgogne europe,2026-04-19,FRENCHBREACHES,,Éducation / Formation,Fuite de données,France métropolitaine,HIGH,HIGH,HIGH,Université Bourgogne Europe est un établissement d'enseignement supérieur.,L'alerte FrenchBreaches référence une violation de données attribuée à l'université.,La victime est une entité française implantée ou institutionnellement rattachée à la France métropolitaine.,INC-4FB6DADA12C8,2026-08-16,1,OBS-FR-OI-SIMPLE-SOURCING-8
GOLD-0090,Cerballiance,cerballiance,2026-03-25,FRENCHBREACHES,,Santé,Fuite de données,France métropolitaine,HIGH,HIGH,HIGH,Cerballiance exploite un réseau de laboratoires de biologie médicale.,L'alerte FrenchBreaches référence une violation de données attribuée au réseau.,La victime est une entité française implantée ou institutionnellement rattachée à la France métropolitaine.,INC-C285EADB1436,2026-08-16,1,OBS-FR-OI-SIMPLE-SOURCING-8
GOLD-0091,Crous,crous,2026-03-24,CYBERATTAQUE_ORG,https://www.cyberattaque.org/crous-des-donnees-personnelles-detudiants-exposees-apres-une-cyberattaque/,Administration / Collectivité,Fuite de données,France métropolitaine,HIGH,HIGH,HIGH,Les Crous sont des établissements publics chargés des services de vie étudiante.,La source décrit l'exposition de données personnelles d'étudiants.,La victime est une entité française implantée ou institutionnellement rattachée à la France métropolitaine.,INC-C70121191014,2026-08-16,1,OBS-FR-OI-SIMPLE-SOURCING-8
GOLD-0092,Métropole Aix-Marseille-Provence,metropole aix marseille provence,2026-03-24,FRENCHBREACHES,,Administration / Collectivité,Fuite de données,France métropolitaine,HIGH,HIGH,HIGH,La Métropole Aix-Marseille-Provence est un établissement public de coopération intercommunale.,L'alerte FrenchBreaches référence une violation de données attribuée à la métropole.,La victime est une entité française implantée ou institutionnellement rattachée à la France métropolitaine.,INC-6724236E07AC,2026-08-16,1,OBS-FR-OI-SIMPLE-SOURCING-8
GOLD-0093,STOR Solutions,stor solutions,2026-04-24,CYBERATTAQUE_ORG,https://www.cyberattaque.org/stor-solutions-datacenter-cyberattaque-canal-alpha/,Numérique / Technologie,Intrusion,La Réunion,HIGH,MEDIUM,HIGH,STOR Solutions fournit des services de datacenter et d'infrastructure numérique.,La source décrit une cyberattaque visant le datacenter et ses systèmes; l'accès hostile est l'élément central.,STOR Solutions est implantée à La Réunion.,INC-73E635BC9E27,2026-08-16,1,OBS-FR-OI-SIMPLE-SOURCING-8
GOLD-0094,Orange Madagascar,orange madagascar,2026-03-06,RANSOMWARE_LIVE,https://www.ransomware.live/#/victim/orange-madagascar,Numérique / Technologie,Ransomware,Madagascar,HIGH,HIGH,HIGH,Orange Madagascar est un opérateur de télécommunications.,Ransomware.live référence Orange Madagascar comme victime d'un groupe ransomware.,La victime est l'entité Orange opérant à Madagascar.,INC-09BBD7F9B544,2026-08-16,1,OBS-FR-OI-SIMPLE-SOURCING-8
GOLD-0095,Mairie de Fumel,mairie de fumel,2026-02-13,RANSOMWARE_LIVE,https://www.ransomware.live/#/victim/mairie-de-fumel,Administration / Collectivité,Ransomware,France métropolitaine,HIGH,HIGH,HIGH,Une mairie est une collectivité territoriale.,Ransomware.live référence la mairie comme victime d'un groupe ransomware.,La victime est une entité française implantée ou institutionnellement rattachée à la France métropolitaine.,INC-2DFFDBE5B299,2026-08-16,1,OBS-FR-OI-SIMPLE-SOURCING-8
GOLD-0096,DGFiP,dgfip,2026-02-18,CYBERATTAQUE_ORG,https://www.economie.gouv.fr/actualites/acces-illegitimes-au-ficoba,Administration / Collectivité,Compromission de compte / messagerie,France métropolitaine,HIGH,HIGH,HIGH,La DGFiP est une direction de l'administration de l'État.,Le ministère indique que l'acteur malveillant a usurpé les identifiants d'un fonctionnaire avant l'accès au FICOBA.,La victime est une entité française implantée ou institutionnellement rattachée à la France métropolitaine.,INC-42F11737455B,2026-08-17,2,OBS-FR-OI-SIMPLE-SOURCING-8
GOLD-0097,ARS,ars,2026-02-05,FRENCHBREACHES,,Administration / Collectivité,Fuite de données,France métropolitaine,HIGH,HIGH,HIGH,Une agence régionale de santé est un établissement public de l'État chargé de la politique sanitaire régionale.,L'alerte FrenchBreaches référence une violation de données attribuée à une ARS.,La victime est une entité française implantée ou institutionnellement rattachée à la France métropolitaine.,INC-502F3948A14D,2026-08-16,1,OBS-FR-OI-SIMPLE-SOURCING-8
GOLD-0098,Fédération Française de Randonnée,federation francaise de randonnee,2026-02-05,FRENCHBREACHES,,Sport,Fuite de données,France métropolitaine,HIGH,HIGH,HIGH,Fédération sportive nationale de randonnée.,L'alerte FrenchBreaches référence une violation de données attribuée à la fédération.,La victime est une entité française implantée ou institutionnellement rattachée à la France métropolitaine.,INC-2AC2F68DE9C3,2026-08-16,1,OBS-FR-OI-SIMPLE-SOURCING-8
GOLD-0099,Eiffage,eiffage,2026-03-01,RANSOMWARE_LIVE,https://www.ransomware.live/#/victim/eiffage,Construction / BTP,Ransomware,France métropolitaine,HIGH,HIGH,HIGH,"Eiffage est un groupe français de construction, concessions et travaux publics.",Ransomware.live référence Eiffage comme victime d'un groupe ransomware.,La victime est une entité française implantée ou institutionnellement rattachée à la France métropolitaine.,INC-BCF8B8305BBC,2026-08-16,1,OBS-FR-OI-SIMPLE-SOURCING-8
GOLD-0100,Rogers Capital,rogers capital,2026-01-14,RANSOMWARE_LIVE,https://www.ransomware.live/#/victim/rogers-capital,Finance / Assurance,Ransomware,Maurice,MEDIUM,HIGH,HIGH,Rogers Capital fournit des services financiers et de gestion d'entreprise.,Ransomware.live référence Rogers Capital comme victime d'un groupe ransomware.,Rogers Capital est une entreprise mauricienne implantée à Maurice.,INC-D3948486A973,2026-08-16,1,OBS-FR-OI-SIMPLE-SOURCING-8
