Risk_Type,Reason_Code,Days_Apart,Shared_Company_ID,Left_Item_ID,Left_Source_ID,Left_Source_Item_ID,Left_Date,Left_Organisation,Left_Organisation_Key,Left_Company_ID,Left_Title,Left_URL,Right_Item_ID,Right_Source_ID,Right_Source_Item_ID,Right_Date,Right_Organisation,Right_Organisation_Key,Right_Company_ID,Right_Title,Right_URL
POSSIBLE_FALSE_MERGE,MERGE_REVIEW_WEAK_CANONICAL_NAME,3,,ITM-377da6b2e065b8fa,BONJOURLAFUITE,,2026-01-12,Relais Colis,relais colis,785792433,Relais Colis,https://bonjourlafuite.eu.org/img/relaiscolis.png,ITM-4ddbde07eb7bc484,BONJOURLAFUITE,,2026-01-15,Relais Colis,relais colis,785792433,Relais Colis,https://bonjourlafuite.eu.org/img/relaiscolis-2.jpg
POSSIBLE_FALSE_MERGE,MERGE_REVIEW_WEAK_CANONICAL_NAME,1,,ITM-1d79908044660863,RANSOMWARE_LIVE,,2026-02-07,voyages-robin,voyages robin,,voyages-robin revendiqué par qilin,http://ijzn3sicrcy7guixkzjkib4ukbiilwc3xhnmby4mcbccnsd7j2rekvqd.onion/site/view?uuid=64eec247-e1fb-3bfa-a404-13c12a1911df,ITM-a2dfa9d484e90c2e,RANSOMWARE_LIVE,,2026-02-08,Voyages Robin,voyages robin,,Voyages Robin revendiqué par qilin,http://ijzn3sicrcy7guixkzjkib4ukbiilwc3xhnmby4mcbccnsd7j2rekvqd.onion/site/view?uuid=64eec247-e1fb-3bfa-a404-13c12a1911df
POSSIBLE_FALSE_MERGE,MERGE_REVIEW_WEAK_ALIAS,1,,ITM-3cfffe553d2b37e7,RANSOMWARE_LIVE,,2026-03-01,LISI Group,lisi,,LISI Group revendiqué par qilin,http://ijzn3sicrcy7guixkzjkib4ukbiilwc3xhnmby4mcbccnsd7j2rekvqd.onion/site/view?uuid=b6bd0e56-ab88-34b1-94d8-8ca7e0e0eee6,ITM-5a10a8949c397f2d,BONJOURLAFUITE,,2026-03-02,Lisi,lisi,,Lisi,https://bonjourlafuite.eu.org/img/lisi.png
POSSIBLE_FALSE_MERGE,MERGE_REVIEW_WEAK_CANONICAL_NAME,3,,ITM-0146aaed9f0a5383,RANSOMWARE_LIVE,,2026-03-11,CFTC Métallurgie,cftc metallurgie,,CFTC Métallurgie revendiqué par nightspire,https://www.cftc-metallurgie.com,ITM-5e2dc4d4478dbb5d,RANSOMWARE_LIVE,,2026-03-14,CFTC Metallurgie,cftc metallurgie,,CFTC Metallurgie revendiqué par nightspire,https://www.cftc-metallurgie.com
POSSIBLE_FALSE_MERGE,MERGE_REVIEW_WEAK_ALIAS,3,,ITM-43ac91aa02e03ec9,BONJOURLAFUITE,,2026-03-20,La Mutuelle Familiale,mutuelle familiale,,La Mutuelle Familiale,https://www.argusdelassurance.com/assurance-de-personnes/cyber-attaque-une-mutuelle-victime-dune-intrusion-plus-113-000-assures-potentiellement-concernes.VNWUABFCXBFHRMZZXKFNZW7R3Q.html,ITM-79443a3771add68b,CYBERATTAQUE_ORG,76,2026-03-23,Mutuelle Familiale,mutuelle familiale,,Mutuelle Familiale : 113 000 assurés exposés après une intrusion,https://www.cyberattaque.org/mutuelle-familiale-113-000-assures-exposes-apres-une-intrusion/
POSSIBLE_FALSE_MERGE,MERGE_REVIEW_WEAK_CANONICAL_NAME,1,,ITM-e9bd9c13ab5a1dce,BONJOURLAFUITE,,2026-03-21,Enseignement Catholique,enseignement catholique,,Enseignement Catholique,https://bonjourlafuite.eu.org/img/enseignement-catholique.png,ITM-12fddc4c0dc4222c,CYBERATTAQUE_ORG,71,2026-03-22,Enseignement catholique,enseignement catholique,,"Enseignement catholique : une cyberattaque expose 1,5 million de données",https://www.cyberattaque.org/enseignement-catholique-une-cyberattaque-expose-15-million-de-donnees/
POSSIBLE_FALSE_MERGE,MERGE_REVIEW_WEAK_CANONICAL_NAME,1,,ITM-b5326d76500a093f,CYBERATTAQUE_ORG,84,2026-03-23,Éducation nationale,education nationale,110043015,Éducation nationale : 243 000 agents victimes d’un piratage massif,https://www.cyberattaque.org/education-nationale-243-000-agents-victimes-dun-piratage-massif/,ITM-9486678c6e4228f0,BONJOURLAFUITE,,2026-03-24,Éducation Nationale,education nationale,110043015,Éducation Nationale,https://www.education.gouv.fr/incident-de-securite-affectant-les-donnees-de-certains-personnels-de-l-education-nationale-470657
POSSIBLE_FALSE_MERGE,MERGE_REVIEW_WEAK_CANONICAL_NAME,0,,ITM-ff7d3b2b47c6c4e0,BONJOURLAFUITE,,2026-03-24,CROUS,crous,523806735,CROUS,https://www.lescrous.fr/2026/03/exfiltration-de-donnees-provenant-du-site-mesrdv-etudiant-gouv-fr/,ITM-5a4a266d279fda15,CYBERATTAQUE_ORG,86,2026-03-24,Crous,crous,523806735,Crous : 770 000 étudiants touchés par une fuite massive,https://www.cyberattaque.org/crous-770-000-etudiants-touches-par-une-fuite-massive/
POSSIBLE_FALSE_MERGE,MERGE_REVIEW_WEAK_CANONICAL_NAME,0,,ITM-26e4653c4fae2e20,BONJOURLAFUITE,,2026-03-25,Cerballiance,cerballiance,,Cerballiance,https://bonjourlafuite.eu.org/img/cerballiance-2.png,ITM-2b8c9b61526969e0,CYBERATTAQUE_ORG,94,2026-03-25,Cerballiance,cerballiance,,Cerballiance : des données médicales exposées après une cyberattaque,https://www.cyberattaque.org/cerballiance-des-donnees-medicales-exposees-apres-une-cyberattaque/
POSSIBLE_FALSE_MERGE,MERGE_REVIEW_WEAK_ALIAS,1,,ITM-deb9d620fde52f6c,BONJOURLAFUITE,,2026-03-27,Allo Pneus,allo pneus,,Allo Pneus,https://bonjourlafuite.eu.org/img/allopneus.png,ITM-a23e7f1a9ebc7036,CYBERATTAQUE_ORG,125,2026-03-28,Allopneus,allo pneus,,Allopneus : 453 000 clients exposés après une cyberattaque,https://www.cyberattaque.org/allopneus-453-000-clients-touches-par-une-fuite-massive/
POSSIBLE_FALSE_MERGE,MERGE_REVIEW_WEAK_CANONICAL_NAME,2,,ITM-0d0fd64f9195ae13,RANSOMWARE_LIVE,,2026-03-27,Scalian,scalian,,Scalian revendiqué par anubis,http://om6q4a6cyipxvt7ioudxt24cw4oqu4yodmqzl25mqd2hgllymrgu4aqd.onion/r/uzNTItpu+oRiQuAFxkyYYSxw7R4pZSQsS8nKWjIMmjOBSaaEfW6UoeDSX2aZnMkSuyNmBz7O6fX9LRW6ymxgkpIb01LM1VX,ITM-1239e1e69a0e1f6c,CYBERATTAQUE_ORG,131,2026-03-29,Scalian,scalian,,Scalian : des données sensibles d’employés fuitent après une cyberattaque,https://www.cyberattaque.org/scalian-des-donnees-sensibles-demployes-fuitent-apres-une-cyberattaque/
POSSIBLE_FALSE_MERGE,MERGE_REVIEW_WEAK_CANONICAL_NAME,0,,ITM-fc5c215dc379733c,BONJOURLAFUITE,,2026-03-30,Belambra,belambra,,Belambra,https://bonjourlafuite.eu.org/img/belambra.png,ITM-149382450d886235,CYBERATTAQUE_ORG,143,2026-03-30,Belambra,belambra,,Belambra : les coordonnées clients exposées après une cyberattaque,https://www.cyberattaque.org/belambra-les-coordonnees-clients-exposees-apres-une-cyberattaque/
POSSIBLE_FALSE_MERGE,MERGE_REVIEW_WEAK_CANONICAL_NAME,0,,ITM-0e7bb6157c9bc155,CYBERATTAQUE_ORG,141,2026-03-30,Iliad,iliad,,Iliad (Free) : nouvelle cyberattaque avec des données réseau en fuite,https://www.cyberattaque.org/iliad-free-nouvelle-cyberattaque-avec-des-donnees-reseau-en-fuite/,ITM-95f5692ecababc20,RANSOMWARE_LIVE,,2026-03-30,iliad,iliad,,iliad revendiqué par ALP-001,http://b4riuxx7ypobdptctf6lyfcvgi6vn74iurzdh4kn2agbk7472dvywgyd.onion#iliad.fr
POSSIBLE_FALSE_MERGE,MERGE_REVIEW_WEAK_CANONICAL_NAME,0,,ITM-76d52fcd842492d5,BONJOURLAFUITE,,2026-03-30,Le Petit Vapoteur,le petit vapoteur,539694364,Le Petit Vapoteur,https://bonjourlafuite.eu.org/img/petit-vapoteur-1.png,ITM-9523cb31d2dd33d8,CYBERATTAQUE_ORG,135,2026-03-30,Le Petit Vapoteur,le petit vapoteur,539694364,"Le Petit Vapoteur : 3,3 millions de clients exposés",https://www.cyberattaque.org/le-petit-vapoteur-33-millions-de-clients-exposes/
POSSIBLE_FALSE_MERGE,MERGE_REVIEW_WEAK_CANONICAL_NAME,0,,ITM-3dabd6bdfdecb4e2,BONJOURLAFUITE,,2026-03-31,Homair,homair,340061530,Homair,https://bonjourlafuite.eu.org/img/homair.png,ITM-92a96f0fdce3b161,CYBERATTAQUE_ORG,160,2026-03-31,Homair,homair,340061530,Homair : les données clients exposées après une cyberattaque,https://www.cyberattaque.org/homair-les-donnees-clients-exposees-apres-une-cyberattaque/
POSSIBLE_FALSE_MERGE,MERGE_REVIEW_WEAK_CANONICAL_NAME,0,,ITM-c9fed154f8e2461f,BONJOURLAFUITE,,2026-03-31,Vaucluse Provence Attractivité,vaucluse provence attractivite,,Vaucluse Provence Attractivité,https://bonjourlafuite.eu.org/img/vaucluse-provence-attractivite.png,ITM-1e43c437c74b3c6c,CYBERATTAQUE_ORG,162,2026-03-31,Vaucluse Provence Attractivité,vaucluse provence attractivite,,Vaucluse Provence Attractivité : des clients ciblés après une cyberattaque,https://www.cyberattaque.org/vaucluse-provence-attractivite-des-clients-cibles-apres-une-cyberattaque/
POSSIBLE_FALSE_MERGE,MERGE_REVIEW_WEAK_CANONICAL_NAME,0,,ITM-e8a9ff7d0295734a,BONJOURLAFUITE,,2026-04-01,Force Ouvrière,force ouvriere,,Force Ouvrière,https://bonjourlafuite.eu.org/img/fo.png,ITM-23c3e5e8d480aef2,CYBERATTAQUE_ORG,174,2026-04-01,Force Ouvrière,force ouvriere,,Force Ouvrière (FO) : plus de 160 000 profils exposés dans une fuite de données,https://www.cyberattaque.org/fo-plus-de-160-000-profils-exposes-dans-une-fuite-de-donnees/
POSSIBLE_FALSE_MERGE,MERGE_REVIEW_WEAK_CANONICAL_NAME,0,,ITM-45b5bba10a7796b4,CYBERATTAQUE_ORG,172,2026-04-01,Notre-Dame du Grandchamp,notre dame du grandchamp,,Notre-Dame du Grandchamp : des milliers d’élèves exposés après une cyberattaque,https://www.cyberattaque.org/notre-dame-du-grandchamp-des-milliers-deleves-exposes-apres-une-cyberattaque/,ITM-1d7c7ad9592b5ba2,RANSOMWARE_LIVE,,2026-04-01,Notre Dame du Grandchamp,notre dame du grandchamp,,Notre Dame du Grandchamp revendiqué par nightspire,https://www.nd-grandchamp.fr
POSSIBLE_FALSE_MERGE,MERGE_REVIEW_WEAK_CANONICAL_NAME,0,,ITM-ca7f0a3243815e6c,BONJOURLAFUITE,,2026-04-02,Gold Union,gold union,393472766,Gold Union,https://bonjourlafuite.eu.org/img/gold-union.png,ITM-d90ed50c38bf2e83,CYBERATTAQUE_ORG,198,2026-04-02,Gold Union,gold union,393472766,Gold Union : plus de 120 000 acheteurs d’or exposés avec pièces d’identité et transactions,https://www.cyberattaque.org/gold-union-fuite-critique-avec-documents-didentite-et-donnees-bancaires-exposes/
POSSIBLE_FALSE_MERGE,MERGE_REVIEW_WEAK_CANONICAL_NAME,0,,ITM-bf749ed5ff0d8336,CYBERATTAQUE_ORG,204,2026-04-02,Serap,serap,,Serap : ransomware avec 50 Go de données menacés,https://www.cyberattaque.org/serap-ransomware-avec-50-go-de-donnees-menaces/,ITM-9cfb605da9a64bbe,RANSOMWARE_LIVE,,2026-04-02,Serap,serap,,Serap revendiqué par akira,https://groupeserap.com
POSSIBLE_FALSE_MERGE,MERGE_REVIEW_WEAK_CANONICAL_NAME,0,,ITM-ceb889fb3480c817,BONJOURLAFUITE,,2026-04-02,Under Armour,under armour,492198460,Under Armour,https://bonjourlafuite.eu.org/img/under-armour.png,ITM-2d70763cbfb162a1,CYBERATTAQUE_ORG,210,2026-04-02,Under Armour,under armour,492198460,Under Armour : la marque avertit ses clients français après la fuite de 72 millions de comptes,https://www.cyberattaque.org/under-armour-marque-avertit-clients-francais-fuite-72-millions-comptes/
POSSIBLE_FALSE_MERGE,MERGE_REVIEW_WEAK_CANONICAL_NAME,0,,ITM-39b6b41eeb5dc3bb,BONJOURLAFUITE,,2026-04-04,Fédération Française de Rugby,federation francaise de rugby,,Fédération Française de Rugby,https://bonjourlafuite.eu.org/img/ffr.png,ITM-6b6b114355b4e382,CYBERATTAQUE_ORG,265,2026-04-04,Fédération Française de Rugby,federation francaise de rugby,,Fédération Française de Rugby : réaction de la FFR à la fuite de ses 500 000 licenciés,https://www.cyberattaque.org/federation-francaise-de-rugby-plus-de-500-000-licencies-exposes/
POSSIBLE_FALSE_MERGE,MERGE_REVIEW_WEAK_CANONICAL_NAME,0,,ITM-9d9d1376f1b77c8f,BONJOURLAFUITE,,2026-04-06,AlumnForce,alumnforce,,AlumnForce,https://www.cyberattaque.org/alumnforce-2-7-millions-etudiants-exposes/,ITM-539e9416bad4a918,CYBERATTAQUE_ORG,305,2026-04-06,AlumnForce,alumnforce,,"AlumnForce : 2,7 millions d’étudiants et diplômés exposés",https://www.cyberattaque.org/alumnforce-2-7-millions-etudiants-exposes/
POSSIBLE_FALSE_MERGE,MERGE_REVIEW_WEAK_CANONICAL_NAME,0,,ITM-628755b3a7846d5c,CYBERATTAQUE_ORG,332,2026-04-06,Gauthier Connectique,gauthier connectique,,Gauthier Connectique (nicomatic) : 42 Go de données sensibles menacés après une cyberattaque,https://www.cyberattaque.org/gauthier-connectique-nicomatic-42-go-de-donnees-sensibles-menaces-apres-une-cyberattaque/,ITM-d28051fafeac1245,RANSOMWARE_LIVE,,2026-04-06,Gauthier Connectique,gauthier connectique,,Gauthier Connectique revendiqué par akira,https://gauthierconnectique.com
POSSIBLE_FALSE_MERGE,MERGE_REVIEW_WEAK_CANONICAL_NAME,0,,ITM-3421f9f17f7348e3,BONJOURLAFUITE,,2026-04-06,Ymed,ymed,843016023,Ymed,https://bonjourlafuite.eu.org/img/ymed.png,ITM-cfef6105a170d038,CYBERATTAQUE_ORG,302,2026-04-06,YMED,ymed,843016023,"YMED (SOONCARE) : 253 000 patients exposés, 132 Go de données médicales exfiltrés",https://www.cyberattaque.org/ymed-sooncare-253-000-patients-exposes-132-go-de-donnees-medicales-exfiltres/
POSSIBLE_FALSE_MERGE,MERGE_REVIEW_WEAK_CANONICAL_NAME,0,,ITM-ce24145b3039bbc0,BONJOURLAFUITE,,2026-04-07,KFC,kfc,,KFC,https://bonjourlafuite.eu.org/img/kfc.png,ITM-82ce5dcedf7e0911,CYBERATTAQUE_ORG,348,2026-04-07,KFC,kfc,,KFC : fuite de données sur le programme fidélité Colonel Club,https://www.cyberattaque.org/kfc-fuite-de-donnees-sur-le-programme-fidelite-colonel-club/
POSSIBLE_FALSE_MERGE,MERGE_REVIEW_WEAK_CANONICAL_NAME,0,,ITM-1a9b3e882ac9ef7a,CYBERATTAQUE_ORG,387,2026-04-08,Diamond,diamond,,Diamond : les documents OneDrive et SharePoint divulgués par le groupe Gunra,https://www.cyberattaque.org/diamond-les-documents-onedrive-et-sharepoint-divulgues-par-le-groupe-gunra/,ITM-b3f2d99e99e17110,RANSOMWARE_LIVE,,2026-04-08,Diamond,diamond,,Diamond revendiqué par gunra,http://lgiil72vkmdtbc3qv4tyq6wedyjxqr2qd4ze7xl2cxgerdnymxj7soqd.onion/company/PEB8x_juWat7MUfka-l93
POSSIBLE_FALSE_MERGE,MERGE_REVIEW_WEAK_CANONICAL_NAME,0,,ITM-0724785a877742c0,BONJOURLAFUITE,,2026-04-12,Booking,booking,315667170,Booking,https://bonjourlafuite.eu.org/img/booking.png,ITM-cf71d3eb1d53642b,CYBERATTAQUE_ORG,484,2026-04-12,Booking.com,booking,315667170,Booking.com : les données de réservation de ses clients exposées,https://www.cyberattaque.org/booking-com-les-donnees-de-reservation-de-ses-clients-exposees/
POSSIBLE_FALSE_MERGE,MERGE_REVIEW_WEAK_CANONICAL_NAME,0,,ITM-cccbb065e9daf7f6,BONJOURLAFUITE,,2026-04-13,Basic Fit,basic fit,,Basic Fit,https://bonjourlafuite.eu.org/img/basic-fit.png,ITM-4879fc78a32b9a32,CYBERATTAQUE_ORG,492,2026-04-13,Basic-Fit,basic fit,,"Basic-Fit : 1 million de clients touchés, des coordonnées bancaires exposées après une cyberattaque",https://www.cyberattaque.org/basic-fit-1-million-de-clients-touches-des-coordonnees-bancaires-exposees-apres-une-cyberattaque/
POSSIBLE_FALSE_MERGE,MERGE_REVIEW_WEAK_CANONICAL_NAME,1,,ITM-737920915fbb19df,RANSOMWARE_LIVE,,2026-04-13,CNAOC,cnaoc,,CNAOC revendiqué par lamashtu,http://lamashtux5j74mcm7lwwgn5yrvuwtrpxjoyendif3v3hrztjesfoyayd.onion/post/9ca4f70dcc71e29f98249373bebb5ed0,ITM-ad8244a335639038,CYBERATTAQUE_ORG,530,2026-04-14,CNAOC,cnaoc,,CNAOC : 30 ans d’archives internes et données sensibles exposées après une cyberattaque,https://www.cyberattaque.org/cnaoc-30-ans-darchives-internes-et-donnees-sensibles-exposees-apres-une-cyberattaque/
POSSIBLE_FALSE_MERGE,MERGE_REVIEW_WEAK_CANONICAL_NAME,1,,ITM-32adc4810c1b28f3,BONJOURLAFUITE,,2026-04-13,ImmoJeune,immojeune,,ImmoJeune,https://bonjourlafuite.eu.org/img/immojeune.png,ITM-f33a350a786d3337,CYBERATTAQUE_ORG,504,2026-04-14,ImmoJeune,immojeune,,ImmoJeune : fuite de données confirmée après un accès frauduleux,https://www.cyberattaque.org/immojeune-fuite-de-donnees-confirmee-apres-un-acces-frauduleux/
POSSIBLE_FALSE_MERGE,MERGE_REVIEW_WEAK_CANONICAL_NAME,2,,ITM-ff2cc39a37c3f651,CYBERATTAQUE_ORG,542,2026-04-15,Brit Hotel,brit hotel,,Brit Hotel : 682 000 membres du programme fidélité dans une fuite de données,https://www.cyberattaque.org/brit-hotel-682-000-membres-du-programme-fidelite-dans-une-fuite-de-donnees/,ITM-00e3e6e37ab04d64,BONJOURLAFUITE,,2026-04-17,Brit Hotel,brit hotel,,Brit Hotel,https://bonjourlafuite.eu.org/img/brit-hotel.png
POSSIBLE_FALSE_MERGE,MERGE_REVIEW_WEAK_CANONICAL_NAME,1,,ITM-b96135c6ec8d1130,BONJOURLAFUITE,,2026-04-15,France Titre / ANTS,france titre ants,,France Titre / ANTS,https://bonjourlafuite.eu.org/img/france-titre.png,ITM-b5fdd2d18d6b6f52,CYBERATTAQUE_ORG,577,2026-04-16,France titre ANTS,france titre ants,,France titre ANTS : une fuite touche près de 12 millions de Français,https://www.cyberattaque.org/cyberattaque-ants-france-titre-18-millions-de-profils-francais-mis-en-vente/
POSSIBLE_FALSE_MERGE,MERGE_REVIEW_WEAK_CANONICAL_NAME,1,,ITM-b049b9a40149154f,CYBERATTAQUE_ORG,549,2026-04-15,Police nationale,police nationale,,"Police nationale : cyberattaque contre la plateforme e-campus, 176k agents touchés",https://www.cyberattaque.org/police-nationale-cyberattaque-contre-la-plateforme-e-campus/,ITM-166bd5cffe402fcb,BONJOURLAFUITE,,2026-04-16,Police Nationale,police nationale,,Police Nationale,https://bonjourlafuite.eu.org/img/police-nationale.jpg
POSSIBLE_FALSE_MERGE,MERGE_REVIEW_WEAK_CANONICAL_NAME,0,,ITM-e9d1640a653adff2,BONJOURLAFUITE,,2026-04-17,Bazar du Manga,bazar du manga,897430427,Bazar du Manga,https://bonjourlafuite.eu.org/img/bazar-manga.png,ITM-10bc2de399feb216,CYBERATTAQUE_ORG,590,2026-04-17,Bazar du Manga,bazar du manga,897430427,Bazar du Manga : fuite de données confirmée après les démarchage des clients,https://www.cyberattaque.org/bazar-du-manga-fuite-de-donnees-confirmee-apres-les-demarchage-des-clients/
POSSIBLE_FALSE_MERGE,MERGE_REVIEW_WEAK_ALIAS,1,,ITM-8daad3dbf9019014,BONJOURLAFUITE,,2026-04-17,Jeu Jouet,jeujouet,,Jeu Jouet,https://bonjourlafuite.eu.org/img/jeu-jouet.png,ITM-213f922056c63ae5,CYBERATTAQUE_ORG,628,2026-04-18,JeuJouet.com,jeujouet,,JeuJouet.com : alerte ses clients après une cyberattaque sur son e-commerce,https://www.cyberattaque.org/jeujouet-com-alerte-ses-clients-apres-une-cyberattaque-sur-son-e-commerce/
POSSIBLE_FALSE_MERGE,MERGE_REVIEW_WEAK_CANONICAL_NAME,1,,ITM-4f1645b29b463600,BONJOURLAFUITE,,2026-04-17,Moulin Roty,moulin roty,320722143,Moulin Roty,https://bonjourlafuite.eu.org/img/moulin-roty.png,ITM-bb0576894f6aa30f,CYBERATTAQUE_ORG,625,2026-04-18,Moulin Roty,moulin roty,320722143,Moulin Roty : les données clients exposés après cyberattaque,https://www.cyberattaque.org/moulin-roty-les-donnees-clients-exposes-apres-cyberattaque/
POSSIBLE_FALSE_MERGE,MERGE_REVIEW_WEAK_CANONICAL_NAME,1,,ITM-8f3a0130248034f0,RANSOMWARE_LIVE,,2026-04-20,Engie,engie,,Engie revendiqué par coinbasecartel,http://fjg4zi4opkxkvdz7mvwp7h6goe4tcby3hhkrz43pht4j3vakhy75znyd.onion/companies/engie,ITM-d2d1dcd7fa40be8e,CYBERATTAQUE_ORG,679,2026-04-21,Engie,engie,,Engie : une cyberattaque revendiquée par un groupe ransomware,https://www.cyberattaque.org/engie-une-cyberattaque-revendiquee-par-un-groupe-ransomware/
POSSIBLE_FALSE_MERGE,MERGE_REVIEW_WEAK_CANONICAL_NAME,0,,ITM-005a36176dc24a3a,CYBERATTAQUE_ORG,675,2026-04-20,Gueguen Avocats,gueguen avocats,,Gueguen Avocats : une fuite de données revendiquée avec des milliers de documents exposés,https://www.cyberattaque.org/gueguen-avocats-une-fuite-de-donnees-revendiquee-avec-des-milliers-de-documents-exposes/,ITM-337671434c9f4562,RANSOMWARE_LIVE,,2026-04-20,GUEGUEN Avocats,gueguen avocats,,GUEGUEN Avocats revendiqué par qilin,http://ijzn3sicrcy7guixkzjkib4ukbiilwc3xhnmby4mcbccnsd7j2rekvqd.onion/site/blog?uuid=bfe4f5a0-89c7-4751-bce6-b2fb8a332f39
POSSIBLE_FALSE_MERGE,MERGE_REVIEW_WEAK_CANONICAL_NAME,0,,ITM-b0891a9a217dbaa8,CYBERATTAQUE_ORG,688,2026-04-21,Sterimed,sterimed,,Sterimed : des fichiers internes publiés après une cyberattaque,https://www.cyberattaque.org/sterimed-des-fichiers-internes-publies-apres-une-cyberattaque/,ITM-2c5f5d803c594745,RANSOMWARE_LIVE,,2026-04-21,STERIMED,sterimed,,STERIMED revendiqué par qilin,http://ijzn3sicrcy7guixkzjkib4ukbiilwc3xhnmby4mcbccnsd7j2rekvqd.onion/site/blog?uuid=afa2db4c-b35b-40aa-9812-82a35ab9c6bf
POSSIBLE_FALSE_MERGE,MERGE_REVIEW_WEAK_CANONICAL_NAME,0,,ITM-731439817b4fe753,BONJOURLAFUITE,,2026-04-22,Rituals,rituals,,Rituals,https://bonjourlafuite.eu.org/img/rituals.png,ITM-6261906376079f45,CYBERATTAQUE_ORG,698,2026-04-22,Rituals,rituals,,Rituals : les données personnelles des clients en fuite après une cyberattaque,https://www.cyberattaque.org/rituals-les-donnees-personnelles-des-clients-en-fuite-apres-une-cyberattaque/
POSSIBLE_FALSE_MERGE,MERGE_REVIEW_WEAK_CANONICAL_NAME,1,,ITM-0301e932a02d3c7b,BONJOURLAFUITE,,2026-04-22,Wazari,wazari,,Wazari,https://bonjourlafuite.eu.org/img/wazari.png,ITM-6cd906cccf4e1d39,CYBERATTAQUE_ORG,718,2026-04-23,Wazari,wazari,,Wazari: les données clients en fuite après la cyberattaque d’Assuréa,https://www.cyberattaque.org/wazari-les-donnees-clients-en-fuite-apres-la-cyberattaque-dassurea/
POSSIBLE_FALSE_MERGE,MERGE_REVIEW_WEAK_CANONICAL_NAME,0,,ITM-a19c3225b871ccd1,BONJOURLAFUITE,,2026-04-23,Parcoursup,parcoursup,130024805,Parcoursup,https://www.enseignementsup-recherche.gouv.fr/fr/incident-de-securite-affectant-les-donnees-de-certains-candidats-des-sessions-parcoursup-2023-et-101350,ITM-4541376470a8e8fa,CYBERATTAQUE_ORG,728,2026-04-23,Parcoursup,parcoursup,130024805,Parcoursup : fuite de données de 705 000 candidats après un accès frauduleux en Occitanie,https://www.cyberattaque.org/parcoursup-fuite-de-donnees-de-705-000-candidats-apres-un-acces-frauduleux-en-occitanie/
POSSIBLE_FALSE_MERGE,MERGE_REVIEW_WEAK_CANONICAL_NAME,3,,ITM-2896155f813de93a,CYBERATTAQUE_ORG,750,2026-04-24,Agence de services et de paiement,agence de services et de paiement,130006372,"Agence de services et de paiement (ASP): fuite de données sensibles, NIR et IBAN exposés",https://www.cyberattaque.org/agence-de-services-et-de-paiement-asp-fuite-de-donnees-sensibles-nir-et-iban-exposes/,ITM-884675afe5968ccc,BONJOURLAFUITE,,2026-04-27,Agence de Services et de Paiement,agence de services et de paiement,130006372,Agence de Services et de Paiement,https://bonjourlafuite.eu.org/img/asp.png
POSSIBLE_FALSE_MERGE,MERGE_REVIEW_WEAK_CANONICAL_NAME,0,,ITM-c389af547863c329,CYBERATTAQUE_ORG,756,2026-04-24,STOR Solutions,stor solutions,,STOR Solutions : un hacker revendique l’accès à 120 000 onduleurs et aux systèmes du datacenter,https://www.cyberattaque.org/stor-solutions-datacenter-cyberattaque-canal-alpha/,ITM-2db30989bdd24f2f,VEILLE_LLM,,2026-04-24,STOR Solutions,stor solutions,,STOR Solutions : Intrusion,https://github.com/Ya7o/Cyberwatch/blob/main/sources/veillellm/cyberattaques_reunion_mayotte_2026.json
POSSIBLE_FALSE_MERGE,MERGE_REVIEW_WEAK_CANONICAL_NAME,0,,ITM-9ad83ebdae6c5575,CYBERATTAQUE_ORG,846,2026-04-27,Exclusive Networks,exclusive networks,,Exclusive Networks : cyberattaque chez un acteur clé des solutions de cybersécurité,https://www.cyberattaque.org/exclusive-networks-cyberattaque-chez-un-acteur-cle-des-solutions-de-cybersecurite/,ITM-6a8c316d3b798998,RANSOMWARE_LIVE,,2026-04-27,Exclusive Networks,exclusive networks,,Exclusive Networks revendiqué par qilin,http://ijzn3sicrcy7guixkzjkib4ukbiilwc3xhnmby4mcbccnsd7j2rekvqd.onion/site/blog?uuid=00bee91c-d577-4927-8a0f-b8a6ea4b6d37
POSSIBLE_FALSE_MERGE,MERGE_REVIEW_WEAK_CANONICAL_NAME,1,,ITM-8817ff72468c8bb3,BONJOURLAFUITE,,2026-04-28,Acrimed,acrimed,,Acrimed,https://bonjourlafuite.eu.org/img/acrimed.png,ITM-f5edd42642e73433,CYBERATTAQUE_ORG,873,2026-04-29,Acrimed,acrimed,,Acrimed : la boutique en ligne victime d’une cyberattaque,https://www.cyberattaque.org/acrimed-la-boutique-en-ligne-victime-dune-cyberattaque/
POSSIBLE_FALSE_MERGE,MERGE_REVIEW_WEAK_CANONICAL_NAME,0,,ITM-a777e7f2bc1409da,BONJOURLAFUITE,,2026-04-30,Ankama,ankama,,Ankama,https://bonjourlafuite.eu.org/img/ankama.png,ITM-c5b1a45c1f6d719b,CYBERATTAQUE_ORG,907,2026-04-30,Ankama,ankama,,Ankama : les coordonnées de ses clients exposées après une cyberattaque,https://www.cyberattaque.org/ankama-les-coordonnees-de-ses-clients-exposees-apres-une-cyberattaque/
POSSIBLE_FALSE_MERGE,MERGE_REVIEW_WEAK_CANONICAL_NAME,0,,ITM-1124113b8a57eb93,BONJOURLAFUITE,,2026-04-30,Umanens,umanens,,Umanens,https://bonjourlafuite.eu.org/img/umanens.png,ITM-fbe345a97a247b1e,CYBERATTAQUE_ORG,933,2026-04-30,Umanens,umanens,,Umanens (Mutuelle Familiale) : les documents d’identité et RIB exposés après une cyberattaque,https://www.cyberattaque.org/umanens-mutuelle-familiale-les-documents-didentite-et-rib-exposes-apres-un-incident-de-securite/
POSSIBLE_FALSE_MERGE,MERGE_REVIEW_WEAK_CANONICAL_NAME,0,,ITM-65fc228311f0ac68,CYBERATTAQUE_ORG,1026,2026-05-05,Erla Technologies,erla technologies,,Erla Technologies : une fuite de données revendiquée par un ransomware,https://www.cyberattaque.org/erla-technologies-une-fuite-de-donnees-revendiquee-par-un-ransomware/,ITM-246da658d179e870,RANSOMWARE_LIVE,,2026-05-05,Erla Technologies SAS,erla technologies,,Erla Technologies SAS revendiqué par spacebears,http://5butbkrljkaorg5maepuca25oma7eiwo6a2rlhvkblb4v6mf3ki2ovid.onion/companies/38/erla-technologies-sas
POSSIBLE_FALSE_MERGE,MERGE_REVIEW_WEAK_CANONICAL_NAME,2,,ITM-b399093caeec76f7,CYBERATTAQUE_ORG,1029,2026-05-06,Bouygues Telecom,bouygues telecom,,"Bouygues Telecom : 4,1 millions de clients fibre exposés dans une fuite massive",https://www.cyberattaque.org/bouygues-telecom-41-millions-de-clients-fibre-exposes-dans-une-fuite-massive/,ITM-4f622a23e140c541,BONJOURLAFUITE,,2026-05-08,Bouygues Telecom,bouygues telecom,,Bouygues Telecom,https://bonjourlafuite.eu.org/img/bouygues-2.png
POSSIBLE_FALSE_MERGE,MERGE_REVIEW_WEAK_CANONICAL_NAME,1,,ITM-2aa8d0673a0a0bdf,RANSOMWARE_LIVE,,2026-05-07,Soprolux,soprolux,,Soprolux revendiqué par bravox,http://bravoxxwcfz5qk43ychgveprpd5mw5hvxfs4a2uz2okx7mumiht4fzyd.onion/blog/f694a27d-555d-44dd-ba93-78109a141cf5,ITM-fa4e2699a798669f,CYBERATTAQUE_ORG,1069,2026-05-08,Soprolux,soprolux,,Soprolux : les documents bancaires et données clients diffusés après une cyberattaque,https://www.cyberattaque.org/soprolux-les-documents-bancaires-et-donnees-clients-diffuses-apres-une-cyberattaque/
POSSIBLE_FALSE_MERGE,MERGE_REVIEW_WEAK_CANONICAL_NAME,0,,ITM-df4119491f1ab037,BONJOURLAFUITE,,2026-05-08,Arsène Valentin,arsene valentin,,Arsène Valentin,https://bonjourlafuite.eu.org/img/arsene-valentin.png,ITM-2a98e1f1110fd74e,CYBERATTAQUE_ORG,1064,2026-05-08,Arsène Valentin,arsene valentin,,Arsène Valentin : des données clients exposées après l’injection d’un code malveillant sur le site,https://www.cyberattaque.org/arsene-valentin-des-donnees-clients-exposees-apres-linjection-dun-code-malveillant-sur-le-site/
POSSIBLE_FALSE_MERGE,MERGE_REVIEW_WEAK_CANONICAL_NAME,0,,ITM-79ff395b4b5864a4,CYBERATTAQUE_ORG,1257,2026-05-13,A.R.Ge.Co,a r ge co,,A.R.Ge.Co : les données comptables et financières diffusées après une cyberattaque,https://www.cyberattaque.org/a-r-ge-co-les-donnees-comptables-et-financieres-diffusees-apres-une-cyberattaque/,ITM-c98e62d20fec910a,RANSOMWARE_LIVE,,2026-05-13,A.R.Ge.Co,a r ge co,,A.R.Ge.Co revendiqué par anubis,http://om6q4a6cyipxvt7ioudxt24cw4oqu4yodmqzl25mqd2hgllymrgu4aqd.onion/r/z38pgAfmNL92BXbX7tc3ZV6mW2ewomwgHeo31fl1sV+x9eqqgqQauFPBe8rzwVPvL6akXlx1nwP5OprSKlLKnpHTFNCeDE4
POSSIBLE_FALSE_MERGE,MERGE_REVIEW_WEAK_CANONICAL_NAME,0,,ITM-8c43763b416fa35b,CYBERATTAQUE_ORG,1264,2026-05-13,Domaine des Tournels,domaine des tournels,,Le Domaine des Tournels ciblé par une cyberattaque,https://www.cyberattaque.org/le-domaine-des-tournels-cible-par-une-cyberattaque/,ITM-2f0f5128964772ac,RANSOMWARE_LIVE,,2026-05-13,Domaine Des Tournels,domaine des tournels,,Domaine Des Tournels revendiqué par qilin,http://ijzn3sicrcy7guixkzjkib4ukbiilwc3xhnmby4mcbccnsd7j2rekvqd.onion/site/blog?uuid=be7f5030-e850-4c5f-b6a9-0b7efaae79d8
POSSIBLE_FALSE_MERGE,MERGE_REVIEW_WEAK_CANONICAL_NAME,1,,ITM-59c2e598ee47471d,RANSOMWARE_LIVE,,2026-05-16,Transitions Pro Centre Val de Loire,transitions pro centre val de loire,,Transitions Pro Centre Val de Loire revendiqué par PrinzEugen,http://prinzfkbjiazbrur4mjje6mntjc4vydx3iatkkzycufoylqcoo4y7pqd.onion/transitions-pro-centre-val-de-loire,ITM-957af030cd68ea4a,CYBERATTAQUE_ORG,1325,2026-05-17,Transitions Pro Centre-Val de Loire,transitions pro centre val de loire,,Transitions Pro Centre-Val de Loire : des dizaines de Go de données menacées après un ransomware,https://www.cyberattaque.org/transitions-pro-centre-val-de-loire-des-dizaines-de-go-de-donnees-menacees-apres-un-ransomware/
POSSIBLE_FALSE_MERGE,MERGE_REVIEW_WEAK_CANONICAL_NAME,1,,ITM-19791620146f2ed3,BONJOURLAFUITE,,2026-05-17,Gîtes de France,gites de france,,Gîtes de France,https://bonjourlafuite.eu.org/img/gites-de-france.png,ITM-8ecc4929c8252388,BONJOURLAFUITE,,2026-05-18,Gîtes de France,gites de france,,Gîtes de France,https://www.tf1info.fr/justice-faits-divers/vol-de-donnees-gites-de-france-vise-a-son-tour-par-une-cyberattaque-pres-de-400-000-clients-potentiellement-concernes-2442055.html
POSSIBLE_FALSE_MERGE,MERGE_REVIEW_WEAK_CANONICAL_NAME,0,,ITM-19791620146f2ed3,BONJOURLAFUITE,,2026-05-17,Gîtes de France,gites de france,,Gîtes de France,https://bonjourlafuite.eu.org/img/gites-de-france.png,ITM-0a082f20eda672d9,CYBERATTAQUE_ORG,1321,2026-05-17,Gîtes de France,gites de france,,Gîtes de France : les réservations de 389 000 clients dans une fuite de données,https://www.cyberattaque.org/gites-de-france-les-reservations-de-389-000-clients-dans-une-fuite-de-donnees/
POSSIBLE_FALSE_MERGE,MERGE_REVIEW_WEAK_CANONICAL_NAME,1,,ITM-0a082f20eda672d9,CYBERATTAQUE_ORG,1321,2026-05-17,Gîtes de France,gites de france,,Gîtes de France : les réservations de 389 000 clients dans une fuite de données,https://www.cyberattaque.org/gites-de-france-les-reservations-de-389-000-clients-dans-une-fuite-de-donnees/,ITM-8ecc4929c8252388,BONJOURLAFUITE,,2026-05-18,Gîtes de France,gites de france,,Gîtes de France,https://www.tf1info.fr/justice-faits-divers/vol-de-donnees-gites-de-france-vise-a-son-tour-par-une-cyberattaque-pres-de-400-000-clients-potentiellement-concernes-2442055.html
POSSIBLE_FALSE_MERGE,MERGE_REVIEW_WEAK_CANONICAL_NAME,0,,ITM-1941a3ab487817da,CYBERATTAQUE_ORG,1355,2026-05-18,Groupe CRIT,groupe crit,,Groupe CRIT : les documents RH et des pièces d’identité d’une filiale tunisienne exposés,https://www.cyberattaque.org/groupe-crit-les-documents-rh-et-des-pieces-didentite-exposes/,ITM-2ba3e3c2f36fb9f7,RANSOMWARE_LIVE,,2026-05-18,Groupe CRIT SA,groupe crit,,Groupe CRIT SA revendiqué par titan,https://titanblog.org/post/all-files-encrypted-critical-data-downloaded-analyzed-k71x92z9uc
POSSIBLE_FALSE_MERGE,MERGE_REVIEW_WEAK_ALIAS,0,,ITM-5c2e0a1a7c553b74,BONJOURLAFUITE,,2026-05-21,McDonald's France,mcdonald s,722003936,McDonald's France,https://www.lefigaro.fr/secteur/high-tech/mcdonald-s-france-victime-d-une-fuite-de-donnees-des-comptes-fidelite-debites-20260521,ITM-55009a7fcb0bbb0b,CYBERATTAQUE_ORG,1381,2026-05-21,McDonald’s,mcdonald s,722003936,McDonald’s touché par une cyberattaque : des comptes fidélité utilisés à l’insu des clients,https://www.cyberattaque.org/mcdonalds-touche-par-une-cyberattaque-des-comptes-fidelite-utilises-a-linsu-des-clients/
POSSIBLE_FALSE_MERGE,MERGE_REVIEW_WEAK_CANONICAL_NAME,1,,ITM-1e10bd27f0de50d5,BONJOURLAFUITE,,2026-05-22,Camping Car Plus,camping car plus,,Camping Car Plus,https://bonjourlafuite.eu.org/img/campingcarplus.png,ITM-9f6678f10f2f2337,CYBERATTAQUE_ORG,1418,2026-05-23,Camping-Car Plus,camping car plus,,"Camping-Car Plus : victime d’une fuite de données, les mots de passe exposés",https://www.cyberattaque.org/camping-car-plus-victime-dune-fuite-de-donnees-les-mots-de-passe-exposes/
POSSIBLE_FALSE_MERGE,MERGE_REVIEW_WEAK_CANONICAL_NAME,0,,ITM-6e3243743693785c,CYBERATTAQUE_ORG,1524,2026-05-29,Somafix,somafix,,"Somafix sous la menace d’un ransomware, 10 Go de données revendiqués",https://www.cyberattaque.org/somafix-sous-la-menace-dun-ransomware-10-go-de-donnees-revendiques/,ITM-22156441c933a214,RANSOMWARE_LIVE,,2026-05-29,SOMAFIX,somafix,,SOMAFIX revendiqué par gunra,https://somafix.fr
POSSIBLE_FALSE_MERGE,MERGE_REVIEW_WEAK_CANONICAL_NAME,0,,ITM-20ebf0b4645653ac,CYBERATTAQUE_ORG,1533,2026-05-31,Air Austral,air austral,,Air Austral : les données de 1 000 employés diffusées publiquement,https://www.cyberattaque.org/air-austral-les-donnees-de-1-000-employes-diffusees-publiquement/,ITM-0a6898b2be76a259,VEILLE_LLM,,2026-05-31,Air Austral,air austral,,Air Austral : Fuite de données,https://github.com/Ya7o/Cyberwatch/blob/main/sources/veillellm/cyberattaques_reunion_mayotte_2026.json
POSSIBLE_FALSE_MERGE,MERGE_REVIEW_WEAK_CANONICAL_NAME,2,,ITM-2b9d8705c52c56ca,BONJOURLAFUITE,,2026-06-01,Carvivo,carvivo,819173634,Carvivo,https://bonjourlafuite.eu.org/img/carvivo.png,ITM-98a9777be59f5417,CYBERATTAQUE_ORG,1576,2026-06-03,Carvivo,carvivo,819173634,Carvivo : 15 millions d’automobilistes revendiqués dans une fuite massive,https://www.cyberattaque.org/carvivo-15-millions-dautomobilistes-revendiques-dans-une-fuite-massive/
POSSIBLE_FALSE_MERGE,MERGE_REVIEW_WEAK_CANONICAL_NAME,1,,ITM-79d6014bde53dcf9,BONJOURLAFUITE,,2026-06-04,Goodvest,goodvest,889263117,Goodvest,https://bonjourlafuite.eu.org/img/goodvest.png,ITM-ca067630b425e2dc,CYBERATTAQUE_ORG,1600,2026-06-05,Goodvest,goodvest,889263117,Goodvest victime d’une cyberattaque : des données patrimoniales de clients exposées,https://www.cyberattaque.org/goodvest-victime-dune-cyberattaque-des-donnees-patrimoniales-de-clients-exposees/
POSSIBLE_FALSE_MERGE,MERGE_REVIEW_WEAK_CANONICAL_NAME,1,,ITM-f317e63262487dbd,BONJOURLAFUITE,,2026-06-08,Au vieux campeur,au vieux campeur,,Au vieux campeur,https://bonjourlafuite.eu.org/img/vieux-campeur.png,ITM-268ef524b2d70fb5,CYBERATTAQUE_ORG,1620,2026-06-09,Au Vieux Campeur,au vieux campeur,,"Au Vieux Campeur victime d’une cyberattaque, une enquête est en cours",https://www.cyberattaque.org/au-vieux-campeur-victime-dune-cyberattaque-une-enquete-est-en-cours/
POSSIBLE_FALSE_MERGE,MERGE_REVIEW_WEAK_ALIAS,3,,ITM-1fd99d34255bf919,CYBERATTAQUE_ORG,1619,2026-06-09,Nantes Métropole,metropole de nantes,,Nantes Métropole : les coordonnées de plus de 5 000 agents municipaux en fuite,https://www.cyberattaque.org/nantes-metropole-les-coordonnees-de-plus-de-5-000-agents-municipaux-en-fuite/,ITM-41ce3144208bea57,BONJOURLAFUITE,,2026-06-12,Nantes Métropole,metropole de nantes,,Nantes Métropole,https://bonjourlafuite.eu.org/img/naonantes.png
POSSIBLE_FALSE_MERGE,MERGE_REVIEW_WEAK_ALIAS,1,,ITM-255f58fa365fcd72,CYBERATTAQUE_ORG,1689,2026-06-14,SSTRN,service de sante au travail en region nantaise,,SSTRN : plus de 355 000 salariés voient leur historique de médecine du travail exposé,https://www.cyberattaque.org/sstrn-plus-de-355-000-salaries-voient-leur-historique-de-medecine-du-travail-expose/,ITM-383d8a66ff6e2220,BONJOURLAFUITE,,2026-06-15,Service de Santé au Travail en Région Nantaise,service de sante au travail en region nantaise,,Service de Santé au Travail en Région Nantaise,https://www.sstrn.fr/actualites/incident-securite-concernant-donnees-nos-adherents
POSSIBLE_FALSE_MERGE,MERGE_REVIEW_WEAK_CANONICAL_NAME,0,,ITM-c36adf82e2aed6a3,BONJOURLAFUITE,,2026-06-22,Fédération Sportive de la Police Nationale,federation sportive de la police nationale,410910863,Fédération Sportive de la Police Nationale,https://www.lemondeinformatique.fr/actualites/lire-la-federation-sportive-de-la-police-nationale-enquete-sur-une-fuite-de-donnees-100522.html,ITM-12a4ed2f1cf8e7e8,CYBERATTAQUE_ORG,1755,2026-06-22,Fédération Sportive de la Police Nationale,federation sportive de la police nationale,410910863,Fédération Sportive de la Police Nationale : les données de plus de 70 000 policiers en fuite,https://www.cyberattaque.org/federation-sportive-de-la-police-nationale-les-donnees-de-plus-de-70-000-policiers-en-fuite/
POSSIBLE_FALSE_MERGE,MERGE_REVIEW_WEAK_CANONICAL_NAME,1,,ITM-bfd05428131d7138,CYBERATTAQUE_ORG,1793,2026-06-25,Insee,insee,,Insee : 12 800 agents de l’Insee dans une fuite de données internes,https://www.cyberattaque.org/insee-12-800-agents-de-linsee-dans-une-fuite-de-donnees-internes/,ITM-9c445199e7e2d045,BONJOURLAFUITE,,2026-06-26,INSEE,insee,,INSEE,https://www.insee.fr/fr/information/9016741
POSSIBLE_FALSE_MERGE,MERGE_REVIEW_WEAK_CANONICAL_NAME,3,,ITM-c36d17638bb274fd,CYBERATTAQUE_ORG,1839,2026-06-30,Trenitalia,trenitalia,,Trenitalia : les données de voyageurs exposées après une cyberattaque,https://www.cyberattaque.org/trenitalia-les-donnees-de-voyageurs-exposees-apres-une-cyberattaque/,ITM-3681baf873ee750a,BONJOURLAFUITE,,2026-07-03,Trenitalia,trenitalia,,Trenitalia,https://bonjourlafuite.eu.org/img/trenitalia.png
POSSIBLE_FALSE_MERGE,MERGE_REVIEW_WEAK_CANONICAL_NAME,3,,ITM-8e0808360148a999,CYBERATTAQUE_ORG,1882,2026-07-08,Fédération Française d’Équitation,federation francaise d equitation,344386701,Fédération Française d’Équitation : 960 000 contacts revendiqués après une compromission totale des bases,https://www.cyberattaque.org/federation-francaise-dequitation-960-000-contacts-revendiques-apres-une-compromission-totale-des-bases/,ITM-a13247ab74e017e2,BONJOURLAFUITE,,2026-07-11,Fédération Française d’Équitation,federation francaise d equitation,344386701,Fédération Française d’Équitation,https://bonjourlafuite.eu.org/img/ffequitation.png
POSSIBLE_FALSE_MERGE,MERGE_REVIEW_WEAK_CANONICAL_NAME,0,,ITM-2dc06829efb12d5a,BONJOURLAFUITE,,2026-07-09,Atout France,atout france,,Atout France,https://bonjourlafuite.eu.org/img/atout-france.png,ITM-d707eb7f81a94033,CYBERATTAQUE_ORG,1906,2026-07-09,Atout France,atout france,,Atout France : plus de 400 000 comptes et plusieurs accès administrateurs revendiqués après une faille IDOR,https://www.cyberattaque.org/atout-france-plus-de-400-000-comptes-et-plusieurs-acces-administrateurs-revendiques-apres-une-faille-idor/
POSSIBLE_FALSE_MERGE,MERGE_REVIEW_WEAK_CANONICAL_NAME,0,,ITM-a43a547526ffdd3a,BONJOURLAFUITE,,2026-07-16,Croq’ Vacances,croq vacances,,Croq’ Vacances,https://bonjourlafuite.eu.org/img/croq-vacances.png,ITM-803dbab7e2fdcb4d,CYBERATTAQUE_ORG,1981,2026-07-16,Croq’Vacances,croq vacances,,Croq’Vacances : 72 916 personnes et 24 Go de documents dans une fuite massive,https://www.cyberattaque.org/croqvacances-72-916-personnes-et-24-go-de-documents-dans-une-fuite-massive/
POSSIBLE_FALSE_MERGE,MERGE_REVIEW_WEAK_CANONICAL_NAME,2,,ITM-a1a03ef67f01bd1d,CYBERATTAQUE_ORG,1998,2026-07-20,France Casse,france casse,,"France Casse : 3,3 millions de comptes en fuite avec des mots de passe en clair",https://www.cyberattaque.org/france-casse-33-millions-de-comptes-en-fuite-avec-des-mots-de-passe-en-clair/,ITM-70543a64df50de81,BONJOURLAFUITE,,2026-07-22,France Casse,france casse,,France Casse,https://bonjourlafuite.eu.org/img/france-casse.png
POSSIBLE_FALSE_MERGE,MERGE_REVIEW_WEAK_CANONICAL_NAME,0,,ITM-aca32618aa410ca5,CYBERATTAQUE_ORG,2009,2026-07-23,Aide à Dom 74,aide a dom74,815087960,"Aide à Dom 74 : 92 candidatures en fuite, les coordonnées de demandeurs d’emploi exposées",https://www.cyberattaque.org/aide-a-dom-74-92-candidatures-en-fuite-les-coordonnees-de-demandeurs-demploi-exposees/,ITM-9014e0682e56f8a7,FRENCHBREACHES,https://frenchbreaches.com/alertes/aide-dom-74-mrxbr337uk6jik70qp,2026-07-23,Aide à Dom 74,aide a dom74,815087960,Aide à Dom 74,https://frenchbreaches.com/alertes/aide-dom-74-mrxbr337uk6jik70qp
POSSIBLE_FALSE_MERGE,MERGE_REVIEW_WEAK_CANONICAL_NAME,1,,ITM-5ef16bdb42a2ded8,FRENCHBREACHES,https://frenchbreaches.com/alertes/alpissimmo-mrzgdn49uk099slvnm,2026-07-24,Alpissimmo,alpissimmo,,Alpissimmo,https://frenchbreaches.com/alertes/alpissimmo-mrzgdn49uk099slvnm,ITM-ab5e3c71f5584819,CYBERATTAQUE_ORG,2019,2026-07-25,Alpissimmo,alpissimmo,,Alpissimmo : près de 600 projets de vacances exposés avec coordonnées et dates de séjour,https://www.cyberattaque.org/alpissimmo-pres-de-600-projets-de-vacances-exposes-avec-coordonnees-et-dates-de-sejour/
POSSIBLE_FALSE_MERGE,MERGE_REVIEW_WEAK_CANONICAL_NAME,1,,ITM-81bcf4982efe57e2,FRENCHBREACHES,https://frenchbreaches.com/alertes/skolae-mrzem313qv3bs8qdks8,2026-07-24,SKOLAE,skolae,,SKOLAE,https://frenchbreaches.com/alertes/skolae-mrzem313qv3bs8qdks8,ITM-3e747f2bbf3f1804,CYBERATTAQUE_ORG,2024,2026-07-25,Skolae,skolae,,Skolae victime d’une intrusion dans ses systèmes informatiques,https://www.cyberattaque.org/skolae-victime-dune-intrusion-dans-ses-systemes-informatiques/
POSSIBLE_FALSE_MERGE,MERGE_REVIEW_WEAK_CANONICAL_NAME,0,,ITM-54413e569df7ef7b,CYBERATTAQUE_ORG,2016,2026-07-25,Productly.app,productly,,Productly.app : 57 403 comptes exposés après une cyberattaque,https://www.cyberattaque.org/productly-app-57-403-comptes-exposes-apres-une-cyberattaque/,ITM-6bfa36e2b7739b94,FRENCHBREACHES,https://frenchbreaches.com/alertes/productly-ms010djtc7o988mbjnu,2026-07-25,Productly,productly,,Productly,https://frenchbreaches.com/alertes/productly-ms010djtc7o988mbjnu
POSSIBLE_FALSE_MERGE,MERGE_REVIEW_WEAK_CANONICAL_NAME,1,,ITM-7ddb7ad99d50b44e,FRENCHBREACHES,https://frenchbreaches.com/alertes/batipro33-ms2b8uma6p3przeq7wv,2026-07-26,Batipro33,batipro33,,Batipro33,https://frenchbreaches.com/alertes/batipro33-ms2b8uma6p3przeq7wv,ITM-f4bc528ac672e18a,CYBERATTAQUE_ORG,2045,2026-07-27,Batipro 33,batipro33,,Batipro 33 piraté : 1119 personnes et cinq bases SQL internes revendiquées,https://www.cyberattaque.org/batipro-33-pirate-1119-personnes-et-cinq-bases-sql-internes-revendiquees/
POSSIBLE_FALSE_MERGE,MERGE_REVIEW_WEAK_CANONICAL_NAME,1,,ITM-ccd403e172173939,FRENCHBREACHES,https://frenchbreaches.com/alertes/cartogip-gip-atgeri-ms25bj1kfym1fayo10t,2026-07-26,CartoGIP,cartogip,,CartoGIP (GIP ATGeRi),https://frenchbreaches.com/alertes/cartogip-gip-atgeri-ms25bj1kfym1fayo10t,ITM-12efd3c9f0ff5b86,CYBERATTAQUE_ORG,2048,2026-07-27,Cartogip,cartogip,,Cartogip : 1 200 contacts d’élus et d’agents publics exposés avec leurs numéros directs,https://www.cyberattaque.org/cartogip-1-200-contacts-delus-et-dagents-publics-exposes-avec-leurs-numeros-directs/
POSSIBLE_FALSE_MERGE,MERGE_REVIEW_WEAK_CANONICAL_NAME,0,,ITM-9282cff3bbf8b927,CYBERATTAQUE_ORG,2026,2026-07-26,Ministère de l’Intérieur,ministere de l interieur,110014016,Ministère de l’Intérieur : 111 528 agents et gendarmes revendiqués dans une fuite massive de données,https://www.cyberattaque.org/ministere-de-linterieur-111-528-agents-revendiques-dans-une-fuite-massive-de-donnees/,ITM-aa25adec433a94b1,FRENCHBREACHES,https://frenchbreaches.com/alertes/minist-re-de-l-int-rieur-agents-du-gouvernement-ms1uhb3491p6i7ha12a,2026-07-26,Ministère de l’intérieur,ministere de l interieur,110014016,Ministère de l’intérieur (Agents du gouvernement),https://frenchbreaches.com/alertes/minist-re-de-l-int-rieur-agents-du-gouvernement-ms1uhb3491p6i7ha12a
POSSIBLE_FALSE_MERGE,MERGE_REVIEW_WEAK_CANONICAL_NAME,1,,ITM-d321a147e33b0576,FRENCHBREACHES,https://frenchbreaches.com/alertes/allo-solar-ms3ko2n8d1kacm5qknm,2026-07-27,Allo Solar,allo solar,,Allo Solar,https://frenchbreaches.com/alertes/allo-solar-ms3ko2n8d1kacm5qknm,ITM-8348ab1cd5e80e51,CYBERATTAQUE_ORG,2056,2026-07-28,Allo.Solar,allo solar,,Allo.Solar : 101 349 clients et 208 694 commandes exposés après une cyberattaque,https://www.cyberattaque.org/allo-solar-101-349-clients-et-208-694-commandes-exposes-apres-une-cyberattaque/
POSSIBLE_FALSE_MERGE,MERGE_REVIEW_WEAK_CANONICAL_NAME,1,,ITM-c3aec95bc556f24e,CYBERATTAQUE_ORG,2042,2026-07-27,ResaClick,resaclick,,ResaClick : les données personnelles de 10 263 utilisateurs diffusées en ligne,https://www.cyberattaque.org/resaclick-cyberattaque-fuite-donnees/,ITM-caeb675602bbf77f,FRENCHBREACHES,https://frenchbreaches.com/alertes/resaclick-ms4chtqzaljdepplkxm,2026-07-28,Resaclick,resaclick,,Resaclick,https://frenchbreaches.com/alertes/resaclick-ms4chtqzaljdepplkxm
POSSIBLE_FALSE_MERGE,MERGE_REVIEW_WEAK_ALIAS,1,,ITM-4eaca779380317ce,FRENCHBREACHES,https://frenchbreaches.com/alertes/supremebody-ms3m996vc34s1l50to,2026-07-27,Supremebody,supremebody,,Supremebody,https://frenchbreaches.com/alertes/supremebody-ms3m996vc34s1l50to,ITM-b16cc486136d6422,CYBERATTAQUE_ORG,2059,2026-07-28,Supreme Body,supremebody,,Supreme Body : les comptes clients diffusés en ligne après une cyberattaque,https://www.cyberattaque.org/supreme-body-les-comptes-clients-diffuses-en-ligne-apres-une-cyberattaque/
POSSIBLE_FALSE_MERGE,MERGE_REVIEW_WEAK_CANONICAL_NAME,0,,ITM-9b0aa546dd04ae21,CYBERATTAQUE_ORG,2051,2026-07-27,Verspieren,verspieren,321502049,Verspieren victime d’une cyberattaque : les données de sinistres Euromaster potentiellement exposées,https://www.cyberattaque.org/verspieren-victime-dune-cyberattaque-les-donnees-de-sinistres-euromaster-potentiellement-exposees/,ITM-d250833332bab181,FRENCHBREACHES,https://frenchbreaches.com/alertes/verspieren-ms3fl0uu4zayhpz2vh,2026-07-27,Verspieren,verspieren,321502049,Verspieren,https://frenchbreaches.com/alertes/verspieren-ms3fl0uu4zayhpz2vh
POSSIBLE_FALSE_MERGE,MERGE_REVIEW_WEAK_CANONICAL_NAME,0,,ITM-dbecc401ef077e30,CYBERATTAQUE_ORG,2065,2026-07-28,ERDIL,erdil,,ERDIL : 270 contacts professionnels et les comptes WordPress en fuite,https://www.cyberattaque.org/erdil-270-contacts-professionnels-et-les-comptes-wordpress-en-fuite/,ITM-476ca705ec80202b,FRENCHBREACHES,https://frenchbreaches.com/alertes/erdil-ms4edb2tfxahd3apfc,2026-07-28,Erdil,erdil,,Erdil,https://frenchbreaches.com/alertes/erdil-ms4edb2tfxahd3apfc
POSSIBLE_FALSE_MERGE,MERGE_REVIEW_WEAK_CANONICAL_NAME,0,,ITM-97112c9335752862,CYBERATTAQUE_ORG,2069,2026-07-28,Kaffir.fr,kaffir,,Kaffir.fr : les adresses des clients diffusées publiquement dans une fuite de données,https://www.cyberattaque.org/kaffir-fr-les-adresses-des-clients-diffuses-publiquement-dans-une-fuite-de-donnees/,ITM-e91d7514b51c0a60,FRENCHBREACHES,https://frenchbreaches.com/alertes/kaffir-ms4frxcchbuu7iovqa,2026-07-28,Kaffir,kaffir,,Kaffir,https://frenchbreaches.com/alertes/kaffir-ms4frxcchbuu7iovqa
POSSIBLE_FALSE_MERGE,MERGE_REVIEW_WEAK_CANONICAL_NAME,0,,ITM-a583befb63a42cfd,CYBERATTAQUE_ORG,2054,2026-07-28,Location-etudiant.fr,location etudiant,952220069,Location-etudiant.fr piraté : 10 Go de données en fuite,https://www.cyberattaque.org/location-etudiant-fr-pirate-10-go-de-donnees-en-fuite/,ITM-1f052644476b0bdf,FRENCHBREACHES,https://frenchbreaches.com/alertes/location-etudiant-ms3sftokma5qrg0nw5,2026-07-28,Location-Etudiant,location etudiant,952220069,Location-Etudiant,https://frenchbreaches.com/alertes/location-etudiant-ms3sftokma5qrg0nw5
POSSIBLE_FALSE_MERGE,MERGE_REVIEW_WEAK_CANONICAL_NAME,2,,ITM-983ec069efa370f6,FRENCHBREACHES,https://frenchbreaches.com/alertes/planity-ms4gnp7s4p4ptre2tub,2026-07-28,Planity,planity,821511128,Planity,https://frenchbreaches.com/alertes/planity-ms4gnp7s4p4ptre2tub,ITM-2fbe95fa2462d0d5,CYBERATTAQUE_ORG,2091,2026-07-30,Planity,planity,821511128,Planity : 138 000 données exfiltrées dans une cyberattaque,https://www.cyberattaque.org/planity-138-000-donnees-exfiltrees-dans-une-cyberattaque/
POSSIBLE_FALSE_MERGE,MERGE_REVIEW_WEAK_CANONICAL_NAME,1,,ITM-f60a72267153ca38,FRENCHBREACHES,https://frenchbreaches.com/alertes/lire-demain-ms5pejs6d6m5q6vnf18,2026-07-29,Lire Demain,lire demain,522813815,Lire Demain,https://frenchbreaches.com/alertes/lire-demain-ms5pejs6d6m5q6vnf18,ITM-afc773a158f765dd,CYBERATTAQUE_ORG,2080,2026-07-30,Lire Demain,lire demain,522813815,"Lire Demain : 4 600 commandes d’écoles, crèches et collectivités exposées",https://www.cyberattaque.org/lire-demain-4-600-commandes-decoles-creches-et-collectivites-exposees/
POSSIBLE_FALSE_MERGE,MERGE_REVIEW_WEAK_CANONICAL_NAME,0,,ITM-fcbb2a30976447da,CYBERATTAQUE_ORG,2074,2026-07-29,Orisha Insurance,orisha insurance,,"Orisha Insurance : un incident de sécurité frappe CIM, ses systèmes isolés en urgence",https://www.cyberattaque.org/orisha-insurance-un-incident-de-securite-frappe-cim-ses-systemes-isoles-en-urgence/,ITM-2e09c834c48baa53,FRENCHBREACHES,https://frenchbreaches.com/alertes/orisha-insurance-cim-ms5ra3ys2j9emgrkcgc,2026-07-29,Orisha Insurance,orisha insurance,,Orisha Insurance (CIM),https://frenchbreaches.com/alertes/orisha-insurance-cim-ms5ra3ys2j9emgrkcgc
POSSIBLE_FALSE_MERGE,MERGE_REVIEW_WEAK_CANONICAL_NAME,0,,ITM-0dd0ead1cf4f8083,CYBERATTAQUE_ORG,2088,2026-07-30,5doigts2pieds.fr,5doigts2pieds,,5doigts2pieds.fr piraté : les données et commandes de ses clients ont été volées,https://www.cyberattaque.org/5doigts2pieds-fr-pirate-les-donnees-et-commandes-de-ses-clients-ont-ete-volees/,ITM-26fa3664882d7189,FRENCHBREACHES,https://frenchbreaches.com/alertes/5doigts2pieds-ms7nsxtv858u04k6jvq,2026-07-30,5doigts2pieds,5doigts2pieds,,5doigts2pieds,https://frenchbreaches.com/alertes/5doigts2pieds-ms7nsxtv858u04k6jvq
POSSIBLE_FALSE_MERGE,MERGE_REVIEW_WEAK_CANONICAL_NAME,0,,ITM-fe38fbba13f1277e,CYBERATTAQUE_ORG,2077,2026-07-30,ENGIE Green,engie green,,ENGIE Green : 621 019 clients en fuite après une intrusion par injection SQL,https://www.cyberattaque.org/engie-green-621-019-clients-en-fuite-apres-une-intrusion-par-injection-sql/,ITM-29ad2fef543694a2,FRENCHBREACHES,https://frenchbreaches.com/alertes/engie-green-ms793t79jtz46e143go,2026-07-30,ENGIE Green,engie green,,ENGIE Green,https://frenchbreaches.com/alertes/engie-green-ms793t79jtz46e143go
POSSIBLE_FALSE_MERGE,MERGE_REVIEW_WEAK_ALIAS,0,,ITM-3fc9eba93a38dd6e,BONJOURLAFUITE,,2026-07-31,Chambre de Commerce et de l’Industrie Nice Côte d’Azur,chambre de commerce et d industrie nice cote d azur,,Chambre de Commerce et de l’Industrie Nice Côte d’Azur,https://bonjourlafuite.eu.org/img/cci-nice.png,ITM-20afe79fae511313,FRENCHBREACHES,https://frenchbreaches.com/alertes/chambre-de-commerce-et-d-industrie-nice-c-te-d-azur-ms9972qijqoesdq8cu,2026-07-31,Chambre de Commerce et d'Industrie Nice Côte d'Azur,chambre de commerce et d industrie nice cote d azur,,Chambre de Commerce et d'Industrie Nice Côte d'Azur,https://frenchbreaches.com/alertes/chambre-de-commerce-et-d-industrie-nice-c-te-d-azur-ms9972qijqoesdq8cu
POSSIBLE_FALSE_MERGE,MERGE_REVIEW_WEAK_CANONICAL_NAME,0,,ITM-b04e502985266164,BONJOURLAFUITE,,2026-07-31,Éducation Nationale,education nationale,110043015,Éducation Nationale,https://www.education.gouv.fr/incident-de-securite-affectant-les-donnees-de-personnels-de-l-education-nationale-505407,ITM-1ee6f6cbcdcfbbb3,CYBERATTAQUE_ORG,2097,2026-07-31,Éducation nationale,education nationale,110043015,Éducation nationale : 25 ans de données d’agents potentiellement exposées après une cyberattaque,https://www.cyberattaque.org/education-nationale-25-ans-de-donnees-dagents-potentiellement-exposees-apres-une-cyberattaque/
POSSIBLE_FALSE_MERGE,MERGE_REVIEW_WEAK_ALIAS,0,,ITM-b04e502985266164,BONJOURLAFUITE,,2026-07-31,Éducation Nationale,education nationale,110043015,Éducation Nationale,https://www.education.gouv.fr/incident-de-securite-affectant-les-donnees-de-personnels-de-l-education-nationale-505407,ITM-77d99da3eb7846e3,FRENCHBREACHES,https://frenchbreaches.com/alertes/minist-re-de-l-ducation-nationale-ms98aai3bqkzfv424c,2026-07-31,Ministère de l'Éducation nationale,education nationale,110043015,Ministère de l'Éducation nationale,https://frenchbreaches.com/alertes/minist-re-de-l-ducation-nationale-ms98aai3bqkzfv424c
POSSIBLE_FALSE_MERGE,MERGE_REVIEW_WEAK_ALIAS,0,,ITM-1ee6f6cbcdcfbbb3,CYBERATTAQUE_ORG,2097,2026-07-31,Éducation nationale,education nationale,110043015,Éducation nationale : 25 ans de données d’agents potentiellement exposées après une cyberattaque,https://www.cyberattaque.org/education-nationale-25-ans-de-donnees-dagents-potentiellement-exposees-apres-une-cyberattaque/,ITM-77d99da3eb7846e3,FRENCHBREACHES,https://frenchbreaches.com/alertes/minist-re-de-l-ducation-nationale-ms98aai3bqkzfv424c,2026-07-31,Ministère de l'Éducation nationale,education nationale,110043015,Ministère de l'Éducation nationale,https://frenchbreaches.com/alertes/minist-re-de-l-ducation-nationale-ms98aai3bqkzfv424c
POSSIBLE_FALSE_MERGE,MERGE_REVIEW_WEAK_CANONICAL_NAME,1,,ITM-91911763bdbfa5aa,FRENCHBREACHES,https://frenchbreaches.com/alertes/groupe-t2mc-msatleltiim1uf4u47g,2026-08-01,Groupe T2MC,groupe t2mc,,Groupe T2MC,https://frenchbreaches.com/alertes/groupe-t2mc-msatleltiim1uf4u47g,ITM-589ef74c132ae0a2,CYBERATTAQUE_ORG,2114,2026-08-02,Groupe T2MC,groupe t2mc,,Groupe T2MC : 82 000 cartes d’identité et RIB exposés dans une fuite massive,https://www.cyberattaque.org/groupe-t2mc-82-000-cartes-didentite-et-rib-exposes-dans-une-fuite-massive/
POSSIBLE_FALSE_MERGE,MERGE_REVIEW_WEAK_CANONICAL_NAME,0,,ITM-40b394bef3a1fe44,CYBERATTAQUE_ORG,2107,2026-08-01,Xplor Resamania,xplor resamania,,"Xplor Resamania : 5,27 millions de dossiers d’adhérents de salles de sport en fuite",https://www.cyberattaque.org/xplor-resamania-527-millions-de-dossiers-dadherents-de-salles-de-sport-revendiques/,ITM-0ca880336ac1979f,FRENCHBREACHES,https://frenchbreaches.com/alertes/xplor-resamania-ms9zix0ogp9u7xkgvu5,2026-08-01,Xplor Resamania,xplor resamania,,Xplor Resamania,https://frenchbreaches.com/alertes/xplor-resamania-ms9zix0ogp9u7xkgvu5
POSSIBLE_FALSE_MERGE,MERGE_REVIEW_WEAK_CANONICAL_NAME,0,,ITM-1f4e8297dec64af5,FRENCHBREACHES,https://frenchbreaches.com/alertes/mairie-de-drancy-rw_VFdGcGNtbGxJR1JsSUVSeVlXNWplVUJ4YVd4cGJnPT0,2026-08-02,Mairie de Drancy,mairie de drancy,,Mairie de Drancy,https://frenchbreaches.com/alertes/mairie-de-drancy-rw_VFdGcGNtbGxJR1JsSUVSeVlXNWplVUJ4YVd4cGJnPT0,ITM-661df1461c218991,RANSOMWARE_LIVE,,2026-08-02,Mairie de Drancy,mairie de drancy,,Mairie de Drancy revendiqué par qilin,http://ijzn3sicrcy7guixkzjkib4ukbiilwc3xhnmby4mcbccnsd7j2rekvqd.onion/site/blog?uuid=1277b405-d795-4d1d-bae9-7bd745f18c79
POSSIBLE_FALSE_MERGE,MERGE_REVIEW_WEAK_CANONICAL_NAME,0,,ITM-269b7ed2a6d0b273,FRENCHBREACHES,https://frenchbreaches.com/alertes/questel-sas-msbnp9vg1hm7pouz2gh,2026-08-02,Questel SAS,questel,,Questel SAS,https://frenchbreaches.com/alertes/questel-sas-msbnp9vg1hm7pouz2gh,ITM-33a56ad7e361ee27,RANSOMWARE_LIVE,,2026-08-02,Questel SAS,questel,,Questel SAS revendiqué par shinyhunters,https://questel.com
POSSIBLE_FALSE_MERGE,MERGE_REVIEW_WEAK_CANONICAL_NAME,0,,ITM-4168c464e94c7b7e,CYBERATTAQUE_ORG,2117,2026-08-02,Terveo,terveo,824692347,Terveo : les données clients et historiques de commandes exposés dans une cyberattaque,https://www.cyberattaque.org/terveo-les-donnees-clients-et-historiques-de-commandes-exposes-dans-une-cyberattaque/,ITM-386bf2c572aa1262,FRENCHBREACHES,https://frenchbreaches.com/alertes/terveo-msb0jbxnwduz5ngrumi,2026-08-02,TERVEO,terveo,824692347,TERVEO,https://frenchbreaches.com/alertes/terveo-msb0jbxnwduz5ngrumi
POSSIBLE_FALSE_MERGE,MERGE_REVIEW_WEAK_CANONICAL_NAME,0,,ITM-80afdf216d137be6,CYBERATTAQUE_ORG,2141,2026-08-03,Chat Coco,chat coco,,Chat Coco : 14 260 comptes et messages privés exposés sur l’héritier du controversé Coco.gg,https://www.cyberattaque.org/chat-coco-14-260-comptes-et-messages-prives-exposes-sur-lheritier-du-controverse-coco-gg/,ITM-84758253203f8d43,FRENCHBREACHES,https://frenchbreaches.com/alertes/chat-coco-mscfkkp86lht0x39su5,2026-08-03,Chat Coco,chat coco,,Chat Coco,https://frenchbreaches.com/alertes/chat-coco-mscfkkp86lht0x39su5
POSSIBLE_FALSE_MERGE,MERGE_REVIEW_WEAK_CANONICAL_NAME,3,,ITM-d48c60eacc212e96,CYBERATTAQUE_ORG,2127,2026-08-03,Inserm,inserm,,Inserm : 189 997 profils de professionnels de santé dans une fuite massive,https://www.cyberattaque.org/inserm-189-997-profils-de-professionnels-de-sante-dans-une-fuite-massive/,ITM-6e76853753006061,FRENCHBREACHES,https://frenchbreaches.com/alertes/inserm-mshn3qktwz0jhhrvfde,2026-08-06,INSERM,inserm,,INSERM,https://frenchbreaches.com/alertes/inserm-mshn3qktwz0jhhrvfde
POSSIBLE_FALSE_MERGE,MERGE_REVIEW_WEAK_CANONICAL_NAME,0,,ITM-ccf5491ab2cd980d,FRENCHBREACHES,https://frenchbreaches.com/alertes/setic-pourtier-rw_YzJWMGFXTXRjRzkxY25ScFpYSXVZMjl0UUd4dlkydGlhWFEx,2026-08-03,Setic Pourtier,setic pourtier,342635570,Setic Pourtier,https://frenchbreaches.com/alertes/setic-pourtier-rw_YzJWMGFXTXRjRzkxY25ScFpYSXVZMjl0UUd4dlkydGlhWFEx,ITM-99e173cc1072d3e1,RANSOMWARE_LIVE,,2026-08-03,setic-pourtier,setic pourtier,342635570,setic-pourtier revendiqué par lockbit5,http://lockbitfnszjao7hayqsd424m74k5jxc52hozvabjrut7pjfsfaaaoad.onion/post/2bc56f4bc426a07fe15fefe7f4450202
POSSIBLE_FALSE_MERGE,MERGE_REVIEW_WEAK_ALIAS,1,,ITM-baae2bcc12b6b999,CYBERATTAQUE_ORG,2151,2026-08-05,Stade Français,stade francais,,Stade Français : les passeports et cartes d’identité de joueurs en fuite,https://www.cyberattaque.org/stade-francais-cyberattaque-passeport/,ITM-5b224f2217bc78a0,FRENCHBREACHES,https://frenchbreaches.com/alertes/stade-fran-ais-paris-mshxny5ez43h7cehwd8,2026-08-06,Stade Français Paris,stade francais,,Stade Français Paris,https://frenchbreaches.com/alertes/stade-fran-ais-paris-mshxny5ez43h7cehwd8
POSSIBLE_FALSE_MERGE,MERGE_REVIEW_WEAK_CANONICAL_NAME,0,,ITM-baae2bcc12b6b999,CYBERATTAQUE_ORG,2151,2026-08-05,Stade Français,stade francais,,Stade Français : les passeports et cartes d’identité de joueurs en fuite,https://www.cyberattaque.org/stade-francais-cyberattaque-passeport/,ITM-a820a252aa5455d9,RANSOMWARE_LIVE,,2026-08-05,Stade Francais,stade francais,,Stade Francais revendiqué par qilin,http://ijzn3sicrcy7guixkzjkib4ukbiilwc3xhnmby4mcbccnsd7j2rekvqd.onion/site/blog?uuid=84f95786-5afa-42c0-8497-df4f2f88a889
POSSIBLE_FALSE_MERGE,MERGE_REVIEW_WEAK_ALIAS,1,,ITM-a820a252aa5455d9,RANSOMWARE_LIVE,,2026-08-05,Stade Francais,stade francais,,Stade Francais revendiqué par qilin,http://ijzn3sicrcy7guixkzjkib4ukbiilwc3xhnmby4mcbccnsd7j2rekvqd.onion/site/blog?uuid=84f95786-5afa-42c0-8497-df4f2f88a889,ITM-5b224f2217bc78a0,FRENCHBREACHES,https://frenchbreaches.com/alertes/stade-fran-ais-paris-mshxny5ez43h7cehwd8,2026-08-06,Stade Français Paris,stade francais,,Stade Français Paris,https://frenchbreaches.com/alertes/stade-fran-ais-paris-mshxny5ez43h7cehwd8
POSSIBLE_FALSE_MERGE,MERGE_REVIEW_WEAK_CANONICAL_NAME,0,,ITM-04a856475a59deb2,CYBERATTAQUE_ORG,2161,2026-08-06,Armurerie Lavaux,armurerie lavaux,503383101,Détenteurs d’armes à nouveau dans le viseur : l’Armurerie Lavaux confirme une cyberattaque,https://www.cyberattaque.org/detenteurs-darmes-a-nouveau-dans-le-viseur-larmurerie-lavaux-confirme-une-cyberattaque/,ITM-295bbb44a2869caa,FRENCHBREACHES,https://frenchbreaches.com/alertes/armurerie-lavaux-mseypxv2fdmjdlqaj78,2026-08-06,Armurerie Lavaux,armurerie lavaux,503383101,Armurerie Lavaux,https://frenchbreaches.com/alertes/armurerie-lavaux-mseypxv2fdmjdlqaj78
POSSIBLE_FALSE_MERGE,MERGE_REVIEW_WEAK_CANONICAL_NAME,0,,ITM-e5d73bca2b1212d3,CYBERATTAQUE_ORG,2175,2026-08-06,Biosynex,biosynex,481075703,Biosynex annonce être victime d’une fuite de données professionnelles,https://www.cyberattaque.org/biosynex-annonce-etre-victime-dune-fuite-de-donnees-professionnelles/,ITM-38f7e4f5a09b85e4,FRENCHBREACHES,https://frenchbreaches.com/alertes/biosynex-msi1a59xyyo8dd0uay9,2026-08-06,Biosynex,biosynex,481075703,Biosynex,https://frenchbreaches.com/alertes/biosynex-msi1a59xyyo8dd0uay9
POSSIBLE_FALSE_MERGE,MERGE_REVIEW_WEAK_CANONICAL_NAME,1,,ITM-5e135e88502f97bd,CYBERATTAQUE_ORG,2172,2026-08-06,Bloctel,bloctel,,Bloctel : 3 millions de numéros en fuite à cinq jours de la fin du service,https://www.cyberattaque.org/bloctel-3-millions-de-numeros-en-fuite/,ITM-b2a439e3d1533f8a,BONJOURLAFUITE,,2026-08-07,Bloctel,bloctel,,Bloctel,https://bonjourlafuite.eu.org/img/bloctel.png
POSSIBLE_FALSE_MERGE,MERGE_REVIEW_WEAK_CANONICAL_NAME,0,,ITM-5e135e88502f97bd,CYBERATTAQUE_ORG,2172,2026-08-06,Bloctel,bloctel,,Bloctel : 3 millions de numéros en fuite à cinq jours de la fin du service,https://www.cyberattaque.org/bloctel-3-millions-de-numeros-en-fuite/,ITM-f690c99943f1ca81,FRENCHBREACHES,https://frenchbreaches.com/alertes/bloctel-mshxaq0ysyd27ca7f6,2026-08-06,Bloctel,bloctel,,Bloctel,https://frenchbreaches.com/alertes/bloctel-mshxaq0ysyd27ca7f6
POSSIBLE_FALSE_MERGE,MERGE_REVIEW_WEAK_CANONICAL_NAME,1,,ITM-f690c99943f1ca81,FRENCHBREACHES,https://frenchbreaches.com/alertes/bloctel-mshxaq0ysyd27ca7f6,2026-08-06,Bloctel,bloctel,,Bloctel,https://frenchbreaches.com/alertes/bloctel-mshxaq0ysyd27ca7f6,ITM-b2a439e3d1533f8a,BONJOURLAFUITE,,2026-08-07,Bloctel,bloctel,,Bloctel,https://bonjourlafuite.eu.org/img/bloctel.png
POSSIBLE_FALSE_MERGE,MERGE_REVIEW_WEAK_CANONICAL_NAME,0,,ITM-582eb78bcb240856,CYBERATTAQUE_ORG,2170,2026-08-06,Hospices Civils de Lyon,hospices civils de lyon,266900273,Hospices Civils de Lyon : une ancienne base de professionnels en fuite,https://www.cyberattaque.org/hospices-civils-de-lyon-cyberattaque/,ITM-50808b81d1fe1645,FRENCHBREACHES,https://frenchbreaches.com/alertes/hospices-civils-de-lyon-mshd1fdm90trgfi4n8v,2026-08-06,Hospices Civils de Lyon,hospices civils de lyon,266900273,Hospices Civils de Lyon,https://frenchbreaches.com/alertes/hospices-civils-de-lyon-mshd1fdm90trgfi4n8v
POSSIBLE_FALSE_MERGE,MERGE_REVIEW_WEAK_CANONICAL_NAME,0,,ITM-bb13d17602511733,CYBERATTAQUE_ORG,2157,2026-08-06,Mvision,mvision,,"Mvision : plus de 2 100 dossiers RH revendiqués avec NIR, passeports et données de santé",https://www.cyberattaque.org/mvision-plus-de-2-100-dossiers-rh-revendiques-avec-nir-passeports-et-donnees-de-sante/,ITM-96728e715b7df298,FRENCHBREACHES,https://frenchbreaches.com/alertes/mvision-msgwx7wpe04lm2vdg5t,2026-08-06,MVision,mvision,,MVision,https://frenchbreaches.com/alertes/mvision-msgwx7wpe04lm2vdg5t
POSSIBLE_FALSE_MERGE,MERGE_REVIEW_WEAK_ALIAS,0,,ITM-d79b2e288ccad695,FRENCHBREACHES,https://frenchbreaches.com/alertes/actini-group-rw_ZDNkM0xtRmpkR2x1YVM1amIyMUFhM0o1WW1sMA,2026-08-07,Actini Group,actini,398147637,Actini Group,https://frenchbreaches.com/alertes/actini-group-rw_ZDNkM0xtRmpkR2x1YVM1amIyMUFhM0o1WW1sMA,ITM-5ad9dee2bb8a4173,RANSOMWARE_LIVE,,2026-08-07,actini,actini,398147637,actini revendiqué par krybit,http://krybitqsdzwmhnitvwuhvsntfgf2wrhxveyxroxpc44c6gkft2cqldyd.onion/blog/8a0bdf901623710a4eef9699878ae33d2fc778edb5e3b5f6302f955744120676/
POSSIBLE_FALSE_MERGE,MERGE_REVIEW_WEAK_CANONICAL_NAME,0,,ITM-f10fab241bce001a,CYBERATTAQUE_ORG,2182,2026-08-07,AFPA,afpa,,AFPA piraté : 101 comptes exposés et un accès administrateur publié,https://www.cyberattaque.org/afpa-pirate-101-comptes-exposes-et-un-acces-administrateur-publie/,ITM-465255d6ae8ab559,FRENCHBREACHES,https://frenchbreaches.com/alertes/afpa-msj805wnmw8zz6kstul,2026-08-07,AFPA,afpa,,AFPA,https://frenchbreaches.com/alertes/afpa-msj805wnmw8zz6kstul
POSSIBLE_FALSE_MERGE,MERGE_REVIEW_WEAK_CANONICAL_NAME,1,,ITM-388754922f1334d8,RANSOMWARE_LIVE,,2026-08-07,reflet2000,reflet2000,329476519,reflet2000 revendiqué par krybit,http://krybitqsdzwmhnitvwuhvsntfgf2wrhxveyxroxpc44c6gkft2cqldyd.onion/blog/6a016f41ca1953ff139063dbb3c3871fbf732c574f69562ccc6db847eb3f24e2/,ITM-d0c4e4e46300d8ab,CYBERATTAQUE_ORG,2193,2026-08-08,Reflet 2000,reflet2000,329476519,"Reflet 2000 : près de 23 Go de données RH, paie et contrats diffusés après une cyberattaque",https://www.cyberattaque.org/reflet-2000-pres-de-23-go-de-donnees-rh-paie-et-contrats-diffuses-apres-une-cyberattaque/
POSSIBLE_FALSE_MERGE,MERGE_REVIEW_WEAK_CANONICAL_NAME,1,,ITM-aa9b72699972ffc5,FRENCHBREACHES,https://frenchbreaches.com/alertes/blgcloud-mskjo8rlb7gngvnvb4k,2026-08-08,BlgCloud,blgcloud,,BlgCloud,https://frenchbreaches.com/alertes/blgcloud-mskjo8rlb7gngvnvb4k,ITM-c2ee72fcb6ba89cb,CYBERATTAQUE_ORG,2198,2026-08-09,BlgCloud,blgcloud,,"BlgCloud : les données de 159 entreprises revendiquées, des milliers de documents en fuite",https://www.cyberattaque.org/blgcloud-les-donnees-de-159-entreprises-pirate-des-millions-de-documents-en-fuite/
POSSIBLE_FALSE_MERGE,MERGE_REVIEW_WEAK_CANONICAL_NAME,1,,ITM-5ab13a9b8c40816f,FRENCHBREACHES,https://frenchbreaches.com/alertes/clcv-consommation-logement-et-cadre-de-vie-mskk2jbes84h2ad5fra,2026-08-08,CLCV,clcv,,"CLCV (Consommation, Logement et Cadre de Vie)",https://frenchbreaches.com/alertes/clcv-consommation-logement-et-cadre-de-vie-mskk2jbes84h2ad5fra,ITM-09eb6993763586d8,CYBERATTAQUE_ORG,2209,2026-08-09,CLCV,clcv,,CLCV : 80 031 dossiers de consommateurs revendiqués avec leurs litiges et coordonnées,https://www.cyberattaque.org/cyberattaque-association-nationale-de-consommateurs-et-usagers/
POSSIBLE_FALSE_MERGE,MERGE_REVIEW_WEAK_CANONICAL_NAME,1,,ITM-cf02526a534d66c5,RANSOMWARE_LIVE,,2026-08-08,Impact Centre Chrétien,impact centre chretien,,Impact Centre Chrétien revendiqué par qilin,http://ijzn3sicrcy7guixkzjkib4ukbiilwc3xhnmby4mcbccnsd7j2rekvqd.onion/site/blog?uuid=beeeda5d-f120-4c05-8e03-78c2d8785c59,ITM-678f490b7e3fa135,CYBERATTAQUE_ORG,2206,2026-08-09,Impact Centre Chrétien,impact centre chretien,,"Impact Centre Chrétien frappé par Qilin : passeports, permis et titres de séjour déjà exposés",https://www.cyberattaque.org/impact-centre-chretien-frappe-par-qilin-passeports-permis-et-titres-de-sejour-deja-exposes/
POSSIBLE_FALSE_MERGE,MERGE_REVIEW_WEAK_CANONICAL_NAME,0,,ITM-f796c1c162ca1ac0,CYBERATTAQUE_ORG,2190,2026-08-08,Mutuelle Générale de Prévoyance,mutuelle generale de prevoyance,337682660,Mutuelle Générale de Prévoyance : 133 018 IBAN et près de 200 000 identités dans une fuite massive,https://www.cyberattaque.org/mutuelle-generale-de-prevoyance-133-018-iban-et-pres-de-200-000-identites-dans-une-fuite-massive/,ITM-f4aabe53126031a6,FRENCHBREACHES,https://frenchbreaches.com/alertes/mutuelle-g-n-rale-de-pr-voyance-msjkkufska3mdj2z8xb,2026-08-08,Mutuelle Générale de Prévoyance,mutuelle generale de prevoyance,337682660,Mutuelle Générale de Prévoyance,https://frenchbreaches.com/alertes/mutuelle-g-n-rale-de-pr-voyance-msjkkufska3mdj2z8xb
POSSIBLE_FALSE_MERGE,MERGE_REVIEW_WEAK_CANONICAL_NAME,1,,ITM-410dbe7b91c57c0c,FRENCHBREACHES,https://frenchbreaches.com/alertes/roussel-agri-62-blgcloud-mskjsgirjuladgvz0sj,2026-08-08,Roussel Agri 62,roussel agri62,,Roussel Agri 62 (BlgCloud),https://frenchbreaches.com/alertes/roussel-agri-62-blgcloud-mskjsgirjuladgvz0sj,ITM-c1696804ee7c16b8,CYBERATTAQUE_ORG,2201,2026-08-09,Roussel Agri62,roussel agri62,,"Roussel Agri62 ouvre la série de fuites BlgCloud avec 9,33 Go de données exposées",https://www.cyberattaque.org/roussel-agri62-ouvre-la-serie-de-fuites-blgcloud-avec-933-go-de-donnees-exposees/
POSSIBLE_FALSE_MERGE,MERGE_REVIEW_WEAK_CANONICAL_NAME,0,,ITM-33a67e9f40f8745d,CYBERATTAQUE_ORG,2218,2026-08-09,Bureau Vallée,bureau vallee,,Bureau Vallée : 55 949 fiches clients en fuite après une cyberattaque avortée,https://www.cyberattaque.org/bureau-vallee-55-949-fiches-clients-en-fuite-apres-une-cyberattaque-avortee/,ITM-9021b9aa28ea4a6a,FRENCHBREACHES,https://frenchbreaches.com/alertes/bureau-vall-e-msm7y0p26cnf5r2ewtu,2026-08-09,Bureau Vallée,bureau vallee,,Bureau Vallée,https://frenchbreaches.com/alertes/bureau-vall-e-msm7y0p26cnf5r2ewtu
POSSIBLE_FALSE_MERGE,MERGE_REVIEW_WEAK_CANONICAL_NAME,0,,ITM-057b52f6d1ab1f67,CYBERATTAQUE_ORG,2223,2026-08-09,Duvignau40,duvignau40,,"Duvignau40 : les données CRM, des e-mails et des documents diffusés",https://www.cyberattaque.org/blgcloud-duvignau40-les-donnees-crm-des-e-mails-et-des-documents-diffuses/,ITM-7abef61056c1dc74,FRENCHBREACHES,https://frenchbreaches.com/alertes/duvignau-40-blgcloud-msm86diuc1krxvgldsu,2026-08-09,Duvignau 40,duvignau40,,Duvignau 40 (BlgCloud),https://frenchbreaches.com/alertes/duvignau-40-blgcloud-msm86diuc1krxvgldsu
POSSIBLE_FALSE_MERGE,MERGE_REVIEW_WEAK_CANONICAL_NAME,0,,ITM-a9e391cbc4f07068,CYBERATTAQUE_ORG,2213,2026-08-09,Le Mans FC,le mans fc,,Le Mans FC : une base de 2 481 enregistrements diffusée après une fuite de données,https://www.cyberattaque.org/le-mans-fc-une-base-de-2-481-enregistrements-diffusee-apres-une-fuite-de-donnees/,ITM-e83033755daac537,FRENCHBREACHES,https://frenchbreaches.com/alertes/le-mans-fc-msm10s9d7aa7x3v9wvi,2026-08-09,Le Mans FC,le mans fc,,Le Mans FC,https://frenchbreaches.com/alertes/le-mans-fc-msm10s9d7aa7x3v9wvi
POSSIBLE_FALSE_MERGE,MERGE_REVIEW_WEAK_ALIAS,0,,ITM-bef54a4a3bb5c9a9,CYBERATTAQUE_ORG,2248,2026-08-10,FFHandball,federation francaise de handball,,"FFHandball : 1,36 million de données de licenciés en fuite après une cyberattaque",https://www.cyberattaque.org/ffhandball-136-million-de-donnees-de-licencies-en-fuite-apres-une-cyberattaque/,ITM-a41c3c69231506b9,FRENCHBREACHES,https://frenchbreaches.com/alertes/f-d-ration-fran-aise-de-handball-msn9vcfexvsnlnk1ha,2026-08-10,Fédération Française de Handball,federation francaise de handball,,Fédération Française de Handball,https://frenchbreaches.com/alertes/f-d-ration-fran-aise-de-handball-msn9vcfexvsnlnk1ha
POSSIBLE_FALSE_MERGE,MERGE_REVIEW_WEAK_CANONICAL_NAME,0,,ITM-764290f2f70f1276,CYBERATTAQUE_ORG,2259,2026-08-10,Groupe Cloué,groupe cloue,,"Groupe Cloué : 6,7 Go de données et plus de 9 000 fichiers publiés après une cyberattaque",https://www.cyberattaque.org/groupe-cloue-67-go-de-donnees-et-plus-de-9-000-fichiers-publies-apres-une-cyberattaque/,ITM-49b4bda3f6d704ea,FRENCHBREACHES,https://frenchbreaches.com/alertes/groupe-clou-blgcloud-msnd05otu1hyrbmzqy,2026-08-10,Groupe Cloué,groupe cloue,,Groupe Cloué (BlgCloud),https://frenchbreaches.com/alertes/groupe-clou-blgcloud-msnd05otu1hyrbmzqy
POSSIBLE_FALSE_MERGE,MERGE_REVIEW_WEAK_CANONICAL_NAME,0,,ITM-4bfa09a25398f690,CYBERATTAQUE_ORG,2238,2026-08-10,I-CAD,i cad,,I-CAD : une faille de sécurité sur le fichier national des chiens et chats,https://www.cyberattaque.org/i-cad-une-faille-de-securite-sur-le-fichier-national-des-chiens-et-chats/,ITM-174aa1135065caa2,FRENCHBREACHES,https://frenchbreaches.com/alertes/i-cad-msn3ybtatwxhj8nio8n,2026-08-10,I-CAD,i cad,,I-CAD,https://frenchbreaches.com/alertes/i-cad-msn3ybtatwxhj8nio8n
POSSIBLE_FALSE_MERGE,MERGE_REVIEW_WEAK_CANONICAL_NAME,0,,ITM-464180dceec58b0f,BONJOURLAFUITE,,2026-08-10,Steam,steam,,Steam,https://bonjourlafuite.eu.org/img/steam.png,ITM-f6f916078e291e8d,CYBERATTAQUE_ORG,2245,2026-08-10,Steam,steam,,"Steam : noms, adresses et commandes de clients européens exposés après une cyberattaque",https://www.cyberattaque.org/steam-noms-adresses-et-commandes-de-clients-europeens-exposes-apres-une-cyberattaque/
POSSIBLE_FALSE_MERGE,MERGE_REVIEW_WEAK_CANONICAL_NAME,0,,ITM-464180dceec58b0f,BONJOURLAFUITE,,2026-08-10,Steam,steam,,Steam,https://bonjourlafuite.eu.org/img/steam.png,ITM-a935e2896bf42300,FRENCHBREACHES,https://frenchbreaches.com/alertes/steam-msndgcya2ase84mzxi6,2026-08-10,Steam,steam,,Steam,https://frenchbreaches.com/alertes/steam-msndgcya2ase84mzxi6
POSSIBLE_FALSE_MERGE,MERGE_REVIEW_WEAK_CANONICAL_NAME,0,,ITM-f6f916078e291e8d,CYBERATTAQUE_ORG,2245,2026-08-10,Steam,steam,,"Steam : noms, adresses et commandes de clients européens exposés après une cyberattaque",https://www.cyberattaque.org/steam-noms-adresses-et-commandes-de-clients-europeens-exposes-apres-une-cyberattaque/,ITM-a935e2896bf42300,FRENCHBREACHES,https://frenchbreaches.com/alertes/steam-msndgcya2ase84mzxi6,2026-08-10,Steam,steam,,Steam,https://frenchbreaches.com/alertes/steam-msndgcya2ase84mzxi6
POSSIBLE_FALSE_MERGE,MERGE_REVIEW_WEAK_CANONICAL_NAME,0,,ITM-e2e418cf3d473677,CYBERATTAQUE_ORG,2235,2026-08-10,Ville de Gagny,ville de gagny,,Cyberattaque à Gagny : la Ville confirme un accès non autorisé à des données personnelles,https://www.cyberattaque.org/cyberattaque-a-gagny-la-ville-confirme-un-acces-non-autorise-a-des-donnees-personnelles/,ITM-38c266a12eff1272,FRENCHBREACHES,https://frenchbreaches.com/alertes/ville-de-gagny-msmim65d87im5z51ho4,2026-08-10,Ville de Gagny,ville de gagny,,Ville de Gagny,https://frenchbreaches.com/alertes/ville-de-gagny-msmim65d87im5z51ho4
POSSIBLE_FALSE_MERGE,MERGE_REVIEW_WEAK_ALIAS,1,,ITM-d08086f886b642e8,FRENCHBREACHES,https://frenchbreaches.com/alertes/agence-pour-l-enseignement-fran-ais-l-tranger-aefe-msp6elbt3d5a63mumeq,2026-08-11,Agence pour l’enseignement français à l’étranger,agence pour l enseignement francais a l etranger,180006082,Agence pour l’enseignement français à l’étranger (AEFE),https://frenchbreaches.com/alertes/agence-pour-l-enseignement-fran-ais-l-tranger-aefe-msp6elbt3d5a63mumeq,ITM-4098b59c5c132913,CYBERATTAQUE_ORG,2296,2026-08-12,AEFE,agence pour l enseignement francais a l etranger,180006082,AEFE : plus de 30 000 entrées de l’annuaire interne et 135 e-mails revendiqués,https://www.cyberattaque.org/aefe-plus-de-30-000-entrees-de-lannuaire-interne-et-135-e-mails-revendiques/
POSSIBLE_FALSE_MERGE,MERGE_REVIEW_WEAK_CANONICAL_NAME,0,,ITM-8734fecfbe81d332,CYBERATTAQUE_ORG,2262,2026-08-11,HeyPulse,heypulse,,HeyPulse : la base client et le code source en fuite après une cyberattaque,https://www.cyberattaque.org/heypulse-la-base-client-et-le-code-source-en-fuite-apres-une-cyberattaque/,ITM-9c8cd87affdadf8a,FRENCHBREACHES,https://frenchbreaches.com/alertes/heypulse-msogur4agznhs274b3r,2026-08-11,HeyPulse,heypulse,,HeyPulse,https://frenchbreaches.com/alertes/heypulse-msogur4agznhs274b3r
POSSIBLE_FALSE_MERGE,MERGE_REVIEW_WEAK_CANONICAL_NAME,0,,ITM-04d6fe7da62a4060,CYBERATTAQUE_ORG,2282,2026-08-11,Santé publique France,sante publique france,,Santé publique France : près de 80 000 personnes exposées après une faille,https://www.cyberattaque.org/sante-publique-france-pres-de-80-000-personnes-exposees-apres-une-faille/,ITM-64485c5121289c6d,FRENCHBREACHES,https://frenchbreaches.com/alertes/sant-publique-france-msoz0zsj3vgi774sa0i,2026-08-11,Santé publique France,sante publique france,,Santé publique France,https://frenchbreaches.com/alertes/sant-publique-france-msoz0zsj3vgi774sa0i
POSSIBLE_FALSE_MERGE,MERGE_REVIEW_WEAK_CANONICAL_NAME,0,,ITM-176d6d6164dfd493,CYBERATTAQUE_ORG,2287,2026-08-12,LaSante.net,lasante,,"LaSante.net : noms, adresses et e-mails de clients consultés après une cyberattaque",https://www.cyberattaque.org/lasante-net-noms-adresses-et-e-mails-de-clients-consultes-apres-une-cyberattaque/,ITM-89230a8f51b8c522,FRENCHBREACHES,https://frenchbreaches.com/alertes/lasante-net-mspekqmo3e0n0l1rsbe,2026-08-12,LaSante.net,lasante,,LaSante.net,https://frenchbreaches.com/alertes/lasante-net-mspekqmo3e0n0l1rsbe
POSSIBLE_FALSE_MERGE,MERGE_REVIEW_WEAK_CANONICAL_NAME,0,,ITM-31a233dafb2b6617,CYBERATTAQUE_ORG,2290,2026-08-12,Leroch Distribution,leroch distribution,,"Leroch Distribution : 3,3 Go de données publiées après le piratage de son compte BlgCloud",https://www.cyberattaque.org/leroch-distribution-33-go-de-donnees-publiees-apres-le-piratage-de-son-compte-blgcloud/,ITM-637343689cfb8ae6,FRENCHBREACHES,https://frenchbreaches.com/alertes/leroch-distribution-blgcloud-msp7xthowhtnkmx2fk,2026-08-12,Leroch Distribution,leroch distribution,,Leroch Distribution (BlgCloud),https://frenchbreaches.com/alertes/leroch-distribution-blgcloud-msp7xthowhtnkmx2fk
POSSIBLE_FALSE_MERGE,MERGE_REVIEW_WEAK_CANONICAL_NAME,0,,ITM-b19f56f106f4d9d0,CYBERATTAQUE_ORG,2291,2026-08-12,Loutz,loutz,,"Loutz : 3,4 Go de données, e-mails et documents internes diffusés après une cyberattaque",https://www.cyberattaque.org/loutz-34-go-de-donnees-e-mails-et-documents-internes-diffuses-apres-une-cyberattaque/,ITM-88543cf208949594,FRENCHBREACHES,https://frenchbreaches.com/alertes/loutz-blgcloud-msp7qzkjgh0uwodlovb,2026-08-12,Loutz,loutz,,Loutz (BlgCloud),https://frenchbreaches.com/alertes/loutz-blgcloud-msp7qzkjgh0uwodlovb
POSSIBLE_FALSE_MERGE,MERGE_REVIEW_WEAK_CANONICAL_NAME,0,,ITM-138924ed9143382e,CYBERATTAQUE_ORG,2304,2026-08-12,Son-Video.com,son video,,Son-Video.com frappé une nouvelle fois par une cyberattaque : 10 382 fichiers internes publiés,https://www.cyberattaque.org/son-video-com-frappe-une-nouvelle-fois-par-une-cyberattaque-10-382-fichiers-internes-publies/,ITM-9371d05789705127,RANSOMWARE_LIVE,,2026-08-12,SON VIDEO,son video,,SON VIDEO revendiqué par majinahanashi,http://lthicpjqc7gkn5eq3epxndc2uig3yngvcbdya4u3m3byjod5km4yuwqd.onion/#post/blog-4
POSSIBLE_FALSE_MERGE,MERGE_REVIEW_WEAK_CANONICAL_NAME,1,,ITM-1aa602530f6dfa07,CYBERATTAQUE_ORG,2322,2026-08-13,Chupin SARL,chupin,,Chupin SARL : 16 Go et plus de 70 000 fichiers publiés après le piratage de son compte BlgCloud,https://www.cyberattaque.org/chupin-sarl-16-go-et-plus-de-70-000-fichiers-publies-apres-le-piratage-de-son-compte-blgcloud/,ITM-fac377f6dd0d8ee8,FRENCHBREACHES,https://frenchbreaches.com/alertes/chupin-blgcloud-mssm9jvahrr2e2nsh7u,2026-08-14,Chupin,chupin,,Chupin (BlgCloud),https://frenchbreaches.com/alertes/chupin-blgcloud-mssm9jvahrr2e2nsh7u
POSSIBLE_FALSE_MERGE,MERGE_REVIEW_WEAK_CANONICAL_NAME,0,,ITM-2c144248ae323296,BONJOURLAFUITE,,2026-08-13,France VAE,france vae,,France VAE,https://bonjourlafuite.eu.org/img/france-vae.png,ITM-aba3d0296b074c1e,CYBERATTAQUE_ORG,2311,2026-08-13,France VAE,france vae,,"France VAE : identités, parcours professionnels et données de financement exposés après un incident de sécurité",https://www.cyberattaque.org/france-vae-identites-parcours-professionnels-et-donnees-de-financement-exposes-apres-un-incident-de-securite/
POSSIBLE_FALSE_MERGE,MERGE_REVIEW_WEAK_CANONICAL_NAME,1,,ITM-2c144248ae323296,BONJOURLAFUITE,,2026-08-13,France VAE,france vae,,France VAE,https://bonjourlafuite.eu.org/img/france-vae.png,ITM-f4d3e4a1b9bf10c0,FRENCHBREACHES,https://frenchbreaches.com/alertes/france-vae-mssluksuoixbxf5wvsr,2026-08-14,France VAE,france vae,,France VAE,https://frenchbreaches.com/alertes/france-vae-mssluksuoixbxf5wvsr
POSSIBLE_FALSE_MERGE,MERGE_REVIEW_WEAK_CANONICAL_NAME,1,,ITM-aba3d0296b074c1e,CYBERATTAQUE_ORG,2311,2026-08-13,France VAE,france vae,,"France VAE : identités, parcours professionnels et données de financement exposés après un incident de sécurité",https://www.cyberattaque.org/france-vae-identites-parcours-professionnels-et-donnees-de-financement-exposes-apres-un-incident-de-securite/,ITM-f4d3e4a1b9bf10c0,FRENCHBREACHES,https://frenchbreaches.com/alertes/france-vae-mssluksuoixbxf5wvsr,2026-08-14,France VAE,france vae,,France VAE,https://frenchbreaches.com/alertes/france-vae-mssluksuoixbxf5wvsr
POSSIBLE_FALSE_MERGE,MERGE_REVIEW_WEAK_CANONICAL_NAME,1,,ITM-ce51e4cd76737af7,CYBERATTAQUE_ORG,2333,2026-08-13,Scalingo,scalingo,808665483,Scalingo : les données de 90 000 personnes volées via une faille critique de Metabase,https://www.cyberattaque.org/scalingo-les-donnees-de-90-000-personnes-volees-via-une-faille-critique-de-metabase/,ITM-b8f59e73458e855a,FRENCHBREACHES,https://frenchbreaches.com/alertes/scalingo-mssmflhnh876wgausf,2026-08-14,Scalingo,scalingo,808665483,Scalingo,https://frenchbreaches.com/alertes/scalingo-mssmflhnh876wgausf
POSSIBLE_FALSE_MERGE,MERGE_REVIEW_WEAK_ALIAS,0,,ITM-94f3a30c48dc77ad,CYBERATTAQUE_ORG,2336,2026-08-14,DGFiP,direction generale des finances publiques,130004955,"DGFiP : une 2ème cyberattaque revendiquée, plus de 2 millions de personnes concernées",https://www.cyberattaque.org/dgfip-2-cyberattaque-cadastre/,ITM-1405c2be130d1ecd,FRENCHBREACHES,https://frenchbreaches.com/alertes/direction-g-n-rale-des-finances-publiques-spdc-mssm0kklrsqu9rd3vd,2026-08-14,Direction générale des Finances publiques,direction generale des finances publiques,130004955,Direction générale des Finances publiques (SPDC),https://frenchbreaches.com/alertes/direction-g-n-rale-des-finances-publiques-spdc-mssm0kklrsqu9rd3vd
POSSIBLE_FALSE_MERGE,MERGE_REVIEW_WEAK_ALIAS,0,,ITM-32a5248d6e3be01d,CYBERATTAQUE_ORG,2347,2026-08-15,Lebonmateriel.fr,le bon materiel,905068144,"Lebonmateriel.fr : 13,8 Go et 48 290 fichiers diffusés après le piratage de son compte BlgCloud",https://www.cyberattaque.org/lebonmateriel-fr-138-go-et-48-290-fichiers-diffuses-apres-le-piratage-de-son-compte-blgcloud/,ITM-5384bb2edc1e590e,FRENCHBREACHES,https://frenchbreaches.com/alertes/le-bon-mat-riel-blgcloud-mstkb430kht3b29drb,2026-08-15,Le Bon Matériel,le bon materiel,905068144,Le Bon Matériel (BlgCloud),https://frenchbreaches.com/alertes/le-bon-mat-riel-blgcloud-mstkb430kht3b29drb
POSSIBLE_FALSE_MERGE,MERGE_REVIEW_WEAK_CANONICAL_NAME,0,,ITM-6540e15e4bb1089d,CYBERATTAQUE_ORG,2374,2026-08-16,Bija Industrie,bija industrie,451475354,Bija Industrie : 693 mails en fuite et 5 109 fichiers internes déjà publiés,https://www.cyberattaque.org/bija-industrie-693-mails-en-fuite-et-5-109-fichiers-internes-deja-publies/,ITM-76a4c07de4838701,RANSOMWARE_LIVE,,2026-08-16,Bija Industrie,bija industrie,451475354,Bija Industrie revendiqué par medusalocker,http://t33zoj4qwv455fog7qnb2azi5xcdxkixughmmduzbw2rtdgryqfbh6id.onion/company/banadah/
POSSIBLE_FALSE_MERGE,MERGE_REVIEW_WEAK_ALIAS,0,,ITM-3e008fa243b802c2,CYBERATTAQUE_ORG,2355,2026-08-16,Motoculture Cravero,cravero motoculture,440381499,Motoculture Cravero : 49 168 fichiers et les données de plus de 8 500 personnes diffusés,https://www.cyberattaque.org/motoculture-cravero-49-168-fichiers-et-les-donnees-de-plus-de-8-500-personnes-diffuses/,ITM-3d4bbd2296a67743,FRENCHBREACHES,https://frenchbreaches.com/alertes/cravero-motoculture-blgcloud-msv33dq9e4pzz9hsrts,2026-08-16,Cravero Motoculture,cravero motoculture,440381499,Cravero Motoculture (BlgCloud),https://frenchbreaches.com/alertes/cravero-motoculture-blgcloud-msv33dq9e4pzz9hsrts
POSSIBLE_FALSE_MERGE,MERGE_REVIEW_WEAK_CANONICAL_NAME,0,,ITM-f7bb81100fe07424,CYBERATTAQUE_ORG,2361,2026-08-16,Evy,evy,,Evy : 13 870 comptes et contrats d’assurance revendiqués dans une fuite,https://www.cyberattaque.org/evy-13-870-comptes-et-contrats-dassurance-revendiques-dans-une-fuite/,ITM-a10d191484db05d5,FRENCHBREACHES,https://frenchbreaches.com/alertes/evy-msvpts753it09fb7vvf,2026-08-16,EVY,evy,,EVY,https://frenchbreaches.com/alertes/evy-msvpts753it09fb7vvf
POSSIBLE_FALSE_MERGE,MERGE_REVIEW_WEAK_CANONICAL_NAME,0,,ITM-e3cde8f1f50d0273,CYBERATTAQUE_ORG,2358,2026-08-16,France Casse,france casse,,"France Casse : 500 comptes clients, adresses et commandes revendiqués dans une nouvelle fuite",https://www.cyberattaque.org/francecasse-500-comptes-clients-adresses-et-commandes-exposes-dans-une-nouvelle-fuite/,ITM-2ccefab3d66d64ac,FRENCHBREACHES,https://frenchbreaches.com/alertes/france-casse-msv87fj5v652mg9x2mn,2026-08-16,France-Casse,france casse,,France-Casse,https://frenchbreaches.com/alertes/france-casse-msv87fj5v652mg9x2mn
POSSIBLE_MISSED_DUPLICATE,DUPLICATE_CANDIDATE_NAME_CONTAINMENT,0,,ITM-3124e925aca46b35,RANSOMWARE_LIVE,,2026-02-19,Valgo SA,valgo,,Valgo SA revendiqué par incransom,http://incblog6qu4y4mm4zvw5nrmue6qbwtgjsxpw6b7ixzssu36tsajldoad.onion/blog/disclosures/698cbf008f1d14b74360a03a,ITM-fd56c69414a47f90,VEILLE_LLM,,2026-02-19,EPF Réunion / VALGO,epf reunion valgo,,EPF Réunion / VALGO : Fuite de données,https://github.com/Ya7o/Cyberwatch/blob/main/sources/veillellm/cyberattaques_reunion_mayotte_2026.json
POSSIBLE_MISSED_DUPLICATE,DUPLICATE_CANDIDATE_NAME_CONTAINMENT,2,,ITM-b7099e3a9061d109,RANSOMWARE_LIVE,,2026-03-16,Mingat Location,mingat location,,Mingat Location revendiqué par akira,https://mingat.com,ITM-9027fb4ba11d8511,BONJOURLAFUITE,,2026-03-18,Mingat,mingat,,Mingat,https://bonjourlafuite.eu.org/img/mingat.png
POSSIBLE_MISSED_DUPLICATE,DUPLICATE_CANDIDATE_NAME_CONTAINMENT,1,,ITM-f477f3099a41adce,RANSOMWARE_LIVE,,2026-04-04,AIRCOS,aircos,,AIRCOS revendiqué par thegentlemen,https://aircospascual-anjac.com,ITM-a0efabc3a54a7902,CYBERATTAQUE_ORG,270,2026-04-05,Aircos Pascual,aircos pascual,,Aircos Pascual (Anjac) : ransomware en cours du groupe TheGentlemen après une cyberattaque,https://www.cyberattaque.org/aircos-pascual-anjac-ransomware-en-cours-du-groupe-thegentlemen-apres-une-cyberattaque/
POSSIBLE_MISSED_DUPLICATE,DUPLICATE_CANDIDATE_NAME_CONTAINMENT,1,,ITM-719727fac88493c1,CYBERATTAQUE_ORG,335,2026-04-07,Synergy,synergy,,Synergy : un acteur clé de la data et du cloud en France visé par un ransomware,https://www.cyberattaque.org/synergy-un-acteur-cle-de-la-data-et-du-cloud-en-france-vise-par-un-ransomware/,ITM-4c3bb280ccd0a626,RANSOMWARE_LIVE,,2026-04-08,Synergy France,synergy france,,Synergy France revendiqué par thegentlemen,https://synergy.fr
POSSIBLE_MISSED_DUPLICATE,DUPLICATE_CANDIDATE_NAME_CONTAINMENT,0,,ITM-157ec8180d223fb4,CYBERATTAQUE_ORG,667,2026-04-20,City’Pro Marionneau,city pro marionneau,,City’Pro Marionneau : fuite de données après une cyberattaque revendiquée,https://www.cyberattaque.org/citypro-marionneau-fuite-de-donnees-apres-une-cyberattaque-revendiquee/,ITM-66285aa24e7daecb,RANSOMWARE_LIVE,,2026-04-20,City'Pro,city pro,,City'Pro revendiqué par qilin,http://ijzn3sicrcy7guixkzjkib4ukbiilwc3xhnmby4mcbccnsd7j2rekvqd.onion/site/blog?uuid=eedd0eaa-5cd6-4450-b165-24877fb4124d
POSSIBLE_MISSED_DUPLICATE,DUPLICATE_CANDIDATE_NAME_CONTAINMENT,0,,ITM-afb44d2fccc4b1df,BONJOURLAFUITE,,2026-04-29,Métropole de Saint-Étienne,metropole de saint etienne,,Métropole de Saint-Étienne,https://bonjourlafuite.eu.org/img/metropole-saint-etienne.webp,ITM-8bbdf4f200b886ef,CYBERATTAQUE_ORG,877,2026-04-29,Saint-Étienne,saint etienne,,Saint-Étienne : la ville victime d’une cyberattaque via son prestataire de billetterie,https://www.cyberattaque.org/saint-etienne-la-ville-victime-dune-cyberattaque-via-son-prestataire-de-billetterie/
POSSIBLE_MISSED_DUPLICATE,DUPLICATE_CANDIDATE_NAME_CONTAINMENT,2,,ITM-bbb320037d561b6a,RANSOMWARE_LIVE,,2026-05-05,Académie de Montpellier / CSJM,academie de montpellier csjm,,Académie de Montpellier / CSJM revendiqué par medusalocker,http://t33zoj4qwv455fog7qnb2azi5xcdxkixughmmduzbw2rtdgryqfbh6id.onion/company/baiapai/,ITM-1fdcf3bb7afcc977,CYBERATTAQUE_ORG,1049,2026-05-07,Académie de Montpellier,academie de montpellier,,Académie de Montpellier : fuite de documents sensibles après une cyberattaque,https://www.cyberattaque.org/academie-de-montpellier-fuite-de-documents-sensibles-apres-une-cyberattaque/
POSSIBLE_MISSED_DUPLICATE,DUPLICATE_CANDIDATE_NAME_CONTAINMENT,1,,ITM-7b2d0395d0266dbe,CYBERATTAQUE_ORG,1022,2026-05-05,Quiberon,quiberon,,Quiberon : les services municipaux perturbés après une cyberattaque,https://www.cyberattaque.org/quiberon-les-services-municipaux-perturbes-apres-une-cyberattaque/,ITM-ad94ec6be4f43b90,RANSOMWARE_LIVE,,2026-05-06,Le Maire de QUIBERON,le maire de quiberon,,Le Maire de QUIBERON revendiqué par qilin,http://ijzn3sicrcy7guixkzjkib4ukbiilwc3xhnmby4mcbccnsd7j2rekvqd.onion/site/blog?uuid=0b78e764-e42c-4f41-aec4-09706a41af09
POSSIBLE_MISSED_DUPLICATE,DUPLICATE_CANDIDATE_NAME_CONTAINMENT,3,,ITM-fc1b90509100b6be,BONJOURLAFUITE,,2026-05-09,Ville de Roubaix,ville de roubaix,,Ville de Roubaix,https://www.roubaixxl.fr/incident-securite-kiosque-famille-service-education/,ITM-5195e435f4b81c8c,CYBERATTAQUE_ORG,1090,2026-05-12,Roubaix,roubaix,,Roubaix : le Kiosque famille suspendu après une fuite de données concernant des enfants scolarisés,https://www.cyberattaque.org/roubaix-le-kiosque-famille-suspendu-apres-une-fuite-de-donnees-concernant-des-enfants-scolarises/
POSSIBLE_MISSED_DUPLICATE,DUPLICATE_CANDIDATE_NAME_CONTAINMENT,0,,ITM-ca0de5a8fa988817,BONJOURLAFUITE,,2026-05-12,Kiosque famille de la ville de Roubaix,kiosque famille de la ville de roubaix,,Kiosque famille de la ville de Roubaix,https://www.roubaixxl.fr/incident-securite-kiosque-famille-service-education/,ITM-5195e435f4b81c8c,CYBERATTAQUE_ORG,1090,2026-05-12,Roubaix,roubaix,,Roubaix : le Kiosque famille suspendu après une fuite de données concernant des enfants scolarisés,https://www.cyberattaque.org/roubaix-le-kiosque-famille-suspendu-apres-une-fuite-de-donnees-concernant-des-enfants-scolarises/
POSSIBLE_MISSED_DUPLICATE,DUPLICATE_CANDIDATE_NAME_CONTAINMENT,0,,ITM-0972b9f1cdbf38ca,BONJOURLAFUITE,,2026-05-22,Atol,atol,,Atol,https://bonjourlafuite.eu.org/img/atol.png,ITM-ea63cfe55e4dc145,CYBERATTAQUE_ORG,1404,2026-05-22,Atol Mon Opticien,atol mon opticien,,"Atol Mon Opticien : 5,9 millions de clients exposés dans une fuite massive de données",https://www.cyberattaque.org/atol-mon-opticien-59-millions-de-clients-exposes-dans-une-fuite-massive-de-donnees/
POSSIBLE_MISSED_DUPLICATE,DUPLICATE_CANDIDATE_NAME_CONTAINMENT,0,,ITM-3b3dc88186c87b68,BONJOURLAFUITE,,2026-06-26,"Ministère des Sports, de la Jeunesse et de la Vie associative",ministere des sports de la jeunesse et de la vie associative,130016587,"Ministère des Sports, de la Jeunesse et de la Vie associative",https://bonjourlafuite.eu.org/img/msjva.png,ITM-073165dc67597152,CYBERATTAQUE_ORG,1810,2026-06-26,Ministère des Sports,ministere des sports,,Ministère des Sports : jusqu’à 227 000 enregistrements du Compte Asso revendiqués après une cyberattaque,https://www.cyberattaque.org/ministere-des-sports-jusqua-227-000-enregistrements-du-compte-asso-revendiques-apres-une-cyberattaque/
POSSIBLE_MISSED_DUPLICATE,DUPLICATE_CANDIDATE_NAME_CONTAINMENT,2,,ITM-c0642652474ead00,FRENCHBREACHES,https://frenchbreaches.com/alertes/intermarch-drive-msd3lq1z008txe7ifb90x,2026-08-03,Intermarché Drive,intermarche drive,,Intermarché Drive,https://frenchbreaches.com/alertes/intermarch-drive-msd3lq1z008txe7ifb90x,ITM-9f6117dfe9bcd437,CYBERATTAQUE_ORG,2124,2026-08-05,Intermarché,intermarche,,"Intermarché victime d’une cyberattaque : jusqu’à 1,39M clients du Drive exposés",https://www.cyberattaque.org/intermarche-victime-dune-cyberattaque-les-donnees-de-clients-drive-exposees/
POSSIBLE_MISSED_DUPLICATE,DUPLICATE_CANDIDATE_NAME_CONTAINMENT,0,,ITM-9f6117dfe9bcd437,CYBERATTAQUE_ORG,2124,2026-08-05,Intermarché,intermarche,,"Intermarché victime d’une cyberattaque : jusqu’à 1,39M clients du Drive exposés",https://www.cyberattaque.org/intermarche-victime-dune-cyberattaque-les-donnees-de-clients-drive-exposees/,ITM-783dfbd911a6ea5d,FRENCHBREACHES,https://frenchbreaches.com/alertes/intermarch-drive-msf7vvhryw7nui45uho,2026-08-05,Intermarché Drive,intermarche drive,,Intermarché Drive,https://frenchbreaches.com/alertes/intermarch-drive-msf7vvhryw7nui45uho
POSSIBLE_MISSED_DUPLICATE,DUPLICATE_CANDIDATE_NAME_CONTAINMENT,0,,ITM-30b99ffa7476055b,CYBERATTAQUE_ORG,2370,2026-08-16,Jone Précision menacé par un ransomware,jone precision menace par un ransomware,,Jone Précision menacé par un ransomware : 18 Go et plus de 12 500 fichiers revendiqués,https://www.cyberattaque.org/jone-precision-menace-ransomware-cyberattaque/,ITM-c67b5d5ab01b9115,RANSOMWARE_LIVE,,2026-08-16,Jone Précision,jone precision,,Jone Précision revendiqué par qilin,http://ijzn3sicrcy7guixkzjkib4ukbiilwc3xhnmby4mcbccnsd7j2rekvqd.onion/site/blog?uuid=40c19069-fd91-4f43-846b-71806c93607a
POSSIBLE_MISSED_DUPLICATE,DUPLICATE_CANDIDATE_NAME_CONTAINMENT,0,,ITM-301e4ba5ce0f46c3,CYBERATTAQUE_ORG,2378,2026-08-16,Lenormant,lenormant,,"Lenormant : 20,6 Go de données et près de 39 000 fichiers internes diffusés après une cyberattaque",https://www.cyberattaque.org/lenormant-206-go-de-donnees-et-pres-de-39-000-fichiers-internes-diffuses-apres-une-cyberattaque/,ITM-4b79645d80ad2ef9,FRENCHBREACHES,https://frenchbreaches.com/alertes/groupe-lenormant-blgcloud-msw8bjc0qn0hi4pzoxa,2026-08-16,Groupe Lenormant,groupe lenormant,,Groupe Lenormant (BlgCloud),https://frenchbreaches.com/alertes/groupe-lenormant-blgcloud-msw8bjc0qn0hi4pzoxa
