Incident_ID,Anchor_Item_ID,Organisation_Key,Redirect_To
INC-015E0D4D14C0,ITM-57627dee3b4b8f1a,federation royale belge de tennis de table,
INC-02BB571E8CCD,ITM-257f7999a10cb3ba,ambpvc,
INC-06ECF42EF0B5,ITM-2c167a8668e618ce,oracio,
INC-08D80AA8EF71,ITM-32fe91231131ddf7,air austral,
INC-096E79FC178A,ITM-15d98e980a937e24,point vision,
INC-0AB5E9FB09C5,ITM-7e739d6925596d17,bati avenue,
INC-0B0B8C7EB128,ITM-9571163a2e202b8b,reserver,
INC-0C583422D46E,ITM-b427adb39981c957,commune de ouangani,
INC-0C6419E48F71,ITM-edb7d1a852000421,planity,
INC-0D418F193074,ITM-17e3c4c13804a513,ekolis,
INC-0D46C7B8737B,ITM-7dd76607cdfe3f2a,doinsport,
INC-0DACE151ECA1,ITM-fcceeb950c538ade,federation flamande de judo,
INC-0DDC0E58C729,ITM-1b035ef8f062eb0f,genae ecully,
INC-0E4631F3A262,ITM-66d72597a2645248,paymium,
INC-0E75E6FDF77D,ITM-88065baecfcef346,aokkef,
INC-0F486B50ABB2,ITM-999fb285aa0e1611,groupe adequat,
INC-10677A4FD49A,ITM-833fd1334242b547,rosello et fils,
INC-10CAECE09DE1,ITM-9dd5cffed039811b,tracfin,
INC-148B4A8FB9BA,ITM-3aebf1d3b93ab0c1,direction interministerielle du numerique,
INC-151DF83A2049,ITM-cd231bb63ca4b55a,permis de chasser,
INC-1609FD7212B6,ITM-2b0b9abe0b53420c,century21,
INC-182F9EE2F8D0,ITM-b5b66180f50799d9,jims,
INC-195E6B7F17E8,ITM-05857de0f71c8328,oceania hotels,
INC-1994FB59EEA0,ITM-1cbac99e79ca519d,autobacs,
INC-1A4F2221C3A0,ITM-d5c554b19f3dcaa9,boulanger,
INC-1AB8FA0FE5D3,ITM-fdc7d8f8fa717fc5,rofim doctor,
INC-1C4D92961F4E,ITM-334a64fd5bca6da5,revolut,
INC-1D4141D387DB,ITM-cbaeb98fe6a028a3,orkyn,
INC-1E4AB4109456,ITM-c928efa51d6249f8,thema foundries,
INC-20C6D9DEDD18,ITM-2bb0fc4052122b1c,presses universitaires de franche comte,
INC-20CE598D53A6,ITM-951f4dee7c4dd6d6,groupe kel,
INC-216C758CC758,ITM-b4e82cd6fe86752f,asp,INC-D9091A0211B6
INC-218799D3E526,ITM-fe9e2a84d331b7ab,caridro val de loire,
INC-21AE16486F4B,ITM-b448f47c38da62fd,maison du souvenir,INC-41D3A5E68E62
INC-25FB4E5B300E,ITM-e0b6cb365b0ff98c,stim,
INC-27DA984EF5A3,ITM-2d36bfecfabc0de8,ouverture fine specialiste de la serrurerie,
INC-28E45E300CB9,ITM-d12ad621f23be439,commune de saint leu,
INC-2906CE42B265,ITM-5744bb10e363ee11,krys group,
INC-2B7599B47966,ITM-6f4332af337d5010,predige,
INC-2C2D95145031,ITM-f63d30d8b366cfe1,francare,INC-B52A1013C987
INC-2D5B61EEEBC6,ITM-f65edf5f508bc537,cuc loisirs vacances,
INC-2EA9D4F2C864,ITM-c3a36ee338fcd65d,pays de l aigle,
INC-2ECF4B71AF30,ITM-cc807b81c868ba0a,dr veto,
INC-3139AFB2614E,ITM-c71035c1743d0d7f,score n co,
INC-32DEDB181594,ITM-822ff9995158b39f,scribd,
INC-3336EBD9F855,ITM-ad21a15ec5046928,diamonds factory,
INC-3344F0DB45BC,ITM-09971b142b18e200,mairie de mortagne au perche,
INC-3540E86641E4,ITM-355bf8a90796f5d6,decoclim,
INC-36BF040BEA60,ITM-be00db59b1438cc3,alaxione,
INC-39AC99DC698D,ITM-df8c923ab4355097,agefiph,
INC-3A4CFEB0905F,ITM-90bd691fdd612fe3,avantages jeunes,
INC-3AAEEA9D575F,ITM-c9f092781992098e,brevo,
INC-3B8C2F71BF60,ITM-5366750b9713f248,egep reunion,
INC-3E7D77B3D0DC,ITM-999ef5bf9852ad00,bmgp groupe,
INC-40F47F722BA0,ITM-2241171f48d8bdaa,mairie d espelette,
INC-41D3A5E68E62,ITM-344b889900c38717,maison du souvenir de maille,
INC-42EC20D224C2,ITM-2233ef32480f1f3a,arntreal,
INC-447AE4B3A871,ITM-8bc0bc42e5b16fca,maileva,
INC-4522C21E32DC,ITM-de572addb19c98a8,nosrezo,
INC-45C1E638A824,ITM-1e065b3c91aaa21e,gps sante,
INC-473AA3A9AF12,ITM-c8f525e9a3f7b53d,adequat,
INC-48E6506D90E3,ITM-61511159d35bde30,qualicharge,
INC-49CFE67751C8,ITM-3985dc3501ee59cc,azae,
INC-4CA0BE29DA39,ITM-884c1594d9ca94d2,federation royale belge des echecs,
INC-4D9B53C749DA,ITM-2fd98345b31cfa11,whoof,
INC-504E072622BB,ITM-7159be909318f2d0,region hauts de france,
INC-514833CDCCB3,ITM-932b21522a14c938,ffrandonnee,
INC-5176DF5FE5D0,ITM-8bcee1e00b142e81,distinxion,
INC-523457E7106A,ITM-940e8480763f4152,geonat idf,
INC-55B78F7C08BD,ITM-d61873a685a029e5,fitnessboutique,
INC-56553114E3FD,ITM-28e858e26c316ede,centrale canine,
INC-56866F7B17D0,ITM-30ad17aa991bd1ff,ressources si,
INC-56943E53C070,ITM-06c0bace591fbd34,cgt aude,
INC-5752F4E0EEB5,ITM-86b806cc28fa8505,amcen,
INC-575DE7755221,ITM-f4e4e11cbcc11b38,aqualter,
INC-584E3E37779F,ITM-78ac6a41043cc667,ifapme,
INC-5AD7E8261825,ITM-afd4259690cd4330,aforpa,
INC-5BDF6CC8AB6A,ITM-6ca9e92c98b2846d,reussir,
INC-5D9E8757B8BE,ITM-ae79e76944d286e2,sfr,
INC-5E8059ABAC74,ITM-125ecc75c86de073,amadeus ihotelier,
INC-5E8DA92FB14A,ITM-bab1a69f3135e812,federation royale colombophile belge,
INC-5EDD2772312B,ITM-cbb2add2423dab99,colec,
INC-5F3F78296574,ITM-2f18fd4763986071,wizishop,
INC-5F4A9FD7D455,ITM-7f1162e0ea020df8,ouverture fine,
INC-601E3DC05F51,ITM-7d6ccc67269f5b03,faktus,
INC-60BCEF25FA60,ITM-ab978f4bceace1c1,le centre national de l expertise hospitaliere,
INC-630FE3AFB253,ITM-e9ceb8ca4d2e254b,manu port,
INC-63A143370102,ITM-657c2ae5867382da,portalia,
INC-6671500C32EB,ITM-60d103d1c68f03d5,crowdsec,
INC-673354204E98,ITM-d6937a7d84d3f70d,greengo,
INC-6741AD9842BA,ITM-ab1122ef76324a6a,nature et decouvertes,
INC-676716BCCE94,ITM-6039d5a71989a758,planity,
INC-6906B2607D08,ITM-6ee084eeb233730c,heolis,
INC-697D5F99FFA4,ITM-12da2daac98ebf48,belnet,
INC-6A6C77858168,ITM-38f7c4a9956f98cf,digit re group,
INC-6A804DBD820F,ITM-be5f9241cb8beb3a,academie de creteil,
INC-6B36814D6E1B,ITM-a63cb6fd1aa404c8,dinum,
INC-6D1A06BBDEFA,ITM-278f8ef0ccb07d7b,pierrefeu,
INC-6D5364A98379,ITM-6897b85af127978b,ofb,
INC-6DBA5222763D,ITM-4fef33cf24051868,propertips by iad vise par une cyberattaque,
INC-6E2B3A6C871F,ITM-8b87c4bab3fdb358,naturabuy,
INC-6FB6E50001AA,ITM-48ecbdf8da035a41,salt mobile,
INC-723CD35E91B1,ITM-529e9bc1d8b0b2b9,vosfactures,
INC-72BF97901CE1,ITM-c4c75b59723a02fb,lycee polyvalent jean joly,
INC-745CC3BD768D,ITM-0d9bd76ee056595f,waytome,
INC-75B912C7A455,ITM-f2e010fc520c1cd0,nature decouvertes,INC-6741AD9842BA
INC-77FA7FC04A8A,ITM-83a963dca4c19db7,welyb,
INC-78281AB82197,ITM-c890a72d45f49174,alaxione,
INC-78419FB9DA1C,ITM-87c0985509c2834f,aestria,
INC-78D32D7D8C37,ITM-c468aaef607411be,epf reunion valgo,
INC-7957FB7116F1,ITM-e7ad616bfc469067,le quotidien de la reunion,
INC-7AAA2E982784,ITM-13a0dd1fe75a3d19,carrefour,
INC-7BF9828040F8,ITM-8e1b34e80f9a2eb7,ville de joigny,
INC-7C0FCA2CE323,ITM-4bd5428d86dc863b,pass pass,
INC-7F028203AC2F,ITM-74ca438fde25ab48,armurerie douillet,
INC-827F032013D7,ITM-e8d2b8af2ee65c3a,federation belge de taekwondo,
INC-838BDB4325BB,ITM-03cddab771948da3,agence nationale des frequences,
INC-83DD9A00472C,ITM-17a00c0247dd7a43,twizzit,
INC-845CF3A0AFE4,ITM-c0a5c593c02a2ac1,le club totalenergies,
INC-8568A4E43460,ITM-3f5eaa43b32ed106,spareka,
INC-87031C7549CF,ITM-f080d1df4f2bf7c2,orisha,
INC-87D2AA2BDA02,ITM-007146cf8e7f7faa,pharmaland,
INC-88E7A1ED85A0,ITM-d07b9bcfd1582595,sdis80,
INC-8977F4E00B2B,ITM-5b540d43861ffdaf,groupe krys,
INC-8C3B062EFF51,ITM-69c664e7f86d4a4c,bureau vallee,
INC-8C6C97916F72,ITM-29562c0f52b87a9d,ead online,
INC-8D3392DD5A1A,ITM-d154d6b798586334,sdis des pyrenees orientales,
INC-8D7AC4DCF1CA,ITM-ef31181ba33d93c4,uniformation,
INC-8DD0D487E22E,ITM-124f61428b5d1c25,laboratoire lcs,
INC-8FE3D1894F9C,ITM-bb335056dc05007d,ecofone,
INC-905219E08A66,ITM-8308834b0e866008,cookson clal,
INC-911E74AADDEB,ITM-1c5e3cf885791145,greffe du tribunal de paris,
INC-91CF3E89369C,ITM-57ef50dd89b40496,euroditel resotelecom,
INC-9351E1D07BE3,ITM-ec2e708fa6b23c43,capeb,
INC-938BAAE8F945,ITM-bae52b0457f84ed3,sdis66,
INC-947343AC5270,ITM-9657d834dd0601bc,les cles de l atelier,
INC-9607A0C6CE0E,ITM-5eb84c7bc13fac7a,horizane sante,
INC-9B11A8F11CE1,ITM-62e437543f1280c0,ministere de l education nationale academie de la reunion,
INC-9C6AEF0A9A93,ITM-a64021400b547847,qpm pro,
INC-A00DBB2273A4,ITM-5d16bc3a35cb2e27,groupe mgel vise par une cyberattaque,
INC-A1421571278F,ITM-4126568309d0df84,admr,
INC-A36AFC8D9E10,ITM-d0c4415a4aa024c8,stor solutions,
INC-A3FC35E0B6B9,ITM-050c6ddc239f5101,gefradis,
INC-A47A707953EA,ITM-5db131ed797d2870,armurerie lavaux,
INC-A5039CEBC10A,ITM-503153bbb0d8be59,grand delta habitat,
INC-A511F1D9017B,ITM-16003d29d20ffaa0,cgt de l aude,
INC-A674F41CD218,ITM-4245bf75fc1f748d,federation royale belge des sports equestres,
INC-A6AC87645DB8,ITM-80cc8ab052423602,ville du tampon,
INC-A6E6102B7E57,ITM-b37b70c86aebf7d3,fmg sales marketing,
INC-A84ABFF6796F,ITM-09ae81f88d704788,talentplug,
INC-A88202D7AFA6,ITM-bf39b996c07db18b,federation francaise de speleologie,
INC-AA1E1BAAF08B,ITM-4adba0907ebb4df2,cnam,
INC-AA49D64CDD92,ITM-348baf4c4d7e6f81,anssi,
INC-AC0AE089503F,ITM-9e7bffebd80a7d06,frontieres,
INC-AE4B3CED8F6F,ITM-6884a9ecfac79ea5,cnam,
INC-AE83733D5446,ITM-675cf22555186e7c,plurelya,
INC-AEF41727FCA2,ITM-55ef92db8d8e20df,agora cooperative agricole,
INC-AF6A27F3AB60,ITM-73809dc25c79ed70,avantagesjeunes,
INC-B2323F1F0DB2,ITM-440e6318a1c30c27,alaxione,
INC-B35474814A8B,ITM-79a48073d59bd6a5,amb pvc,INC-02BB571E8CCD
INC-B52A1013C987,ITM-52bf3b1b1fdbba7c,francaretrad,
INC-B6C3BE11559E,ITM-9906e87746af307a,ville de libercourt,
INC-B7A187FB027A,ITM-c71325067dfe66aa,federation royale belge de football,
INC-B9C05B36A12A,ITM-dd3786c8f41f9577,sport2000,
INC-BB2E3878A0EC,ITM-037c906167658a97,activa assurances,
INC-BCB0E97E5B45,ITM-79cdf72ca640ea04,federation francaise de basketball,
INC-BD9850BF3E4B,ITM-d11f67dd2938905f,biocoop,
INC-BEB27450B5FC,ITM-150823a6ef95df78,sushi cie,
INC-C1CED4C6534B,ITM-6c0a33a2ab491f92,renault,
INC-C25097FEA710,ITM-154fd7f6a72a310b,bouteilles et bocaux,
INC-C3E56A9BD7F1,ITM-a81f7bbc656d355c,mesmarches,
INC-C4310380AA3C,ITM-55735f00ce58c05d,familea,
INC-C4A651F59644,ITM-a21df15e728d98b3,groupe proxitel,
INC-C51E0C2AE395,ITM-d19dfd6b22e0c54c,uptoo,
INC-C63850DBEE3B,ITM-6342a8dff0435157,place des salaries,
INC-C76D252079F0,ITM-b793855e61657b68,europrim,
INC-CC9731B28C94,ITM-4509703010707dc1,federation francophone de gymnastique,
INC-CCB0A791DF2D,ITM-2848a93dd9fe3db8,legalstart,
INC-CCB9516D9CFF,ITM-941dd2f94b39a7a7,reassurez moi,
INC-CFA199A7659B,ITM-a2ad91531bbc93f5,centre val de loire,
INC-D06CA5297DDC,ITM-ba6d921c3cb19b45,snexi,
INC-D2FB7EB1592C,ITM-5f2d9f83384f973b,zenfirst,
INC-D72A05DFD66E,ITM-71e8272f75aeb478,revolut piege par de fausses demandes gouvernementales,INC-1C4D92961F4E
INC-D7E1EEBAB16D,ITM-5fd021f4b27756d1,carte de peche,
INC-D8AF87664D6E,ITM-8170f6e3bc0045da,celinni,
INC-D9091A0211B6,ITM-94fc0fe8bab3faac,agence de services et de paiement,
INC-D95CB21B4453,ITM-a7b83a46c2014a52,autos,
INC-DB37F06CE825,ITM-26ccc95579f37b49,naturabuy,
INC-DB70F62CAABE,ITM-836dec82b89651c4,capm europe,
INC-DB8BDF7CCB2D,ITM-fdc47ad9dffdbe4d,mairie de mamoudzou,
INC-DC8AC46291C7,ITM-2c765040652d9e75,tribunal des activites economiques de paris,
INC-DCADE9E8E394,ITM-61867fa44b66bfe2,scorenco,INC-3139AFB2614E
INC-DEDD0ED9EB9A,ITM-fe2e580e6e7e9ee8,cigusto,
INC-DEF298242E44,ITM-fc2b714cad93ff17,lycee polyvalent paul moreau,
INC-DFE22B730AB6,ITM-e1b71444a044165f,backpower,
INC-DFEB66426AD8,ITM-0ac79d848c8a7f5b,colisport,
INC-E005064D73B2,ITM-38329d4e6d55bd06,altagem,
INC-E1DAFF22CE19,ITM-a9b3731f84e8fcb3,region centre val de loire,
INC-E4D2A28AC615,ITM-f3f9c9c9797956e3,cneh,
INC-E67015756A95,ITM-9f3d8f5db9d90222,afpa,
INC-E7EECFC58978,ITM-df10cf5effef1dcd,hesperide,
INC-E839CB798199,ITM-6859261687785113,ldlc,
INC-EA45CB7EDDDE,ITM-a7b504fada9742bc,aeroclub de l aia,
INC-EB38E1F1F3E0,ITM-10674cb44aa7043d,kiassure,
INC-EB398EFD54DA,ITM-7f779d91d0dbcd3d,transparence sante,
INC-ED39677A0644,ITM-4cf7d2d35340767a,region 32,
INC-ED5E5886980A,ITM-042fdd9bcd3ffeaf,eracm,
INC-EE167D8D9DEA,ITM-b85cbb803b26c27c,laboratoire d innovation de l anssi,
INC-F01F1A75909C,ITM-cf98c476194a920f,l orange bleue,
INC-F19CA8144B3E,ITM-206a13c38434592c,cours thales,
INC-F2C5F9D520CA,ITM-b0cb2f86301fb9cd,repar store,
INC-F34197834D47,ITM-978b825e19437cf6,afpa,
INC-F38A1241BA3D,ITM-a829786dc28c17d2,ecole veterinaire d alfort,
INC-F3FE3B65CD68,ITM-2723da88bd99eab7,hopital paris saint joseph,
INC-F6EA93C0805A,ITM-f7f7641178235572,papouille france,
INC-F7BB72962D53,ITM-b246d3960f9666d5,april,
INC-FAB241BB235B,ITM-e0a1c2970766eda5,fiducial,
INC-FABD16004BFF,ITM-e0b816c11ea06148,communauto,
INC-FB1C1AB0773B,ITM-8d83a6975038d2a2,maileva filiale de la poste,INC-447AE4B3A871
INC-FB1EC7E5A99A,ITM-0572b11d22e005de,federation francaise de la randonnee,
INC-FD11035E7E5A,ITM-1ad101a9d7b8c74b,vitalweb,
INC-FFCBE53FECAC,ITM-9d6f490ec849d954,agiliance,
