Incident_ID,Date,Date_Basis,Organisation,Secteur,Menace,Localisation,Sources,Source_URLs,Items_Count,First_seen,Last_seen
INC-584E3E37779F,2026-10-04,PUBLICATION,IFAPME,Éducation / Formation,Fuite de données,France métropolitaine,FRENCHBREACHES,https://frenchbreaches.com/alertes/ifapme-mljdutarctws1xjua8o,1,2026-10-04T16:54:04.184048+04:00,2026-10-04T16:54:04.184048+04:00
INC-9351E1D07BE3,2026-10-03,PUBLICATION,CAPEB,Industrie / Manufacture,Fuite de données,France métropolitaine,CYBERATTAQUE_ORG | FRENCHBREACHES,https://frenchbreaches.com/alertes/capeb-murke1g4sga4x80oopk | https://www.cyberattaque.org/capeb-cyberattaque-3-9-millions-de-lignes-diffusees-500-000-artisans-en-fuite/,2,2026-10-03T16:06:56.409081+04:00,2026-10-03T16:06:56.409081+04:00
INC-56943E53C070,2026-10-03,PUBLICATION,CGT Aude,Administration / Collectivité,Fuite de données,France métropolitaine,FRENCHBREACHES,https://frenchbreaches.com/alertes/cgt-aude-murlk6wfg15fmu7agjq,1,2026-10-03T16:06:56.409081+04:00,2026-10-03T16:06:56.409081+04:00
INC-A511F1D9017B,2026-10-03,PUBLICATION,CGT de l’Aude,Inconnu,Fuite de données,Inconnu,CYBERATTAQUE_ORG,https://www.cyberattaque.org/cgt-plus-de-100-000-personnes-exposees-apres-la-decouverte-dune-vulnerabilite/,1,2026-10-03T16:06:56.409081+04:00,2026-10-03T16:06:56.409081+04:00
INC-AE4B3CED8F6F,2026-10-03,PUBLICATION,CNAM,Éducation / Formation,Fuite de données,France métropolitaine,FRENCHBREACHES,https://frenchbreaches.com/alertes/cnam-murn43e35w5ztpqrxtc,1,2026-10-03T16:06:56.409081+04:00,2026-10-03T16:06:56.409081+04:00
INC-E4D2A28AC615,2026-10-03,PUBLICATION,CNEH,Santé,Ransomware,Inconnu,CYBERATTAQUE_ORG,https://www.cyberattaque.org/cyberattaque-centre-national-de-expertise-hospitaliere/,1,2026-10-03T16:06:56.409081+04:00,2026-10-03T16:06:56.409081+04:00
INC-F19CA8144B3E,2026-10-03,PUBLICATION,Cours Thalès,Éducation / Formation,Fuite de données,France métropolitaine,CYBERATTAQUE_ORG | FRENCHBREACHES,https://frenchbreaches.com/alertes/cours-thal-s-musgbt3pvmwpqeg5v6 | https://www.cyberattaque.org/cyberattaque-cours-thales-40-070-donnees-de-facturation-exposees-apres-une-faille-idor/,2,2026-10-04T16:54:04.184048+04:00,2026-10-04T16:54:04.184048+04:00
INC-A674F41CD218,2026-10-03,PUBLICATION,Fédération Royale Belge des Sports Équestres,Sport,Fuite de données,Inconnu,FRENCHBREACHES,https://frenchbreaches.com/alertes/f-d-ration-royale-belge-des-sports-questres-frbse-kbrsf-murj93me4zg2qdmw1k,1,2026-10-03T16:06:56.409081+04:00,2026-10-03T16:06:56.409081+04:00
INC-5E8DA92FB14A,2026-10-03,PUBLICATION,Fédération Royale Colombophile Belge,Administration / Collectivité,Fuite de données,Inconnu,FRENCHBREACHES,https://frenchbreaches.com/alertes/f-d-ration-royale-colombophile-belge-murjhz3kb1mdmj9m5g4,1,2026-10-03T16:06:56.409081+04:00,2026-10-03T16:06:56.409081+04:00
INC-AA1E1BAAF08B,2026-10-02,PUBLICATION,CNAM,Éducation / Formation,Fuite de données,France métropolitaine,CYBERATTAQUE_ORG | FRENCHBREACHES,https://frenchbreaches.com/alertes/cnam-adage-muri2nsuk18ssrkyap | https://www.cyberattaque.org/cyberattaque-cnam-pres-de-16-000-profils-denseignants-exposes-dans-une-fuite-de-donnees/,2,2026-10-03T16:06:56.409081+04:00,2026-10-03T16:06:56.409081+04:00
INC-55B78F7C08BD,2026-10-02,PUBLICATION,FitnessBoutique,Commerce / Distribution,Fuite de données,France métropolitaine,CYBERATTAQUE_ORG | FRENCHBREACHES,https://frenchbreaches.com/alertes/fitnessboutique-mur3td4i3kz7pnkibuc | https://www.cyberattaque.org/fitnessboutique-cyberattaque/,2,2026-10-03T16:06:56.409081+04:00,2026-10-03T16:06:56.409081+04:00
INC-A6E6102B7E57,2026-10-02,PUBLICATION,FMG Sales & Marketing,Commerce / Distribution,Fuite de données,France métropolitaine,CYBERATTAQUE_ORG | FRENCHBREACHES,https://frenchbreaches.com/alertes/fmg-sales-marketing-mur94aon523ticxpdfy | https://www.cyberattaque.org/fmg-sales-marketing-cyberattaque-plus-de-10-000-intervenants-exposes-dans-une-fuite-de-donnees/,2,2026-10-03T16:06:56.409081+04:00,2026-10-03T16:06:56.409081+04:00
INC-B7A187FB027A,2026-10-02,PUBLICATION,Fédération royale belge de football,Sport,Fuite de données,Inconnu,FRENCHBREACHES,https://frenchbreaches.com/alertes/f-d-ration-royale-belge-de-football-rbfa-urbsfa-muqax4zegee0ktaus1o,1,2026-10-02T17:16:49.718104+04:00,2026-10-02T17:16:49.718104+04:00
INC-0DDC0E58C729,2026-10-02,PUBLICATION,Genae Écully,Inconnu,Intrusion,Inconnu,CYBERATTAQUE_ORG,https://www.cyberattaque.org/genae-ecully-cyberattaque-fitnesskpi-1-848-adherents-exposes-avec-leurs-paiements-et-habitudes-de-frequentation/,1,2026-10-03T16:06:56.409081+04:00,2026-10-03T16:06:56.409081+04:00
INC-E839CB798199,2026-10-02,PUBLICATION,LDLC,Numérique / Technologie,Fuite de données,France métropolitaine,BONJOURLAFUITE | CYBERATTAQUE_ORG | FRENCHBREACHES,https://bonjourlafuite.eu.org/img/ldlc-2.png | https://frenchbreaches.com/alertes/ldlc-muqsxvb7wz9y21k96wp | https://www.cyberattaque.org/ldlc-victime-dune-cyberattaque-les-donnees-personnelles-de-clients-exposees/,3,2026-10-02T17:16:49.718104+04:00,2026-10-02T17:16:49.718104+04:00
INC-6D1A06BBDEFA,2026-10-02,PUBLICATION,pierrefeu,Inconnu,Ransomware,France métropolitaine,RANSOMWARE_LIVE,http://krybitqsdzwmhnitvwuhvsntfgf2wrhxveyxroxpc44c6gkft2cqldyd.onion/blog/8b4ba9a7921f9cedc14275f97019a1c2717ee9d99a108241fbb94368079647c2/,1,2026-10-03T16:06:56.409081+04:00,2026-10-03T16:06:56.409081+04:00
INC-ED39677A0644,2026-10-02,PUBLICATION,Région Hauts-de-France,Administration / Collectivité,Fuite de données,France métropolitaine,BONJOURLAFUITE | CYBERATTAQUE_ORG | FRENCHBREACHES,https://bonjourlafuite.eu.org/img/hauts-de-france.jpg | https://frenchbreaches.com/alertes/r-gion-hauts-de-france-atexo-mur6n6zz7mtgktgessr | https://www.cyberattaque.org/region-hauts-de-france-des-donnees-personnelles-exposees-suite-a-une-cyberattaque-chez-atexo/,3,2026-10-03T16:06:56.409081+04:00,2026-10-03T16:06:56.409081+04:00
INC-A1421571278F,2026-10-01,PUBLICATION,ADMR,Commerce / Distribution,Fuite de données,France métropolitaine,CYBERATTAQUE_ORG | FRENCHBREACHES,https://frenchbreaches.com/alertes/admr-mupn6cbtuoer51cdk4 | https://www.cyberattaque.org/cyberattaque-admr-pres-de-10-000-comptes-internes-exposes-dans-une-nouvelle-fuite/,2,2026-10-02T17:16:49.718104+04:00,2026-10-02T17:16:49.718104+04:00
INC-3A4CFEB0905F,2026-10-01,PUBLICATION,Avantages Jeunes,Inconnu,Fuite de données,Inconnu,CYBERATTAQUE_ORG,https://www.cyberattaque.org/avantages-jeunes-cyberattaque-318-000-profils-en-fuite-des-milliers-de-mineurs-exposes/,1,2026-10-01T17:58:53.706308+04:00,2026-10-01T17:58:53.706308+04:00
INC-AF6A27F3AB60,2026-10-01,PUBLICATION,AvantagesJeunes,Commerce / Distribution,Phishing / fraude,France métropolitaine,FRENCHBREACHES,https://frenchbreaches.com/alertes/avantagesjeunes-muovatamt78zurmvlo,1,2026-10-01T17:58:53.706308+04:00,2026-10-01T17:58:53.706308+04:00
INC-2ECF4B71AF30,2026-10-01,PUBLICATION,Dr Veto,Commerce / Distribution,Phishing / fraude,France métropolitaine,FRENCHBREACHES,https://frenchbreaches.com/alertes/dr-veto-mupgpk69hg67nnxmf9v,1,2026-10-01T17:58:53.706308+04:00,2026-10-01T17:58:53.706308+04:00
INC-91CF3E89369C,2026-10-01,PUBLICATION,EURODITEL/RESOTELECOM,Numérique / Technologie,Ransomware,France métropolitaine,RANSOMWARE_LIVE,http://krybieodq754vlwufrsuxaswxb5zpxyibaawmed2jaduoz2e5m56hmid.onion/blog/pending-6abed0d0df3cc-1790890192/,1,2026-10-02T17:16:49.718104+04:00,2026-10-02T17:16:49.718104+04:00
INC-45C1E638A824,2026-10-01,PUBLICATION,GPS Santé,Santé,Fuite de données,France métropolitaine,CYBERATTAQUE_ORG | FRENCHBREACHES,https://frenchbreaches.com/alertes/gps-sant-muotbmo1pgbtt3zmbgj | https://www.cyberattaque.org/gps-sante-150-000-patients-cyberattaque/,2,2026-10-01T17:58:53.706308+04:00,2026-10-01T17:58:53.706308+04:00
INC-1D4141D387DB,2026-10-01,PUBLICATION,Orkyn,Santé,Fuite de données,France métropolitaine,BONJOURLAFUITE | CYBERATTAQUE_ORG | FRENCHBREACHES,https://bonjourlafuite.eu.org/img/orkyn.png | https://frenchbreaches.com/alertes/orkyn-mupff8p55spyc9k49rw | https://www.cyberattaque.org/orkyn-les-donnees-de-sante-de-patients-voles-apres-une-cyberattaque/,3,2026-10-01T17:58:53.706308+04:00,2026-10-02T17:16:49.718104+04:00
INC-C1CED4C6534B,2026-10-01,PUBLICATION,Renault,Commerce / Distribution,Fuite de données,France métropolitaine,FRENCHBREACHES,https://frenchbreaches.com/alertes/renault-mupmungs4a3nz30ow1l,1,2026-10-02T17:16:49.718104+04:00,2026-10-02T17:16:49.718104+04:00
INC-1AB8FA0FE5D3,2026-10-01,PUBLICATION,Rofim Doctor,Santé,Fuite de données,France métropolitaine,FRENCHBREACHES,https://frenchbreaches.com/alertes/rofim-doctor-muos8j29zwxrqrh47y,1,2026-10-01T17:58:53.706308+04:00,2026-10-01T17:58:53.706308+04:00
INC-EB398EFD54DA,2026-10-01,PUBLICATION,Transparence Santé,Administration / Collectivité,Fuite de données,France métropolitaine,FRENCHBREACHES,https://frenchbreaches.com/alertes/transparence-sant-muotiueh6mk3xcpj5ah,1,2026-10-01T17:58:53.706308+04:00,2026-10-01T17:58:53.706308+04:00
INC-723CD35E91B1,2026-10-01,PUBLICATION,VosFactures,Numérique / Technologie,Intrusion,France métropolitaine,CYBERATTAQUE_ORG | FRENCHBREACHES,https://frenchbreaches.com/alertes/vosfactures-muoqv8ylnty27ia39xm | https://www.cyberattaque.org/vosfactures-touche-par-une-cyberattaque-les-factures-exposes/,2,2026-10-01T17:58:53.706308+04:00,2026-10-01T17:58:53.706308+04:00
INC-473AA3A9AF12,2026-09-30,PUBLICATION,Adéquat,Inconnu,Fuite de données,Inconnu,CYBERATTAQUE_ORG,https://www.cyberattaque.org/adequat-les-donnees-de-candidats-exposees-pendant-trois-mois/,1,2026-10-01T17:58:53.706308+04:00,2026-10-01T17:58:53.706308+04:00
INC-AA49D64CDD92,2026-09-30,PUBLICATION,ANSSI,Inconnu,Fuite de données,France métropolitaine,BONJOURLAFUITE,https://www.bfmtv.com/tech/cybersecurite/l-anssi-et-la-dinum-victimes-a-leur-tour-d-une-fuite-de-donnees-les-deux-agences-dediees-a-la-cybersecurite-ont-ete-compromises_AV-202609300718.html,1,2026-10-01T17:58:53.706308+04:00,2026-10-01T17:58:53.706308+04:00
INC-D95CB21B4453,2026-09-30,PUBLICATION,Autos,Commerce / Distribution,Fuite de données,France métropolitaine,FRENCHBREACHES,https://frenchbreaches.com/alertes/autos-distinxion-muo73x46b5xto1nd1oq,1,2026-10-01T17:58:53.706308+04:00,2026-10-01T17:58:53.706308+04:00
INC-697D5F99FFA4,2026-09-30,PUBLICATION,Belnet,Éducation / Formation,Intrusion,France métropolitaine,FRENCHBREACHES,https://frenchbreaches.com/alertes/belnet-munsqkj0sc95q8fxu2r,1,2026-09-30T17:06:05.733275+04:00,2026-09-30T17:06:05.733275+04:00
INC-CFA199A7659B,2026-09-30,PUBLICATION,Centre-Val de Loire,Administration / Collectivité,Fuite de données,France métropolitaine,FRENCHBREACHES,https://frenchbreaches.com/alertes/centre-val-de-loire-muo89rks0k0zzitcbl67,1,2026-10-01T17:58:53.706308+04:00,2026-10-01T17:58:53.706308+04:00
INC-905219E08A66,2026-09-30,PUBLICATION,Cookson-CLAL,Commerce / Distribution,Fuite de données,France métropolitaine,BONJOURLAFUITE | FRENCHBREACHES,https://bonjourlafuite.eu.org/img/cookson-clal.webp | https://frenchbreaches.com/alertes/cookson-clal-muomsy4ng1mk25gtxwj,2,2026-10-01T17:58:53.706308+04:00,2026-10-01T17:58:53.706308+04:00
INC-3540E86641E4,2026-09-30,PUBLICATION,DECOClim,Commerce / Distribution,Fuite de données,France métropolitaine,BONJOURLAFUITE | FRENCHBREACHES,https://bonjourlafuite.eu.org/img/decoclim.png | https://frenchbreaches.com/alertes/decoclim-muo93wa9ekpdn1pzq2,2,2026-09-30T17:06:05.733275+04:00,2026-10-01T17:58:53.706308+04:00
INC-6B36814D6E1B,2026-09-30,PUBLICATION,DINUM,Administration / Collectivité,Fuite de données,France métropolitaine,BONJOURLAFUITE,https://www.bfmtv.com/tech/cybersecurite/l-anssi-et-la-dinum-victimes-a-leur-tour-d-une-fuite-de-donnees-les-deux-agences-dediees-a-la-cybersecurite-ont-ete-compromises_AV-202609300718.html,1,2026-10-01T17:58:53.706308+04:00,2026-10-01T17:58:53.706308+04:00
INC-148B4A8FB9BA,2026-09-30,PUBLICATION,Direction interministérielle du numérique,Administration / Collectivité,Fuite de données,France métropolitaine,FRENCHBREACHES,https://frenchbreaches.com/alertes/direction-interminist-rielle-du-num-rique-dinum-muol6l7pjtbxn5jirpc,1,2026-10-01T17:58:53.706308+04:00,2026-10-01T17:58:53.706308+04:00
INC-5176DF5FE5D0,2026-09-30,PUBLICATION,Distinxion,Commerce / Distribution,Intrusion,Inconnu,CYBERATTAQUE_ORG,https://www.cyberattaque.org/distinxion-autos-fr-pres-de-500-000-prospects-exposes-apres-une-cyberattaque/,1,2026-10-01T17:58:53.706308+04:00,2026-10-01T17:58:53.706308+04:00
INC-C76D252079F0,2026-09-30,PUBLICATION,Europrim,Santé,Ransomware,France métropolitaine,RANSOMWARE_LIVE,https://euro-prim.com,1,2026-09-30T17:06:05.733275+04:00,2026-09-30T17:06:05.733275+04:00
INC-514833CDCCB3,2026-09-30,PUBLICATION,FFRandonnée,Sport,Fuite de données,Inconnu,CYBERATTAQUE_ORG,https://www.cyberattaque.org/ffrandonnee-143-million-de-fiches-dadherents-en-fuite-apres-une-cyberattaque/,1,2026-09-30T17:06:05.733275+04:00,2026-09-30T17:06:05.733275+04:00
INC-FAB241BB235B,2026-09-30,PUBLICATION,FIDUCIAL,Finance / Assurance,Ransomware,France métropolitaine,CYBERATTAQUE_ORG | RANSOMWARE_LIVE,http://lamashtux5j74mcm7lwwgn5yrvuwtrpxjoyendif3v3hrztjesfoyayd.onion/post/eb0edc0f82864cce5e7de5ee755f7bee | https://www.cyberattaque.org/fiducial-65-go-de-donnees-judiciaires-et-financieres-revendiques-par-un-ransomware/,2,2026-10-01T17:58:53.706308+04:00,2026-10-01T17:58:53.706308+04:00
INC-AC0AE089503F,2026-09-30,PUBLICATION,Frontières,Commerce / Distribution,Fuite de données,France métropolitaine,CYBERATTAQUE_ORG | FRENCHBREACHES,https://frenchbreaches.com/alertes/fronti-res-muo3jsnd6wflxqyd4w8 | https://www.cyberattaque.org/frontieres-les-donnees-personnelles-de-ses-utilisateurs-se-retrouvent-exposees/,2,2026-09-30T17:06:05.733275+04:00,2026-10-01T17:58:53.706308+04:00
INC-0F486B50ABB2,2026-09-30,PUBLICATION,Groupe Adéquat,Services aux entreprises,Fuite de données,France métropolitaine,FRENCHBREACHES,https://frenchbreaches.com/alertes/groupe-ad-quat-muo97kpzpiathfhwe8l,1,2026-10-01T17:58:53.706308+04:00,2026-10-01T17:58:53.706308+04:00
INC-EE167D8D9DEA,2026-09-30,PUBLICATION,Laboratoire d’innovation de l’ANSSI,Administration / Collectivité,Fuite de données,France métropolitaine,FRENCHBREACHES,https://frenchbreaches.com/alertes/laboratoire-d-innovation-de-l-anssi-muol4p978duakorwom,1,2026-10-01T17:58:53.706308+04:00,2026-10-01T17:58:53.706308+04:00
INC-60BCEF25FA60,2026-09-30,PUBLICATION,Le Centre National de l'Expertise Hospitalière,Santé,Ransomware,France métropolitaine,FRENCHBREACHES | RANSOMWARE_LIVE,https://frenchbreaches.com/alertes/le-centre-national-de-l-expertise-hospitali-re-cneh-muome98fga2iaxy1jk,2,2026-10-01T17:58:53.706308+04:00,2026-10-01T17:58:53.706308+04:00
INC-48E6506D90E3,2026-09-30,PUBLICATION,QualiCharge,Numérique / Technologie,Fuite de données,France métropolitaine,FRENCHBREACHES,https://frenchbreaches.com/alertes/qualicharge-muolobigbcjjcaxs45,1,2026-10-01T17:58:53.706308+04:00,2026-10-01T17:58:53.706308+04:00
INC-E1DAFF22CE19,2026-09-30,PUBLICATION,Région Centre-Val de Loire,Administration / Collectivité,Fuite de données,Inconnu,CYBERATTAQUE_ORG,https://www.cyberattaque.org/region-centre-val-de-loire-des-milliers-de-dossiers-en-fuite-apres-une-cyberattaque/,1,2026-10-01T17:58:53.706308+04:00,2026-10-01T17:58:53.706308+04:00
INC-32DEDB181594,2026-09-30,PUBLICATION,Scribd,Commerce / Distribution,Fuite de données,France métropolitaine,BONJOURLAFUITE | CYBERATTAQUE_ORG | FRENCHBREACHES,https://frenchbreaches.com/alertes/scribd-munsjrub5u8wlyhjfd | https://support.scribd.com/hc/fr/articles/53787421531284-Informations-concernant-l-incident-de-s%C3%A9curit%C3%A9-r%C3%A9cent | https://www.cyberattaque.org/scribd-confirme-une-cyberattaque-ayant-expose-les-donnees-de-certains-utilisateurs/,3,2026-09-30T17:06:05.733275+04:00,2026-10-01T17:58:53.706308+04:00
INC-938BAAE8F945,2026-09-30,PUBLICATION,SDIS 66,Administration / Collectivité,Fuite de données,Inconnu,CYBERATTAQUE_ORG,https://www.cyberattaque.org/sdis-66-118-892-interventions-et-pres-de-100-000-documents-medicaux-revendiques-par-un-hacker/,1,2026-10-01T17:58:53.706308+04:00,2026-10-01T17:58:53.706308+04:00
INC-8D3392DD5A1A,2026-09-30,PUBLICATION,SDIS des Pyrénées-Orientales,Administration / Collectivité,Fuite de données,France métropolitaine,FRENCHBREACHES,https://frenchbreaches.com/alertes/sdis-des-pyr-n-es-orientales-muofwgorb7tkmw3yu9a,1,2026-10-01T17:58:53.706308+04:00,2026-10-01T17:58:53.706308+04:00
INC-10CAECE09DE1,2026-09-30,PUBLICATION,TRACFIN,Administration / Collectivité,Fuite de données,France métropolitaine,FRENCHBREACHES,https://frenchbreaches.com/alertes/tracfin-muohckeoxgv08biqk4c,1,2026-10-01T17:58:53.706308+04:00,2026-10-01T17:58:53.706308+04:00
INC-F38A1241BA3D,2026-09-30,PUBLICATION,École vétérinaire d’Alfort,Éducation / Formation,Inconnu,France métropolitaine,CYBERATTAQUE_ORG | FRENCHBREACHES,https://frenchbreaches.com/alertes/cole-v-t-rinaire-d-alfort-muoleigqmwt70lr0rg | https://www.cyberattaque.org/ecole-veterinaire-dalfort-des-acces-administrateurs-et-cookies-de-session-revendiques-par-un-hacker/,2,2026-10-01T17:58:53.706308+04:00,2026-10-01T17:58:53.706308+04:00
INC-36BF040BEA60,2026-09-29,PUBLICATION,Alaxione,Santé,Fuite de données,France métropolitaine,CYBERATTAQUE_ORG | FRENCHBREACHES,https://frenchbreaches.com/alertes/alaxione-mukgc44jlfsfro727v | https://www.cyberattaque.org/alaxione-les-donnees-de-sante-de-162-millions-de-personnes-en-fuite-67-centres-point-vision-concernes/,2,2026-09-28T18:37:25.370361+04:00,2026-09-29T17:28:34.764918+04:00
INC-FB1EC7E5A99A,2026-09-29,PUBLICATION,Fédération Française de la randonnée,Sport,Fuite de données,France métropolitaine,FRENCHBREACHES,https://frenchbreaches.com/alertes/f-d-ration-fran-aise-de-la-randonn-e-ffr-mun6o16r4h0ud0vz18i,1,2026-09-30T17:06:05.733275+04:00,2026-09-30T17:06:05.733275+04:00
INC-20CE598D53A6,2026-09-29,PUBLICATION,Groupe KEL,Commerce / Distribution,Fuite de données,France métropolitaine,FRENCHBREACHES,https://frenchbreaches.com/alertes/groupe-kel-orisha-mukzqxqoj9x80n11kl,1,2026-09-29T17:28:34.764918+04:00,2026-09-29T17:28:34.764918+04:00
INC-8977F4E00B2B,2026-09-29,PUBLICATION,Groupe KRYS,Commerce / Distribution,Fuite de données,France métropolitaine,FRENCHBREACHES,https://frenchbreaches.com/alertes/groupe-krys-mumwngoynr60917ydof,1,2026-09-30T17:06:05.733275+04:00,2026-09-30T17:06:05.733275+04:00
INC-C4A651F59644,2026-09-29,PUBLICATION,Groupe Proxitel,Inconnu,Ransomware,France métropolitaine,FRENCHBREACHES,https://frenchbreaches.com/alertes/groupe-proxitel-mumql7oahuw19uxxrcs,1,2026-09-30T17:06:05.733275+04:00,2026-09-30T17:06:05.733275+04:00
INC-2906CE42B265,2026-09-29,PUBLICATION,Krys Group,Inconnu,Fuite de données,Inconnu,CYBERATTAQUE_ORG,https://www.cyberattaque.org/krys-group-les-donnees-de-plus-de-8-000-personnes-diffusees-apres-une-cyberattaque/,1,2026-09-30T17:06:05.733275+04:00,2026-09-30T17:06:05.733275+04:00
INC-8DD0D487E22E,2026-09-29,PUBLICATION,Laboratoire LCS,Santé,Fuite de données,France métropolitaine,CYBERATTAQUE_ORG | FRENCHBREACHES,https://frenchbreaches.com/alertes/laboratoire-lcs-mumvnwq04l1mbwn1j5 | https://www.cyberattaque.org/cyberattaque-laboratoire-lcs-les-donnees-de-30-000-porteurs-de-lentilles-en-fuite/,2,2026-09-30T17:06:05.733275+04:00,2026-09-30T17:06:05.733275+04:00
INC-87031C7549CF,2026-09-29,PUBLICATION,Orisha,Inconnu,Fuite de données,Inconnu,CYBERATTAQUE_ORG,https://www.cyberattaque.org/orisha-groupe-kel-13-million-de-personnes-et-143-000-iban-revendiques-apres-une-cyberattaque/,1,2026-09-29T17:28:34.764918+04:00,2026-09-29T17:28:34.764918+04:00
INC-5D9E8757B8BE,2026-09-29,PUBLICATION,SFR,Inconnu,Fuite de données,France métropolitaine,CYBERATTAQUE_ORG | FRENCHBREACHES,https://frenchbreaches.com/alertes/sfr-mumwwgpf6irybx9jcw7 | https://www.cyberattaque.org/sfr-pres-de-16-000-dossiers-de-rendez-vous-de-raccordement-diffuses-sur-le-darknet/,2,2026-09-30T17:06:05.733275+04:00,2026-09-30T17:06:05.733275+04:00
INC-B2323F1F0DB2,2026-09-28,PUBLICATION,Alaxione,Santé,Fuite de données,Inconnu,CYBERATTAQUE_ORG,https://www.cyberattaque.org/alaxione-86-millions-de-patients-revendiques-dans-une-nouvelle-fuite/,1,2026-09-28T18:37:25.370361+04:00,2026-09-28T18:37:25.370361+04:00
INC-49CFE67751C8,2026-09-28,PUBLICATION,Azaé,Inconnu,Fuite de données,France métropolitaine,CYBERATTAQUE_ORG | FRENCHBREACHES,https://frenchbreaches.com/alertes/aza-mukkqhuagxmqmicsl9j | https://www.cyberattaque.org/azae-cyberattaque-fichiers-revelent-des-informations-medicales-sur-des-beneficiaires/,2,2026-09-28T18:37:25.370361+04:00,2026-09-28T18:37:25.370361+04:00
INC-5EDD2772312B,2026-09-28,PUBLICATION,Colec,Numérique / Technologie,Fuite de données,France métropolitaine,CYBERATTAQUE_ORG | FRENCHBREACHES,https://frenchbreaches.com/alertes/colec-mulppzyrqa4qwnvus7c | https://www.cyberattaque.org/colec-victime-dune-cyberattaque-336-go-de-donnees-en-fuite/,2,2026-09-29T17:28:34.764918+04:00,2026-09-29T17:28:34.764918+04:00
INC-0DACE151ECA1,2026-09-28,PUBLICATION,Fédération flamande de judo,Sport,Fuite de données,Inconnu,FRENCHBREACHES,https://frenchbreaches.com/alertes/f-d-ration-flamande-de-judo-mulg7iicslkivaezmf9,1,2026-09-29T17:28:34.764918+04:00,2026-09-29T17:28:34.764918+04:00
INC-947343AC5270,2026-09-28,PUBLICATION,Les Clés de l’Atelier,Éducation / Formation,Fuite de données,France métropolitaine,CYBERATTAQUE_ORG | FRENCHBREACHES,https://frenchbreaches.com/alertes/les-cl-s-de-l-atelier-mulcuy15p8t3i1p5war | https://www.cyberattaque.org/les-cles-de-latelier-une-fuite-expose-des-donnees-de-stagiaires/,2,2026-09-29T17:28:34.764918+04:00,2026-09-29T17:28:34.764918+04:00
INC-0C6419E48F71,2026-09-28,PUBLICATION,Planity,Numérique / Technologie,Fuite de données,Inconnu,CYBERATTAQUE_ORG,https://www.cyberattaque.org/planity-17-244-fiches-clients-diffusees-apres-une-nouvelle-cyberattaque/,1,2026-09-28T18:37:25.370361+04:00,2026-09-28T18:37:25.370361+04:00
INC-63A143370102,2026-09-28,PUBLICATION,Portalia,Services aux entreprises,Fuite de données,France métropolitaine,CYBERATTAQUE_ORG | FRENCHBREACHES,https://frenchbreaches.com/alertes/portalia-mukjf8v1pk2fw5xkrf | https://www.cyberattaque.org/cyberattaque-chez-portalia-22-000-documents-en-fuite/,2,2026-09-28T18:37:25.370361+04:00,2026-09-28T18:37:25.370361+04:00
INC-8568A4E43460,2026-09-28,PUBLICATION,Spareka,Commerce / Distribution,Fuite de données,France métropolitaine,CYBERATTAQUE_ORG | FRENCHBREACHES,https://frenchbreaches.com/alertes/spareka-mulcy9rimwnqor7klib | https://www.cyberattaque.org/spareka-cyberattaque-pres-de-8-000-demandes-de-reparation-avec-les-coordonnees-des-clients-en-fuite/,2,2026-09-28T18:37:25.370361+04:00,2026-09-29T17:28:34.764918+04:00
INC-A84ABFF6796F,2026-09-28,PUBLICATION,Talentplug,Inconnu,Fuite de données,France métropolitaine,CYBERATTAQUE_ORG | FRENCHBREACHES,https://frenchbreaches.com/alertes/talentplug-mulp4xdy2f3iyz3qle5 | https://www.cyberattaque.org/talentplug-cyberattaque-pres-de-119-000-candidatures-diffusees-sur-le-dark-web/,2,2026-09-29T17:28:34.764918+04:00,2026-09-29T17:28:34.764918+04:00
INC-39AC99DC698D,2026-09-27,PUBLICATION,Agefiph,Association / Syndicat,Fuite de données,France métropolitaine,CYBERATTAQUE_ORG | FRENCHBREACHES,https://frenchbreaches.com/alertes/agefiph-mujvbup2qid66k3d18c | https://www.cyberattaque.org/agefiph-les-donnees-de-3-700-personnes-en-situation-de-handicap-diffusees/,2,2026-09-28T18:37:25.370361+04:00,2026-09-28T18:37:25.370361+04:00
INC-BCB0E97E5B45,2026-09-27,PUBLICATION,Fédération française de basketball,Sport,Fuite de données,France métropolitaine,FRENCHBREACHES,https://frenchbreaches.com/alertes/f-d-ration-fran-aise-de-basketball-mujll4cjhxoskk8ka8,1,2026-09-27T16:32:51.615748+04:00,2026-09-27T16:32:51.615748+04:00
INC-4CA0BE29DA39,2026-09-27,PUBLICATION,Fédération Royale Belge des Échecs,Sport,Fuite de données,Inconnu,FRENCHBREACHES,https://frenchbreaches.com/alertes/f-d-ration-royale-belge-des-checs-mujyxodizhqrcrsf8b,1,2026-09-28T18:37:25.370361+04:00,2026-09-28T18:37:25.370361+04:00
INC-EB38E1F1F3E0,2026-09-27,PUBLICATION,Kiassure,Finance / Assurance,Fuite de données,France métropolitaine,CYBERATTAQUE_ORG | FRENCHBREACHES,https://frenchbreaches.com/alertes/kiassure-mukbnw9ya3i9enxgs1l | https://www.cyberattaque.org/kiassure-42-000-dossiers-clients-dans-une-fuite-de-donnees/,2,2026-09-28T18:37:25.370361+04:00,2026-09-28T18:37:25.370361+04:00
INC-06ECF42EF0B5,2026-09-27,PUBLICATION,Oracio,Construction / BTP,Fuite de données,France métropolitaine,CYBERATTAQUE_ORG | FRENCHBREACHES,https://frenchbreaches.com/alertes/oracio-snexi-muk9vavg2razv5dv9de | https://www.cyberattaque.org/oracio-les-adresses-de-96-000-personnes-exposees-avec-1-856-digicodes-apres-une-cyberattaque/,2,2026-09-28T18:37:25.370361+04:00,2026-09-28T18:37:25.370361+04:00
INC-676716BCCE94,2026-09-27,PUBLICATION,Planity,Numérique / Technologie,Phishing / fraude,France métropolitaine,FRENCHBREACHES,https://frenchbreaches.com/alertes/planity-muk9e2w3bmx7yd3yyfe,1,2026-09-28T18:37:25.370361+04:00,2026-09-28T18:37:25.370361+04:00
INC-56866F7B17D0,2026-09-27,PUBLICATION,Ressources Si,Services aux entreprises,Ransomware,France métropolitaine,RANSOMWARE_LIVE,http://pnzruro7syvwvefx5mpo2fhzi4jftgquynsqf3vy5x3no57yp2iz4nyd.onion/company/ressources-si,1,2026-09-28T18:37:25.370361+04:00,2026-09-28T18:37:25.370361+04:00
INC-3139AFB2614E,2026-09-27,PUBLICATION,Scorenco,Sport,Fuite de données,France métropolitaine,CYBERATTAQUE_ORG | FRENCHBREACHES,https://frenchbreaches.com/alertes/scorenco-muk3vycif9p7gzzgupl | https://www.cyberattaque.org/scorenco-pres-de-23-000-fiches-de-membres-de-clubs-sportifs-en-fuite/,2,2026-09-28T18:37:25.370361+04:00,2026-09-28T18:37:25.370361+04:00
INC-88E7A1ED85A0,2026-09-27,PUBLICATION,SDIS 80,Inconnu,Fuite de données,Inconnu,CYBERATTAQUE_ORG,https://www.cyberattaque.org/sdis-80-pres-de-2-500-sapeurs-pompiers-et-agents-de-la-somme-dans-une-fuite-de-donnees/,1,2026-09-27T16:32:51.615748+04:00,2026-09-27T16:32:51.615748+04:00
INC-78419FB9DA1C,2026-09-26,PUBLICATION,Aestria,Numérique / Technologie,Fuite de données,France métropolitaine,CYBERATTAQUE_ORG | FRENCHBREACHES,https://frenchbreaches.com/alertes/aestria-mui0okz5kx91njjeuw | https://www.cyberattaque.org/aestria-les-donnees-clients-et-outils-internes-dun-prestataire-cyber-en-fuite/,2,2026-09-26T15:53:09.706936+04:00,2026-09-26T15:53:09.706936+04:00
INC-DB70F62CAABE,2026-09-26,PUBLICATION,CAPM Europe,Inconnu,Fuite de données,France métropolitaine,CYBERATTAQUE_ORG | FRENCHBREACHES,https://frenchbreaches.com/alertes/capm-europe-blgcloud-muiqoe2111aliz5rbfbn | https://www.cyberattaque.org/capm-europe-cyberattaque-200-go-de-mails-documents-et-donnees-crm-diffuses/,2,2026-09-27T16:32:51.615748+04:00,2026-09-27T16:32:51.615748+04:00
INC-7AAA2E982784,2026-09-26,PUBLICATION,Carrefour,Commerce / Distribution,Fuite de données,France métropolitaine,CYBERATTAQUE_ORG | FRENCHBREACHES,https://frenchbreaches.com/alertes/carrefour-shipup-muixw7rd535cstgrh65 | https://www.cyberattaque.org/carrefour-des-donnees-clients-exposees-apres-la-cyberattaque-de-son-prestataire/,2,2026-09-27T16:32:51.615748+04:00,2026-09-27T16:32:51.615748+04:00
INC-DEDD0ED9EB9A,2026-09-26,PUBLICATION,Cigusto,Commerce / Distribution,Fuite de données,France métropolitaine,CYBERATTAQUE_ORG | FRENCHBREACHES,https://frenchbreaches.com/alertes/cigusto-muiqgjuvvmozfkjzrdp | https://www.cyberattaque.org/cigusto-les-donnees-de-150-000-clients-de-lenseigne-de-vape-revendiquees/,2,2026-09-27T16:32:51.615748+04:00,2026-09-27T16:32:51.615748+04:00
INC-FABD16004BFF,2026-09-26,PUBLICATION,Communauto,Commerce / Distribution,Fuite de données,France métropolitaine,CYBERATTAQUE_ORG | FRENCHBREACHES,https://frenchbreaches.com/alertes/communauto-mui6jwgstgrtgydw18 | https://www.cyberattaque.org/communauto-permis-cyberattaque-voles/,2,2026-09-26T15:53:09.706936+04:00,2026-09-26T15:53:09.706936+04:00
INC-8FE3D1894F9C,2026-09-26,PUBLICATION,Ecofone,Commerce / Distribution,Intrusion,France métropolitaine,CYBERATTAQUE_ORG | FRENCHBREACHES,https://frenchbreaches.com/alertes/ecofone-muimai8f33qqkk1kskt | https://www.cyberattaque.org/ecofone-une-faille-zero-day-de-magento-ouvre-lacces-aux-donnees-de-ses-clients/,2,2026-09-27T16:32:51.615748+04:00,2026-09-27T16:32:51.615748+04:00
INC-1609FD7212B6,2026-09-25,PUBLICATION,Century 21,Construction / BTP,Fuite de données,France métropolitaine,CYBERATTAQUE_ORG | FRENCHBREACHES,https://frenchbreaches.com/alertes/century-21-mugqgu352cjof5r1vro | https://www.cyberattaque.org/century-21-les-donnees-de-pres-de-131-000-personnes-mises-en-vente-apres-une-cyberattaque/,2,2026-09-25T16:22:16.069864+04:00,2026-09-25T16:22:16.069864+04:00
INC-523457E7106A,2026-09-25,PUBLICATION,GeoNat’ÎdF,Inconnu,Fuite de données,France métropolitaine,CYBERATTAQUE_ORG | FRENCHBREACHES,https://frenchbreaches.com/alertes/geonat-df-muh0ong95l9qveyqzp4 | https://www.cyberattaque.org/geonatidf-les-donnees-de-3-400-utilisateurs-de-la-plateforme-biodiversite-francilienne-pirate/,2,2026-09-26T15:53:09.706936+04:00,2026-09-26T15:53:09.706936+04:00
INC-87D2AA2BDA02,2026-09-25,PUBLICATION,Pharmaland,Numérique / Technologie,Fuite de données,France métropolitaine,CYBERATTAQUE_ORG | FRENCHBREACHES,https://frenchbreaches.com/alertes/pharmaland-muh0qob0a3hg4o62f7w | https://www.cyberattaque.org/pharmaland-cyberattaque-pres-de-6-800-fiches-liees-aux-pharmacies-en-fuite/,2,2026-09-26T15:53:09.706936+04:00,2026-09-26T15:53:09.706936+04:00
INC-AE83733D5446,2026-09-25,PUBLICATION,Plurélya,Association / Syndicat,Fuite de données,France métropolitaine,BONJOURLAFUITE | CYBERATTAQUE_ORG | FRENCHBREACHES,https://bonjourlafuite.eu.org/img/plurelya.png | https://frenchbreaches.com/alertes/plur-lya-mueuh3xn6xyhrqeahlh | https://www.cyberattaque.org/cyberattaque-plurelya-les-donnees-de-150-114-agents-publics-et-enfants-mises-en-vente-sur-le-dark-web/,3,2026-09-25T16:22:16.069864+04:00,2026-09-28T18:37:25.370361+04:00
INC-CCB9516D9CFF,2026-09-25,PUBLICATION,Réassurez-moi,Finance / Assurance,Fuite de données,France métropolitaine,CYBERATTAQUE_ORG | FRENCHBREACHES,https://frenchbreaches.com/alertes/r-assurez-moi-muh4vu8j4ovtx022ru | https://www.cyberattaque.org/reassurez-moi-cyberattaque/,2,2026-09-26T15:53:09.706936+04:00,2026-09-26T15:53:09.706936+04:00
INC-0B0B8C7EB128,2026-09-25,PUBLICATION,Réserver.fr,Commerce / Distribution,Fuite de données,France métropolitaine,FRENCHBREACHES,https://frenchbreaches.com/alertes/r-server-fr-muh0tz8riz7fzvv5x2,1,2026-09-26T15:53:09.706936+04:00,2026-09-26T15:53:09.706936+04:00
INC-FFCBE53FECAC,2026-09-24,PUBLICATION,agiliance,Services aux entreprises,Ransomware,France métropolitaine,RANSOMWARE_LIVE,https://fyenuhkq3pfhnbpidj5jm2fl2lryxip4byhg6eozynrnlomu4szf2nyd.onion/index.html?indexId=cdbgfyjtgfdsf,1,2026-09-25T16:22:16.069864+04:00,2026-09-25T16:22:16.069864+04:00
INC-AEF41727FCA2,2026-09-24,PUBLICATION,Agora coopérative agricole,Agriculture / Agroalimentaire,Ransomware,France métropolitaine,RANSOMWARE_LIVE,http://ijzn3sicrcy7guixkzjkib4ukbiilwc3xhnmby4mcbccnsd7j2rekvqd.onion/site/blog?uuid=02785247-5bb1-42b8-aa7f-3dd0d96e2dc3,1,2026-09-25T16:22:16.069864+04:00,2026-09-25T16:22:16.069864+04:00
INC-42EC20D224C2,2026-09-24,PUBLICATION,ARNtreal,Commerce / Distribution,Fuite de données,France métropolitaine,BONJOURLAFUITE | CYBERATTAQUE_ORG | FRENCHBREACHES,https://bonjourlafuite.eu.org/img/arntreal.png | https://frenchbreaches.com/alertes/arntreal-muff0l3o37eafdqvz6z | https://www.cyberattaque.org/cyberattaque-arntreal-101-000-utilisateurs-et-leurs-reseaux-sociaux-revendiques-dans-une-fuite-massive/,3,2026-09-24T16:21:53.228344+04:00,2026-09-26T15:53:09.706936+04:00
INC-D9091A0211B6,2026-09-24,PUBLICATION,ASP,Administration / Collectivité,Fuite de données,France métropolitaine,BONJOURLAFUITE | CYBERATTAQUE_ORG | FRENCHBREACHES,https://bonjourlafuite.eu.org/img/asp.png | https://frenchbreaches.com/alertes/agence-de-services-et-de-paiement-asp-mufhbfg6dferxvrn99 | https://www.cyberattaque.org/asp-une-cyberattaque-expose-143-000-lignes-de-beneficiaires-daides-publiques/,3,2026-09-24T16:21:53.228344+04:00,2026-09-25T16:22:16.069864+04:00
INC-EA45CB7EDDDE,2026-09-24,PUBLICATION,Aéroclub de l’AIA,Transport / Logistique,Fuite de données,France métropolitaine,CYBERATTAQUE_ORG | FRENCHBREACHES,https://frenchbreaches.com/alertes/a-roclub-de-l-aia-mufen4abudexvcjiwgs | https://www.cyberattaque.org/acaia-fr-pirate-les-licences-des-pilotes-et-personnels-lies-a-la-defense-expose/,2,2026-09-24T16:21:53.228344+04:00,2026-09-24T16:21:53.228344+04:00
INC-3E7D77B3D0DC,2026-09-24,PUBLICATION,BMGP Groupe,Inconnu,Ransomware,France métropolitaine,RANSOMWARE_LIVE,http://xjhmtitnrdrgzw4vmsghirdoo2fk35a3tzj4enlmah4pvehdspydsiyd.onion/blog/?post_uuid=539a46d4-2e59-4ef7-aabf-5cddda6a7606,1,2026-09-25T16:22:16.069864+04:00,2026-09-25T16:22:16.069864+04:00
INC-D8AF87664D6E,2026-09-24,PUBLICATION,Celinni,Commerce / Distribution,Fuite de données,France métropolitaine,BONJOURLAFUITE | CYBERATTAQUE_ORG | FRENCHBREACHES,https://bonjourlafuite.eu.org/img/celinni.jpg | https://frenchbreaches.com/alertes/celinni-muim3c0lnes4szg970p | https://www.cyberattaque.org/celinni-les-proprietaires-de-bijoux-exposes-apres-une-cyberattaque/,3,2026-09-24T16:21:53.228344+04:00,2026-09-27T16:32:51.615748+04:00
INC-6A6C77858168,2026-09-24,PUBLICATION,Digit RE Group,Construction / BTP,Fuite de données,France métropolitaine,BONJOURLAFUITE | FRENCHBREACHES,https://bonjourlafuite.eu.org/img/digitregroup.png | https://frenchbreaches.com/alertes/digit-re-group-mufsoxj6psj83lnr4wt,2,2026-09-25T16:22:16.069864+04:00,2026-10-04T16:54:04.184048+04:00
INC-0D46C7B8737B,2026-09-24,PUBLICATION,Doinsport,Inconnu,Fuite de données,France métropolitaine,CYBERATTAQUE_ORG | FRENCHBREACHES,https://frenchbreaches.com/alertes/doinsport-muffxg0l7wvtj6cqckl | https://www.cyberattaque.org/cyberattaque-doinsport-175-million-de-reservations-de-la-plateforme-sportive-revendiquees/,2,2026-09-24T16:21:53.228344+04:00,2026-09-25T16:22:16.069864+04:00
INC-9607A0C6CE0E,2026-09-24,PUBLICATION,Horizane Santé,Santé,Fuite de données,France métropolitaine,CYBERATTAQUE_ORG | FRENCHBREACHES,https://frenchbreaches.com/alertes/horizane-sant-muewzi6yot5enput9xc | https://www.cyberattaque.org/horizane-sante-pres-de-9-000-comptes-clients-et-un-acces-administrateur-en-fuite/,2,2026-09-24T16:21:53.228344+04:00,2026-09-24T16:21:53.228344+04:00
INC-447AE4B3A871,2026-09-24,PUBLICATION,Maileva,Administration / Collectivité,Intrusion,France métropolitaine,CYBERATTAQUE_ORG | FRENCHBREACHES,https://frenchbreaches.com/alertes/maileva-mufora09gh9so92vdk | https://www.cyberattaque.org/maileva-filiale-de-la-poste-victime-dune-cyberattaque/,2,2026-09-25T16:22:16.069864+04:00,2026-09-25T16:22:16.069864+04:00
INC-C51E0C2AE395,2026-09-24,PUBLICATION,Uptoo,Services aux entreprises,Fuite de données,France métropolitaine,CYBERATTAQUE_ORG | FRENCHBREACHES,https://frenchbreaches.com/alertes/uptoo-mufge8zlw34qomqu3h | https://www.cyberattaque.org/uptoo-740-000-cv-revendiques-apres-une-cyberattaque/,2,2026-09-24T16:21:53.228344+04:00,2026-09-24T16:21:53.228344+04:00
INC-BB2E3878A0EC,2026-09-23,PUBLICATION,Activa Assurances,Finance / Assurance,Fuite de données,France métropolitaine,FRENCHBREACHES,https://frenchbreaches.com/alertes/activa-assurances-mue1g3lzqpswxa7ldb8,1,2026-09-23T16:22:10.938160+04:00,2026-09-23T16:22:10.938160+04:00
INC-0E75E6FDF77D,2026-09-23,PUBLICATION,Aokkef,Inconnu,Ransomware,France métropolitaine,RANSOMWARE_LIVE,http://t33zoj4qwv455fog7qnb2azi5xcdxkixughmmduzbw2rtdgryqfbh6id.onion/company/bayalah/,1,2026-09-23T16:22:10.938160+04:00,2026-09-23T16:22:10.938160+04:00
INC-1994FB59EEA0,2026-09-23,PUBLICATION,Autobacs,Commerce / Distribution,Fuite de données,France métropolitaine,CYBERATTAQUE_ORG | FRENCHBREACHES,https://frenchbreaches.com/alertes/autobacs-muda8o22m5n90gsgobl | https://www.cyberattaque.org/autobacs-34-000-rendez-vous-atelier-exposes-apres-une-cyberattaque/,2,2026-09-23T16:22:10.938160+04:00,2026-09-23T16:22:10.938160+04:00
INC-DFE22B730AB6,2026-09-23,PUBLICATION,BackPower,Industrie / Manufacture,Fuite de données,France métropolitaine,CYBERATTAQUE_ORG | FRENCHBREACHES,https://frenchbreaches.com/alertes/backpower-mudibqhhe5pk8lk0ylr | https://www.cyberattaque.org/cyberatatque-backpower-47-millions-de-lignes-revendiquees-dans-une-fuite-massive/,2,2026-09-23T16:22:10.938160+04:00,2026-09-23T16:22:10.938160+04:00
INC-C3E56A9BD7F1,2026-09-23,PUBLICATION,MesMarches,Commerce / Distribution,Fuite de données,France métropolitaine,CYBERATTAQUE_ORG | FRENCHBREACHES,https://frenchbreaches.com/alertes/mesmarches-mud8tygyg3fsz8lhaa | https://www.cyberattaque.org/mesmarches-2-535-profils-dexposants-en-fuite-fuite/,2,2026-09-23T16:22:10.938160+04:00,2026-09-23T16:22:10.938160+04:00
INC-C63850DBEE3B,2026-09-23,PUBLICATION,Place des Salariés,Commerce / Distribution,Intrusion,France métropolitaine,CYBERATTAQUE_ORG | FRENCHBREACHES,https://frenchbreaches.com/alertes/place-des-salari-s-haxoneo-mudy0b27eljs842gfja | https://www.cyberattaque.org/cyberattaque-chez-place-des-salaries-des-donnees-familiales-et-administratives-compromises/,2,2026-09-23T16:22:10.938160+04:00,2026-09-23T16:22:10.938160+04:00
INC-83DD9A00472C,2026-09-23,PUBLICATION,Twizzit,Inconnu,Fuite de données,France métropolitaine,CYBERATTAQUE_ORG | FRENCHBREACHES,https://frenchbreaches.com/alertes/twizzit-mud9l0fmn55odchtxul | https://www.cyberattaque.org/cyberattaque-twizzit-1-53-million-de-membres-de-clubs-et-associations-en-fuite/,2,2026-09-23T16:22:10.938160+04:00,2026-09-23T16:22:10.938160+04:00
INC-182F9EE2F8D0,2026-09-22,PUBLICATION,JIMS,Sport,Fuite de données,France métropolitaine,FRENCHBREACHES,https://frenchbreaches.com/alertes/jims-mucy4j69k4im0qnlul,1,2026-09-23T16:22:10.938160+04:00,2026-09-23T16:22:10.938160+04:00
INC-CCB0A791DF2D,2026-09-22,PUBLICATION,Legalstart,Numérique / Technologie,Fuite de données,France métropolitaine,BONJOURLAFUITE | CYBERATTAQUE_ORG | FRENCHBREACHES,https://bonjourlafuite.eu.org/img/legalstart.jpg | https://frenchbreaches.com/alertes/legalstart-muctklh6rpolz3fsiu | https://www.cyberattaque.org/legalstart-une-cyberattaque-expose-les-donnees-personnelles-de-ses-clients/,3,2026-09-23T16:22:10.938160+04:00,2026-09-25T16:22:16.069864+04:00
INC-0E4631F3A262,2026-09-22,PUBLICATION,Paymium,Numérique / Technologie,Fuite de données,France métropolitaine,BONJOURLAFUITE | CYBERATTAQUE_ORG | FRENCHBREACHES,https://bonjourlafuite.eu.org/img/paymium.png | https://frenchbreaches.com/alertes/paymium-mud5fwguie84679mrab | https://www.cyberattaque.org/paymium-des-donnees-personnelles-de-clients-exposees-apres-une-cyberattaque/,3,2026-09-23T16:22:10.938160+04:00,2026-09-23T16:22:10.938160+04:00
INC-8D7AC4DCF1CA,2026-09-22,PUBLICATION,UniFormation,Éducation / Formation,Fuite de données,France métropolitaine,CYBERATTAQUE_ORG | FRENCHBREACHES,https://frenchbreaches.com/alertes/uniformation-mud6nma32hq847xdxml | https://www.cyberattaque.org/uniformation-1-200-stagiaires-en-fuite-avec-leurs-numeros-de-securite-sociale/,2,2026-09-23T16:22:10.938160+04:00,2026-09-23T16:22:10.938160+04:00
INC-6A804DBD820F,2026-09-21,PUBLICATION,Académie de Créteil,Éducation / Formation,Fuite de données,France métropolitaine,BONJOURLAFUITE,https://bonjourlafuite.eu.org/img/creteil.png,1,2026-09-22T16:10:07.104972+04:00,2026-09-22T16:10:07.104972+04:00
INC-E005064D73B2,2026-09-21,PUBLICATION,Altagem,Numérique / Technologie,Fuite de données,France métropolitaine,CYBERATTAQUE_ORG | FRENCHBREACHES,https://frenchbreaches.com/alertes/altagem-mubgua4y1pn9jonb1uu | https://www.cyberattaque.org/altagem-clients-equipes-et-donnees-operationnelles-exposes-apres-une-cyberattaque/,2,2026-09-22T16:10:07.104972+04:00,2026-09-22T16:10:07.104972+04:00
INC-5E8059ABAC74,2026-09-21,PUBLICATION,Amadeus iHotelier,Inconnu,Intrusion,Inconnu,CYBERATTAQUE_ORG,https://www.cyberattaque.org/amadeus-ihotelier-une-cyberattaque-expose-les-reservations-de-plusieurs-hotels-en-france/,1,2026-09-22T16:10:07.104972+04:00,2026-09-22T16:10:07.104972+04:00
INC-DFEB66426AD8,2026-09-21,PUBLICATION,ColiSport,Transport / Logistique,Fuite de données,France métropolitaine,CYBERATTAQUE_ORG | FRENCHBREACHES,https://frenchbreaches.com/alertes/colisport-mubqtrrp16gjlm6g0pn | https://www.cyberattaque.org/colisport-pres-de-20-000-expeditions-en-fuite-apres-une-cyberattaque/,2,2026-09-22T16:10:07.104972+04:00,2026-09-22T16:10:07.104972+04:00
INC-A88202D7AFA6,2026-09-21,PUBLICATION,Fédération Française de Spéléologie,Sport,Intrusion,France métropolitaine,CYBERATTAQUE_ORG | FRENCHBREACHES,https://frenchbreaches.com/alertes/f-d-ration-fran-aise-de-sp-l-ologie-ffs-muac5a8sxy44x4kows | https://www.cyberattaque.org/federation-francaise-de-speleologie-93-000-membres-et-des-donnees-bancaires-revendiques-apres-une-cyberattaque/,2,2026-09-21T17:25:40.803837+04:00,2026-09-21T17:25:40.803837+04:00
INC-F2C5F9D520CA,2026-09-21,PUBLICATION,Répar'Store,Commerce / Distribution,Fuite de données,France métropolitaine,FRENCHBREACHES,https://frenchbreaches.com/alertes/r-par-store-mubj46abrs6i9ywytt7,1,2026-09-22T16:10:07.104972+04:00,2026-09-22T16:10:07.104972+04:00
INC-745CC3BD768D,2026-09-21,PUBLICATION,WayToMe,Transport / Logistique,Fuite de données,France métropolitaine,CYBERATTAQUE_ORG | FRENCHBREACHES,https://frenchbreaches.com/alertes/waytome-muaf8bf677nfxz6peuh | https://www.cyberattaque.org/waytome-147-000-utilisateurs-et-des-milliers-de-trajets-exposes-apres-une-cyberattaque/,2,2026-09-21T17:25:40.803837+04:00,2026-09-21T17:25:40.803837+04:00
INC-BD9850BF3E4B,2026-09-20,PUBLICATION,Biocoop,Commerce / Distribution,Fuite de données,France métropolitaine,CYBERATTAQUE_ORG | FRENCHBREACHES,https://frenchbreaches.com/alertes/biocoop-mua6zxxgg1gjqmuiut | https://www.cyberattaque.org/biocoop-28-go-de-donnees-internes-exposes-apres-une-cyberattaque/,2,2026-09-21T17:25:40.803837+04:00,2026-09-21T17:25:40.803837+04:00
INC-F3FE3B65CD68,2026-09-20,PUBLICATION,Hôpital Paris Saint-Joseph,Santé,Fuite de données,France métropolitaine,CYBERATTAQUE_ORG | FRENCHBREACHES,https://frenchbreaches.com/alertes/h-pital-paris-saint-joseph-mu93cn8lvv9l381ye9f | https://www.cyberattaque.org/hopital-paris-saint-joseph-cyberattaque/,2,2026-09-20T15:53:25.890309+04:00,2026-09-20T15:53:25.890309+04:00
INC-195E6B7F17E8,2026-09-20,PUBLICATION,Oceania Hotels,Commerce / Distribution,Fuite de données,France métropolitaine,CYBERATTAQUE_ORG | FRENCHBREACHES,https://frenchbreaches.com/alertes/oceania-hotels-muafduvclbs1sm0cei8 | https://www.cyberattaque.org/oceania-hotels-les-reservations-clients-exposees-apres-une-cyberattaque/,2,2026-09-21T17:25:40.803837+04:00,2026-09-21T17:25:40.803837+04:00
INC-02BB571E8CCD,2026-09-19,PUBLICATION,amb-pvc,Industrie / Manufacture,Ransomware,France métropolitaine,RANSOMWARE_LIVE,https://fyenuhkq3pfhnbpidj5jm2fl2lryxip4byhg6eozynrnlomu4szf2nyd.onion/index.html?indexId=daszxvbgfnczm,2,2026-09-20T15:53:25.890309+04:00,2026-09-25T16:22:16.069864+04:00
INC-3336EBD9F855,2026-09-19,PUBLICATION,Diamonds Factory,Commerce / Distribution,Fuite de données,France métropolitaine,CYBERATTAQUE_ORG | FRENCHBREACHES,https://frenchbreaches.com/alertes/diamonds-factory-mu8elc69ehzc7qh8dpn | https://www.cyberattaque.org/diamonds-factory-24-000-commandes-clients-revendiques-apres-une-cyberattaque/,2,2026-09-20T15:53:25.890309+04:00,2026-09-20T15:53:25.890309+04:00
INC-601E3DC05F51,2026-09-19,PUBLICATION,Faktus,Construction / BTP,Fuite de données,France métropolitaine,CYBERATTAQUE_ORG | FRENCHBREACHES,https://frenchbreaches.com/alertes/faktus-mu8r9zho1hh7afgp9w8i | https://www.cyberattaque.org/faktus-cyberattaque-facture/,2,2026-09-20T15:53:25.890309+04:00,2026-09-20T15:53:25.890309+04:00
INC-B52A1013C987,2026-09-19,PUBLICATION,FRANCARETRAD,Santé,Ransomware,France métropolitaine,RANSOMWARE_LIVE,https://fyenuhkq3pfhnbpidj5jm2fl2lryxip4byhg6eozynrnlomu4szf2nyd.onion/index.html?indexId=vdssdcnhuysdz,2,2026-09-20T15:53:25.890309+04:00,2026-09-25T16:22:16.069864+04:00
INC-6906B2607D08,2026-09-19,PUBLICATION,HEOLIS,Énergie / Utilities,Ransomware,France métropolitaine,RANSOMWARE_LIVE,https://fyenuhkq3pfhnbpidj5jm2fl2lryxip4byhg6eozynrnlomu4szf2nyd.onion/index.html?indexId=bgsedfhgsbdfs,1,2026-09-20T15:53:25.890309+04:00,2026-09-20T15:53:25.890309+04:00
INC-FD11035E7E5A,2026-09-19,PUBLICATION,VitalWeb,Santé,Fuite de données,France métropolitaine,CYBERATTAQUE_ORG | FRENCHBREACHES,https://frenchbreaches.com/alertes/vitalweb-mu8rm6d0f8s6d6vte3g | https://www.cyberattaque.org/vitalweb-50-000-dossiers-patients-cyberattaque/,2,2026-09-20T15:53:25.890309+04:00,2026-09-20T15:53:25.890309+04:00
INC-4D9B53C749DA,2026-09-19,PUBLICATION,Whoof,Services aux entreprises,Fuite de données,France métropolitaine,CYBERATTAQUE_ORG | FRENCHBREACHES,https://frenchbreaches.com/alertes/whoof-mu8dyyqbqoaiqbzpoqr | https://www.cyberattaque.org/whoof-5-000-adoptants-et-eleveurs-exposes-apres-une-cyberattaque/,2,2026-09-20T15:53:25.890309+04:00,2026-09-20T15:53:25.890309+04:00
INC-A47A707953EA,2026-09-18,PUBLICATION,Armurerie Lavaux,Commerce / Distribution,Fuite de données,France métropolitaine,FRENCHBREACHES,https://frenchbreaches.com/alertes/armurerie-lavaux-fftir-sia-mu4veintm4jse4e4ix,1,2026-09-19T15:40:34.135294+04:00,2026-09-19T15:40:34.135294+04:00
INC-2D5B61EEEBC6,2026-09-18,PUBLICATION,CUC Loisirs & Vacances,Commerce / Distribution,Fuite de données,France métropolitaine,CYBERATTAQUE_ORG | FRENCHBREACHES,https://frenchbreaches.com/alertes/cuc-loisirs-vacances-mu7ahotf7ukds1b294 | https://www.cyberattaque.org/cuc-loisirs-vacances-des-informations-de-sante-de-mineurs-diffusees-apres-une-cyberattaque/,2,2026-09-19T15:40:34.135294+04:00,2026-09-19T15:40:34.135294+04:00
INC-845CF3A0AFE4,2026-09-18,PUBLICATION,Le Club TotalEnergies,Commerce / Distribution,Fuite de données,France métropolitaine,CYBERATTAQUE_ORG | FRENCHBREACHES,https://frenchbreaches.com/alertes/totalenergies-le-club-mu7a3uzvcz8fsq6txcu | https://www.cyberattaque.org/le-club-totalenergies-touche-par-une-cyberattaque-les-historiques-de-transactions-en-fuite/,2,2026-09-19T15:40:34.135294+04:00,2026-09-19T15:40:34.135294+04:00
INC-F01F1A75909C,2026-09-18,PUBLICATION,L’Orange bleue,Sport,Fuite de données,France métropolitaine,CYBERATTAQUE_ORG | FRENCHBREACHES,https://frenchbreaches.com/alertes/orange-bleue-mu6sr6lm5tsbb71uwjf | https://www.cyberattaque.org/lorange-bleue-732-000-fiches-dadherents-et-440-000-iban-dans-une-fuite-massive-apres-une-cyberattaque/,2,2026-09-18T15:55:53.244402+04:00,2026-09-18T15:55:53.244402+04:00
INC-3344F0DB45BC,2026-09-18,EVENT,Mairie de Mortagne-au-Perche,Administration / Collectivité,Intrusion,France métropolitaine,FRENCHBREACHES,https://frenchbreaches.com/alertes/mairie-de-mortagne-au-perche-muhiffjbw9vo6wzaqt,1,2026-09-26T15:53:09.706936+04:00,2026-09-26T15:53:09.706936+04:00
INC-25FB4E5B300E,2026-09-18,PUBLICATION,Stim,Numérique / Technologie,Ransomware,France métropolitaine,RANSOMWARE_LIVE,http://pnzruro7syvwvefx5mpo2fhzi4jftgquynsqf3vy5x3no57yp2iz4nyd.onion/company/stim,1,2026-09-18T15:55:53.244402+04:00,2026-09-18T15:55:53.244402+04:00
INC-911E74AADDEB,2026-09-17,PUBLICATION,Greffe du Tribunal de Paris,Inconnu,Fuite de données,Inconnu,CYBERATTAQUE_ORG,https://www.cyberattaque.org/greffe-du-tribunal-de-paris-des-adresses-privees-et-donnees-familiales-de-juges-en-fuite/,1,2026-09-18T15:55:53.244402+04:00,2026-09-18T15:55:53.244402+04:00
INC-2EA9D4F2C864,2026-09-17,PUBLICATION,Pays de L’Aigle,Administration / Collectivité,Fuite de données,France métropolitaine,CYBERATTAQUE_ORG | FRENCHBREACHES,https://frenchbreaches.com/alertes/pays-de-l-aigle-mu62uazzlgiwn2iy3q | https://www.cyberattaque.org/pays-de-laigle-une-cyberattaque-contre-les-messageries-fait-craindre-une-fuite-de-donnees-sensibles/,2,2026-09-18T15:55:53.244402+04:00,2026-09-18T15:55:53.244402+04:00
INC-DC8AC46291C7,2026-09-17,PUBLICATION,Tribunal des activités économiques de Paris,Administration / Collectivité,Fuite de données,France métropolitaine,FRENCHBREACHES,https://frenchbreaches.com/alertes/tribunal-des-activit-s-conomiques-de-paris-tae-mu5i6aq2tacwkov45cr,1,2026-09-18T15:55:53.244402+04:00,2026-09-18T15:55:53.244402+04:00
INC-D2FB7EB1592C,2026-09-17,PUBLICATION,Zenfirst,Numérique / Technologie,Fuite de données,France métropolitaine,CYBERATTAQUE_ORG | FRENCHBREACHES,https://frenchbreaches.com/alertes/zenfirst-mu5htqiwd1qoi6ixtx5 | https://www.cyberattaque.org/zenfirst-victime-dune-cyberattaque-des-milliers-de-donnees-de-facturation-exposees/,2,2026-09-17T16:16:05.229738+04:00,2026-09-18T15:55:53.244402+04:00
INC-F34197834D47,2026-09-16,PUBLICATION,AFPA,Éducation / Formation,Fuite de données,France métropolitaine,FRENCHBREACHES,https://frenchbreaches.com/alertes/afpa-mu3sfxoqeownzuda0zt,1,2026-09-16T16:16:21.852957+04:00,2026-09-16T16:16:21.852957+04:00
INC-6671500C32EB,2026-09-16,PUBLICATION,CrowdSec,Numérique / Technologie,Fuite de données,France métropolitaine,CYBERATTAQUE_ORG | FRENCHBREACHES,https://frenchbreaches.com/alertes/crowdsec-mu4npqnxblj4hm33zkp | https://www.cyberattaque.org/crowdsec-son-code-source-en-fuite-apres-la-compromission-dune-cle-api/,2,2026-09-17T16:16:05.229738+04:00,2026-09-17T16:16:05.229738+04:00
INC-4522C21E32DC,2026-09-16,PUBLICATION,NosRezo,Commerce / Distribution,Fuite de données,France métropolitaine,FRENCHBREACHES,https://frenchbreaches.com/alertes/nosrezo-propertips-mu452qgr87fyxkxkxh,1,2026-09-17T16:16:05.229738+04:00,2026-09-17T16:16:05.229738+04:00
INC-6DBA5222763D,2026-09-16,PUBLICATION,Propertips by iad,Inconnu,Fuite de données,Inconnu,CYBERATTAQUE_ORG,https://www.cyberattaque.org/propertips-iad-cyberattaque-nosrezo/,1,2026-09-17T16:16:05.229738+04:00,2026-09-17T16:16:05.229738+04:00
INC-1E4AB4109456,2026-09-16,PUBLICATION,Thema Foundries,Industrie / Manufacture,Ransomware,France métropolitaine,RANSOMWARE_LIVE,http://ijzn3sicrcy7guixkzjkib4ukbiilwc3xhnmby4mcbccnsd7j2rekvqd.onion/site/blog?uuid=37cc9331-88ba-48f1-ab5c-a4636f8fbd84,1,2026-09-17T16:16:05.229738+04:00,2026-09-17T16:16:05.229738+04:00
INC-B6C3BE11559E,2026-09-16,PUBLICATION,Ville de Libercourt,Administration / Collectivité,Ransomware,France métropolitaine,FRENCHBREACHES,https://frenchbreaches.com/alertes/ville-de-libercourt-mu3s726lzo8j6uv1ta,1,2026-09-16T16:16:21.852957+04:00,2026-09-16T16:16:21.852957+04:00
INC-5AD7E8261825,2026-09-15,PUBLICATION,Aforpa,Inconnu,Ransomware,France métropolitaine,RANSOMWARE_LIVE,https://aforpa.fr,1,2026-09-15T16:17:12.204443+04:00,2026-09-15T16:17:12.204443+04:00
INC-E67015756A95,2026-09-15,PUBLICATION,AFPA,Éducation / Formation,Fuite de données,France métropolitaine,CYBERATTAQUE_ORG | FRENCHBREACHES,https://frenchbreaches.com/alertes/afpa-mu4jbja3w3es4t7j0a8 | https://www.cyberattaque.org/afpa-pres-dun-million-de-dossiers-revendiques-apres-une-cyberattaque/,2,2026-09-16T16:16:21.852957+04:00,2026-09-17T16:16:05.229738+04:00
INC-78281AB82197,2026-09-15,PUBLICATION,Alaxione,Santé,Intrusion,France métropolitaine,FRENCHBREACHES,https://frenchbreaches.com/alertes/point-vision-alaxione-mu2xkknzvrz0vmolzuf,1,2026-09-16T16:16:21.852957+04:00,2026-09-16T16:16:21.852957+04:00
INC-D7E1EEBAB16D,2026-09-15,PUBLICATION,Carte De Pêche,Commerce / Distribution,Fuite de données,France métropolitaine,FRENCHBREACHES,https://frenchbreaches.com/alertes/carte-de-p-che-mu2y1dhf81dp7ixpy9y,1,2026-09-16T16:16:21.852957+04:00,2026-09-16T16:16:21.852957+04:00
INC-56553114E3FD,2026-09-15,PUBLICATION,Centrale Canine,Commerce / Distribution,Fuite de données,France métropolitaine,CYBERATTAQUE_ORG | FRENCHBREACHES,https://frenchbreaches.com/alertes/centrale-canine-mu2khodutmhix9d29g | https://www.cyberattaque.org/centrale-canine-une-cyberattaque-expose-les-donnees-de-plus-de-122-000-personnes/,2,2026-09-15T16:17:12.204443+04:00,2026-09-15T16:17:12.204443+04:00
INC-8C6C97916F72,2026-09-15,PUBLICATION,EAD-Online,Éducation / Formation,Fuite de données,France métropolitaine,FRENCHBREACHES,https://frenchbreaches.com/alertes/ead-online-mu2kkot4fts8pqcld0c,1,2026-09-15T16:17:12.204443+04:00,2026-09-15T16:17:12.204443+04:00
INC-015E0D4D14C0,2026-09-15,PUBLICATION,Fédération Royale Belge de Tennis de Table,Sport,Fuite de données,Inconnu,FRENCHBREACHES,https://frenchbreaches.com/alertes/f-d-ration-royale-belge-de-tennis-de-table-mu2l3yrjnywvyypn0z,1,2026-09-15T16:17:12.204443+04:00,2026-09-15T16:17:12.204443+04:00
INC-41D3A5E68E62,2026-09-15,PUBLICATION,Maison du Souvenir de Maillé,Culture / Médias / Loisirs,Ransomware,France métropolitaine,CYBERATTAQUE_ORG | FRENCHBREACHES,https://frenchbreaches.com/alertes/maison-du-souvenir-mu3s96ekg9d5znwpghs | https://www.cyberattaque.org/maison-du-souvenir-de-maille-vingt-ans-de-travail-numerique-perdus-apres-une-cyberattaque/,2,2026-09-16T16:16:21.852957+04:00,2026-09-16T16:16:21.852957+04:00
INC-F6EA93C0805A,2026-09-15,PUBLICATION,Papouille France,Commerce / Distribution,Fuite de données,France métropolitaine,CYBERATTAQUE_ORG | FRENCHBREACHES,https://frenchbreaches.com/alertes/papouille-france-blgcloud-mu2kat4fov2247lxirf | https://www.cyberattaque.org/papouille-france-touche-par-la-fuite-de-son-compte-blgcloud-avec-75-go-et-240-000-fichiers-exposes/,2,2026-09-15T16:17:12.204443+04:00,2026-09-15T16:17:12.204443+04:00
INC-096E79FC178A,2026-09-15,PUBLICATION,Point Vision,Santé,Fuite de données,France métropolitaine,BONJOURLAFUITE | CYBERATTAQUE_ORG,https://bonjourlafuite.eu.org/img/point-vision.png | https://www.cyberattaque.org/point-vision-une-cyberattaque-expose-des-numeros-de-securite-sociale-et-des-donnees-de-patients/,2,2026-09-16T16:16:21.852957+04:00,2026-09-16T16:16:21.852957+04:00
INC-20C6D9DEDD18,2026-09-15,PUBLICATION,Presses universitaires de Franche-Comté,Commerce / Distribution,Fuite de données,France métropolitaine,FRENCHBREACHES,https://frenchbreaches.com/alertes/presses-universitaires-de-franche-comt-mu2lpccdyoxn2sw5p3e,1,2026-09-15T16:17:12.204443+04:00,2026-09-15T16:17:12.204443+04:00
INC-77FA7FC04A8A,2026-09-15,PUBLICATION,Welyb,Services aux entreprises,Fuite de données,France métropolitaine,CYBERATTAQUE_ORG | FRENCHBREACHES,https://frenchbreaches.com/alertes/welyb-agiris-mu2m3x9bh33cfsst2bl | https://www.cyberattaque.org/cyberattaque-welyb-agiris-une-faille-expose-les-donnees-de-clients-de-cabinets-comptables/,2,2026-09-15T16:17:12.204443+04:00,2026-09-16T16:16:21.852957+04:00
INC-C25097FEA710,2026-09-14,PUBLICATION,Bouteilles et bocaux,Commerce / Distribution,Malware,France métropolitaine,BONJOURLAFUITE | CYBERATTAQUE_ORG | FRENCHBREACHES,https://bonjourlafuite.eu.org/img/bouteilles-bocaux.png | https://frenchbreaches.com/alertes/bouteilles-et-bocaux-mu1wwqvgmn17bqmth5 | https://www.cyberattaque.org/bouteilles-et-bocaux-une-cyberattaque-compromet-la-boutique-en-ligne-et-expose-des-donnees-clients/,3,2026-09-15T16:17:12.204443+04:00,2026-09-15T16:17:12.204443+04:00
INC-C4310380AA3C,2026-09-14,PUBLICATION,Familea,Administration / Collectivité,Intrusion,France métropolitaine,CYBERATTAQUE_ORG | FRENCHBREACHES,https://frenchbreaches.com/alertes/familea-mu1wyyw70shufju3yby | https://www.cyberattaque.org/familea-bruguieres-cyberattaque-les-portails-familles-inaccessibles/,2,2026-09-15T16:17:12.204443+04:00,2026-09-15T16:17:12.204443+04:00
INC-A5039CEBC10A,2026-09-14,PUBLICATION,Grand Delta Habitat,Construction / BTP,Fuite de données,France métropolitaine,CYBERATTAQUE_ORG | FRENCHBREACHES,https://frenchbreaches.com/alertes/grand-delta-habitat-mu11w5cp7qxnf8bxui9 | https://www.cyberattaque.org/grand-delta-habitat-188-000-commandes-cyberattaque/,2,2026-09-14T17:25:36.408054+04:00,2026-09-14T17:25:36.408054+04:00
INC-72BF97901CE1,2026-09-14,EVENT,Lycée polyvalent Jean Joly,Éducation / Formation,Intrusion,La Réunion,VEILLE_LLM,https://imazpress.com/toute-l-actu/attaque-informatique-sur-le-lycee-de-saint-louis-jean-joly,1,2026-10-04T16:54:04.184048+04:00,2026-10-04T16:54:04.184048+04:00
INC-6741AD9842BA,2026-09-14,PUBLICATION,Nature & Découvertes,Culture / Médias / Loisirs,Fuite de données,France métropolitaine,BONJOURLAFUITE | CYBERATTAQUE_ORG | FRENCHBREACHES,https://bonjourlafuite.eu.org/img/nature-decouvertes.png | https://frenchbreaches.com/alertes/nature-d-couvertes-mu1euyvui0h3fnzm19 | https://www.cyberattaque.org/nature-decouvertes-touche-par-une-cyberattaque-chez-un-prestataire/,3,2026-09-15T16:17:12.204443+04:00,2026-09-15T16:17:12.204443+04:00
INC-10677A4FD49A,2026-09-14,PUBLICATION,Rosello et Fils,Agriculture / Agroalimentaire,Ransomware,France métropolitaine,CYBERATTAQUE_ORG | RANSOMWARE_LIVE,http://eclipse4g5kxfwsvpu4qx5sdcnrji6gxl5gt67bucjlgt35g7akvjoid.onion/place/ff64huj542fj0suv/ | https://www.cyberattaque.org/rosello-et-fils-pres-de-60-go-de-donnees-revendique-par-un-ransomware/,2,2026-09-15T16:17:12.204443+04:00,2026-09-15T16:17:12.204443+04:00
INC-218799D3E526,2026-09-13,PUBLICATION,CARIDRO VAL DE LOIRE,Industrie / Manufacture,Ransomware,France métropolitaine,CYBERATTAQUE_ORG | RANSOMWARE_LIVE,http://ijzn3sicrcy7guixkzjkib4ukbiilwc3xhnmby4mcbccnsd7j2rekvqd.onion/site/blog?uuid=224e65b0-92cc-464a-871e-518f88a99685 | https://www.cyberattaque.org/caridro-val-de-loire-des-centaines-de-fichiers-internes-publies-apres-une-cyberattaque/,2,2026-09-14T17:25:36.408054+04:00,2026-09-14T17:25:36.408054+04:00
INC-CC9731B28C94,2026-09-13,PUBLICATION,Fédération francophone de Gymnastique,Sport,Fuite de données,France métropolitaine,FRENCHBREACHES,https://frenchbreaches.com/alertes/f-d-ration-francophone-de-gymnastique-mu038ez5nh94acseflc,1,2026-09-14T17:25:36.408054+04:00,2026-09-14T17:25:36.408054+04:00
INC-A00DBB2273A4,2026-09-13,PUBLICATION,Groupe MGEL,Santé,Fuite de données,France métropolitaine,CYBERATTAQUE_ORG | FRENCHBREACHES,https://frenchbreaches.com/alertes/groupe-mgel-mtzinl1af3p94rq9r2p | https://www.cyberattaque.org/cyberattaque-groupe-mgel-mutuelle-vitalite-sante/,2,2026-09-13T16:22:56.304701+04:00,2026-09-13T16:22:56.304701+04:00
INC-BEB27450B5FC,2026-09-13,PUBLICATION,Sushi&Cie,Hébergement / Tourisme / Restauration,Fuite de données,France métropolitaine,CYBERATTAQUE_ORG | FRENCHBREACHES,https://frenchbreaches.com/alertes/sushi-cie-mtzyrhan3ic1hahpxtv | https://www.cyberattaque.org/sushicie-victime-dune-cyberattaque-plus-de-6-000-clients-en-fuite/,2,2026-09-14T17:25:36.408054+04:00,2026-09-14T17:25:36.408054+04:00
INC-0D418F193074,2026-09-12,PUBLICATION,Ekolis,Transport / Logistique,Fuite de données,France métropolitaine,FRENCHBREACHES,https://frenchbreaches.com/alertes/ekolis-mtye57ckbfljbjhsei,1,2026-09-13T16:22:56.304701+04:00,2026-09-13T16:22:56.304701+04:00
INC-ED5E5886980A,2026-09-12,PUBLICATION,eracm,Inconnu,Ransomware,France métropolitaine,RANSOMWARE_LIVE,http://krybitqsdzwmhnitvwuhvsntfgf2wrhxveyxroxpc44c6gkft2cqldyd.onion/blog/a34c6dc5ac3bd4acd0ff22b009c376c1630c21ed2aa3ba56630909633c198cba/,1,2026-09-13T16:22:56.304701+04:00,2026-09-13T16:22:56.304701+04:00
INC-1C4D92961F4E,2026-09-12,PUBLICATION,Revolut,Inconnu,Fuite de données,France métropolitaine,BONJOURLAFUITE | CYBERATTAQUE_ORG,https://bonjourlafuite.eu.org/img/revolut.png | https://www.cyberattaque.org/revolut-piege-par-de-fausses-demandes-gouvernementales-des-passeports-transmis-a-un-tiers/,2,2026-09-13T16:22:56.304701+04:00,2026-09-14T17:25:36.408054+04:00
INC-575DE7755221,2026-09-11,PUBLICATION,Aqualter,Énergie / Utilities,Fuite de données,France métropolitaine,CYBERATTAQUE_ORG | FRENCHBREACHES,https://frenchbreaches.com/alertes/aqualter-mtw3s7ufzaqj8v0kb3b | https://www.cyberattaque.org/aqualter-187-000-numeros-de-telephone-exposes-apres-une-cyberattaque/,2,2026-09-12T16:42:23.051822+04:00,2026-09-12T16:42:23.051822+04:00
INC-1A4F2221C3A0,2026-09-11,PUBLICATION,Boulanger,Commerce / Distribution,Fuite de données,France métropolitaine,CYBERATTAQUE_ORG | FRENCHBREACHES,https://frenchbreaches.com/alertes/boulanger-mtx6sn0e1djwcj87mtd | https://www.cyberattaque.org/boulanger-touche-par-une-cyberattaque-avec-132-000-dossiers-sav-revendiques-en-fuite/,2,2026-09-12T16:42:23.051822+04:00,2026-09-12T16:42:23.051822+04:00
INC-3AAEEA9D575F,2026-09-11,PUBLICATION,Brevo,Numérique / Technologie,Phishing / fraude,France métropolitaine,CYBERATTAQUE_ORG | FRENCHBREACHES,https://frenchbreaches.com/alertes/brevo-mtwuixif0kdw2y7yp3bn | https://www.cyberattaque.org/brevo-cyberattaque-campagne-de-phishing-frappe-trezor-et-cointracking/,2,2026-09-12T16:42:23.051822+04:00,2026-09-12T16:42:23.051822+04:00
INC-673354204E98,2026-09-11,PUBLICATION,GreenGo,Hébergement / Tourisme / Restauration,Intrusion,France métropolitaine,CYBERATTAQUE_ORG | FRENCHBREACHES,https://frenchbreaches.com/alertes/greengo-mtwzey831kyjkwc99r | https://www.cyberattaque.org/greengo-victime-dune-cyberattaque-donnees-de-comptes-reservations-et-messages-potentiellement-consultes/,2,2026-09-12T16:42:23.051822+04:00,2026-09-12T16:42:23.051822+04:00
INC-40F47F722BA0,2026-09-11,EVENT,Mairie d’Espelette,Administration / Collectivité,Malware,France métropolitaine,FRENCHBREACHES,https://frenchbreaches.com/alertes/mairie-d-espelette-mu74hl5nkpj7248ih2a,1,2026-09-19T15:40:34.135294+04:00,2026-09-19T15:40:34.135294+04:00
INC-7C0FCA2CE323,2026-09-11,PUBLICATION,Pass Pass,Inconnu,Fuite de données,France métropolitaine,BONJOURLAFUITE,https://bonjourlafuite.eu.org/img/passpass.png,1,2026-09-12T16:42:23.051822+04:00,2026-09-12T16:42:23.051822+04:00
INC-6FB6E50001AA,2026-09-11,PUBLICATION,Salt Mobile,Numérique / Technologie,Fuite de données,France métropolitaine,FRENCHBREACHES,https://frenchbreaches.com/alertes/salt-mobile-mtx0gdjpa301y7tku9k,1,2026-09-12T16:42:23.051822+04:00,2026-09-12T16:42:23.051822+04:00
INC-7BF9828040F8,2026-09-11,PUBLICATION,Ville de Joigny,Administration / Collectivité,Fuite de données,France métropolitaine,CYBERATTAQUE_ORG | FRENCHBREACHES,https://frenchbreaches.com/alertes/ville-de-joigny-mtwuflm1iee4jiwh7bf | https://www.cyberattaque.org/cyberattaque-contre-la-ville-de-joigny-268-795-tentatives-dintrusion-en-une-semaine/,2,2026-09-12T16:42:23.051822+04:00,2026-09-12T16:42:23.051822+04:00
INC-5F3F78296574,2026-09-11,PUBLICATION,WiziShop,Numérique / Technologie,Fuite de données,France métropolitaine,FRENCHBREACHES,https://frenchbreaches.com/alertes/wizishop-dropizi-mtw3klqur74gdjp72ya,1,2026-09-12T16:42:23.051822+04:00,2026-09-12T16:42:23.051822+04:00
INC-6E2B3A6C871F,2026-09-10,EVENT,NaturaBuy,Commerce / Distribution,Fuite de données,France métropolitaine,CYBERATTAQUE_ORG | FRENCHBREACHES,https://frenchbreaches.com/alertes/naturabuy-murj0vegw4dz8ukhqva | https://www.cyberattaque.org/naturabuy-victime-dune-cyberattaque-un-risque-pour-les-detenteurs-darmes/,2,2026-09-12T16:42:23.051822+04:00,2026-10-03T16:06:56.409081+04:00
INC-DB37F06CE825,2026-09-10,EVENT,NaturaBuy,Commerce / Distribution,Fuite de données,France métropolitaine,FRENCHBREACHES,https://frenchbreaches.com/alertes/naturabuy-mtwzqa9gplhhoi6l87a,1,2026-09-12T16:42:23.051822+04:00,2026-09-12T16:42:23.051822+04:00
INC-A6AC87645DB8,2026-09-09,EVENT,Ville du Tampon,Administration / Collectivité,Inconnu,La Réunion,VEILLE_LLM,https://la1ere.franceinfo.fr/reunion/la-mairie-du-tampon-victime-d-une-cyberattaque-les-services-momentanement-indisponibles-1736807.html,1,2026-10-04T16:54:04.184048+04:00,2026-10-04T16:54:04.184048+04:00
INC-D06CA5297DDC,2026-09-02,EVENT,Snexi,Construction / BTP,Fuite de données,France métropolitaine,CYBERATTAQUE_ORG | FRENCHBREACHES,https://frenchbreaches.com/alertes/snexi-citya-immobilier-mtwb9nopcz1weg06yq7 | https://www.cyberattaque.org/citya-snexi-fuite-de-donnees-cyberattaque/,2,2026-09-12T16:42:23.051822+04:00,2026-09-12T16:42:23.051822+04:00
INC-630FE3AFB253,2026-08-31,EVENT,MANU-PORT,Transport / Logistique,Inconnu,Mayotte,VEILLE_LLM,https://documentation.outre-mer.gouv.fr/Record.htm?idlist=3&record=19154760124919729429,1,2026-10-04T16:54:04.184048+04:00,2026-10-04T16:54:04.184048+04:00
INC-8C3B062EFF51,2026-08-09,EVENT,Bureau Vallée,Commerce / Distribution,Fuite de données,La Réunion,VEILLE_LLM,https://ayinedjimi-consultants.fr/news/fuite-donnees-bureau-vallee-2026,1,2026-10-04T16:54:04.184048+04:00,2026-10-04T16:54:04.184048+04:00
INC-9B11A8F11CE1,2026-07-25,EVENT,Ministère de l’Éducation nationale / Académie de La Réunion,Administration / Collectivité,Fuite de données,La Réunion,VEILLE_LLM,https://www.education.gouv.fr/incident-de-securite-affectant-les-donnees-de-personnels-de-l-education-nationale-505407,1,2026-10-04T16:54:04.184048+04:00,2026-10-04T16:54:04.184048+04:00
INC-DEF298242E44,2026-06-30,EVENT,Lycée polyvalent Paul Moreau,Éducation / Formation,Fuite de données,La Réunion,VEILLE_LLM,https://frenchbreaches.com/alertes/lyc-e-polyvalent-paul-moreau-mr0pgi7zh4w9k8gxh3d,1,2026-10-04T16:54:04.184048+04:00,2026-10-04T16:54:04.184048+04:00
INC-3B8C2F71BF60,2026-06-29,EVENT,EGEP Réunion,Construction / BTP,Fuite de données,La Réunion,VEILLE_LLM,https://frenchbreaches.com/alertes/axonaut-mqygp4ygl2o4wc6v2i,1,2026-10-04T16:54:04.184048+04:00,2026-10-04T16:54:04.184048+04:00
INC-7957FB7116F1,2026-06-29,EVENT,Le Quotidien de La Réunion,Inconnu,Inconnu,La Réunion,VEILLE_LLM,https://www.zinfos974.com/le-quotidien-offert-ce-lundi-29-juin/,1,2026-10-04T16:54:04.184048+04:00,2026-10-04T16:54:04.184048+04:00
INC-0C583422D46E,2026-06-13,EVENT,Commune de Ouangani,Administration / Collectivité,Inconnu,Mayotte,VEILLE_LLM,https://www.govserv.org/FR/Ouangani/102429281625245/Ville-de-Ouangani,1,2026-10-04T16:54:04.184048+04:00,2026-10-04T16:54:04.184048+04:00
INC-DB8BDF7CCB2D,2026-06-11,EVENT,Ville de Mamoudzou,Administration / Collectivité,Intrusion,Mayotte,VEILLE_LLM,https://www.mamoudzou.yt/actualite/incident-de-cybersecurite-la-ville-de-mamoudzou-prend-toutes-les-mesures-pour-proteger-ses-systemes-et-ses-partenaires/,1,2026-10-04T16:54:04.184048+04:00,2026-10-04T16:54:04.184048+04:00
INC-08D80AA8EF71,2026-05-31,EVENT,Air Austral,Transport / Logistique,Fuite de données,La Réunion,VEILLE_LLM,https://www.cyberattaque.org/air-austral-les-donnees-de-1-000-employes-diffusees-publiquement/,1,2026-10-04T16:54:04.184048+04:00,2026-10-04T16:54:04.184048+04:00
INC-A36AFC8D9E10,2026-04-24,EVENT,STOR Solutions,Numérique / Technologie,Intrusion,La Réunion,VEILLE_LLM,https://www.cyberattaque.org/stor-solutions-datacenter-cyberattaque-canal-alpha/,1,2026-10-04T16:54:04.184048+04:00,2026-10-04T16:54:04.184048+04:00
INC-78D32D7D8C37,2026-02-19,EVENT,EPF Réunion / VALGO,Administration / Collectivité,Fuite de données,La Réunion,VEILLE_LLM,https://frenchbreaches.com/alertes/valgo-sa-rw_Vm1Gc1oyOGdVMEZBYVc1amNtRnVjMjl0,1,2026-10-04T16:54:04.184048+04:00,2026-10-04T16:54:04.184048+04:00
INC-28E45E300CB9,2026-02-04,EVENT,Commune de Saint-Leu,Administration / Collectivité,Inconnu,La Réunion,VEILLE_LLM,https://freedom.fr/podcast-passeport-carte-didentite-six-mois-dattente-pour-un-dossier-perdu-a-la-mairie-de-saint-leu/,1,2026-10-04T16:54:04.184048+04:00,2026-10-04T16:54:04.184048+04:00
INC-504E072622BB,2025-10-10,EVENT,Région Hauts-de-France,Administration / Collectivité,Fuite de données,France métropolitaine,FRENCHBREACHES,https://frenchbreaches.com/alertes/r-gion-hauts-de-france-muqbs0geks60ywxsfd,1,2026-10-03T16:06:56.409081+04:00,2026-10-03T16:06:56.409081+04:00
