Organisation_Key,Organisation,Sector,Decision,Confidence,Evidence_Type,Evidence_Types,Evidence_Sources,Evidence_URLs,Evidence_Text,Candidate_Sectors,Source_Count,Evidence_Count,Supporting_Item_IDs,Policy_Auto_Enabled
academie de la reunion,Rectorat de La Réunion,Éducation / Formation,AUTO,HIGH,manual_reference,manual_reference,enrichment_reference.csv,https://github.com/Ya7o/Cyberwatch/blob/main/cyberwatch/watchlists.py,Entité ou alias territorial validé du référentiel Cyberwatch,Éducation / Formation,0,1,,1
academie de mayotte,Rectorat de Mayotte,Éducation / Formation,AUTO,HIGH,manual_reference,manual_reference,enrichment_reference.csv,https://github.com/Ya7o/Cyberwatch/blob/main/cyberwatch/watchlists.py,Entité ou alias territorial validé du référentiel Cyberwatch,Éducation / Formation,0,1,,1
actis location,Actis Location,Inconnu,CONFLICT,,registry_exact_naf,consensus_multi_source | registry_exact_naf,BONJOURLAFUITE | CYBERATTAQUE_ORG | FRENCHBREACHES | recherche-entreprises.api.gouv.fr,https://bonjourlafuite.eu.org/img/actis-location.png | https://frenchbreaches.com/alertes/actis-location-blgcloud-mtck051io55urdgqnxe | https://frenchbreaches.com/alertes/actis-location-mszcfq4rpfe01mp58ei | https://recherche-entreprises.api.gouv.fr/search?q=447723248 | https://www.cyberattaque.org/actis-location-factures-devis-et-rib-de-clients-exposes-apres-une-cyberattaque/,Activités de services administratifs et de soutien,Industrie / Manufacture | Services aux entreprises,3,2,ITM-4cc8816fbf2bf2c7 | ITM-871ab665f5629d74 | ITM-df47b6d6c045ee30 | ITM-fd4ec558d614b37a,0
actua,actua,Services aux entreprises,REVIEW,,structured_source,known_item_single | structured_source,RANSOMWARE_LIVE | ransomware.live:sector,http://lockbitapt67g6rwzjbcxnww5efpg4qok6vpfeth7wx3okj52ks4wtad.onion/post/dbe106197da13620f53ed5f2481b1970,Professional Services,Services aux entreprises,1,2,ITM-2c4ab0a765e83ffa,0
aeroport de dzaoudzi pamandzi,Aéroport de Dzaoudzi-Pamandzi,Transport / Logistique,AUTO,HIGH,manual_reference,manual_reference,enrichment_reference.csv,https://github.com/Ya7o/Cyberwatch/blob/main/cyberwatch/watchlists.py,Entité ou alias territorial validé du référentiel Cyberwatch,Transport / Logistique,0,1,,1
aeroport de la reunion roland garros,Aéroport de La Réunion Roland-Garros,Transport / Logistique,AUTO,HIGH,manual_reference,manual_reference,enrichment_reference.csv,https://github.com/Ya7o/Cyberwatch/blob/main/cyberwatch/watchlists.py,Entité ou alias territorial validé du référentiel Cyberwatch,Transport / Logistique,0,1,,1
aeroport de mayotte,Aéroport de Dzaoudzi-Pamandzi,Transport / Logistique,AUTO,HIGH,manual_reference,manual_reference,enrichment_reference.csv,https://github.com/Ya7o/Cyberwatch/blob/main/cyberwatch/watchlists.py,Entité ou alias territorial validé du référentiel Cyberwatch,Transport / Logistique,0,1,,1
aeroport de pierrefonds,Aéroport de Pierrefonds,Transport / Logistique,AUTO,HIGH,manual_reference,manual_reference,enrichment_reference.csv,https://github.com/Ya7o/Cyberwatch/blob/main/cyberwatch/watchlists.py,Entité ou alias territorial validé du référentiel Cyberwatch,Transport / Logistique,0,1,,1
aeroport roland garros,Aéroport de La Réunion Roland-Garros,Transport / Logistique,AUTO,HIGH,manual_reference,manual_reference,enrichment_reference.csv,https://github.com/Ya7o/Cyberwatch/blob/main/cyberwatch/watchlists.py,Entité ou alias territorial validé du référentiel Cyberwatch,Transport / Logistique,0,1,,1
air austral,Air Austral,Transport / Logistique,AUTO,HIGH,manual_reference,manual_reference,enrichment_reference.csv,https://github.com/Ya7o/Cyberwatch/blob/main/cyberwatch/watchlists.py,Entité ou alias territorial validé du référentiel Cyberwatch,Transport / Logistique,0,1,,1
banque alimentaire de la croix rouge a strasbourg,Banque Alimentaire de Strasbourg,Association / Syndicat,REVIEW,,consensus_multi_source,consensus_multi_source,CYBERATTAQUE_ORG | FRENCHBREACHES,https://frenchbreaches.com/alertes/banque-alimentaire-de-strasbourg-mt89jp2oj5vvmzw9w4j | https://www.cyberattaque.org/banque-alimentaire-de-la-croix-rouge-a-strasbourg-10-073-fiches-de-beneficiaires-en-fuite/,"2 item(s) connu(s), 2 source(s), secteur Association / Syndicat",Association / Syndicat,2,1,ITM-d739a58ce3618849 | ITM-fde367b9b2fb884e,0
bija industrie,Bija Industrie,Industrie / Manufacture,REVIEW,,structured_source,consensus_multi_source | structured_source,CYBERATTAQUE_ORG | RANSOMWARE_LIVE | ransomware.live:sector,http://t33zoj4qwv455fog7qnb2azi5xcdxkixughmmduzbw2rtdgryqfbh6id.onion/company/banadah/ | https://www.cyberattaque.org/bija-industrie-693-mails-en-fuite-et-5-109-fichiers-internes-deja-publies/,Manufacturing,Industrie / Manufacture,2,2,ITM-6540e15e4bb1089d | ITM-76a4c07de4838701,0
caf de la reunion,CAF de La Réunion,Administration / Collectivité,AUTO,HIGH,manual_reference,manual_reference,enrichment_reference.csv,https://github.com/Ya7o/Cyberwatch/blob/main/cyberwatch/watchlists.py,Entité ou alias territorial validé du référentiel Cyberwatch,Administration / Collectivité,0,1,,1
caisse de securite sociale de mayotte,Caisse de Sécurité Sociale de Mayotte,Administration / Collectivité,AUTO,HIGH,manual_reference,manual_reference,enrichment_reference.csv,https://github.com/Ya7o/Cyberwatch/blob/main/cyberwatch/watchlists.py,Entité ou alias territorial validé du référentiel Cyberwatch,Administration / Collectivité,0,1,,1
capgemini engineering,Capgemini Engineering,Services aux entreprises,REVIEW,,structured_source,known_item_single | structured_source,RANSOMWARE_LIVE | ransomware.live:sector,http://everestndkvzcibcje2cqxhre2hmmybl3rn2gwzwsblz7gx6uryn5rad.onion/news/capgemini-engineering,Professional Services,Services aux entreprises,1,2,ITM-91291fe3d63c936b,0
carte de peche,Carte De Pêche,Association / Syndicat,REVIEW,,known_item_single,known_item_single,FRENCHBREACHES,https://frenchbreaches.com/alertes/carte-de-p-che-mtfr2p7gwirp63lb8q,"1 item(s) connu(s), 1 source(s), secteur Association / Syndicat",Association / Syndicat,1,1,ITM-90c715832f8f1e2e,0
cci mayotte,CCI Mayotte,Commerce / Distribution,AUTO,HIGH,manual_reference,manual_reference,enrichment_reference.csv,https://github.com/Ya7o/Cyberwatch/blob/main/cyberwatch/watchlists.py,Entité ou alias territorial validé du référentiel Cyberwatch,Commerce / Distribution,0,1,,1
cci reunion,CCI Réunion,Commerce / Distribution,AUTO,HIGH,manual_reference,manual_reference,enrichment_reference.csv,https://github.com/Ya7o/Cyberwatch/blob/main/cyberwatch/watchlists.py,Entité ou alias territorial validé du référentiel Cyberwatch,Commerce / Distribution,0,1,,1
centre hospitalier de mayotte,Centre Hospitalier de Mayotte,Santé,AUTO,HIGH,manual_reference,manual_reference,enrichment_reference.csv,https://github.com/Ya7o/Cyberwatch/blob/main/cyberwatch/watchlists.py,Entité ou alias territorial validé du référentiel Cyberwatch,Santé,0,1,,1
centre hospitalier universitaire de la reunion,CHU de La Réunion,Santé,AUTO,HIGH,manual_reference,manual_reference,enrichment_reference.csv,https://github.com/Ya7o/Cyberwatch/blob/main/cyberwatch/watchlists.py,Entité ou alias territorial validé du référentiel Cyberwatch,Santé,0,1,,1
centre universitaire de mayotte,Centre universitaire de Mayotte,Éducation / Formation,AUTO,HIGH,manual_reference,manual_reference,enrichment_reference.csv,https://github.com/Ya7o/Cyberwatch/blob/main/cyberwatch/watchlists.py,Entité ou alias territorial validé du référentiel Cyberwatch,Éducation / Formation,0,1,,1
cgt educ action creteil,CGT Éduc’Action Créteil,Association / Syndicat,REVIEW,,known_item_single,known_item_single,CYBERATTAQUE_ORG,https://www.cyberattaque.org/cgt-educaction-creteil-deux-sites-pirates-avant-la-rentree/,"1 item(s) connu(s), 1 source(s), secteur Association / Syndicat",Association / Syndicat,1,1,ITM-790d2923d5ed5cfa,0
chambre de commerce et d industrie de la reunion,CCI Réunion,Commerce / Distribution,AUTO,HIGH,manual_reference,manual_reference,enrichment_reference.csv,https://github.com/Ya7o/Cyberwatch/blob/main/cyberwatch/watchlists.py,Entité ou alias territorial validé du référentiel Cyberwatch,Commerce / Distribution,0,1,,1
chambre de metiers et de l artisanat de la reunion,Chambre de Métiers et de l'Artisanat de La Réunion,Commerce / Distribution,AUTO,HIGH,manual_reference,manual_reference,enrichment_reference.csv,https://github.com/Ya7o/Cyberwatch/blob/main/cyberwatch/watchlists.py,Entité ou alias territorial validé du référentiel Cyberwatch,Commerce / Distribution,0,1,,1
chm,Centre Hospitalier de Mayotte,Santé,AUTO,HIGH,manual_reference,manual_reference,enrichment_reference.csv,https://github.com/Ya7o/Cyberwatch/blob/main/cyberwatch/watchlists.py,Entité ou alias territorial validé du référentiel Cyberwatch,Santé,0,1,,1
chu de la reunion,CHU de La Réunion,Santé,AUTO,HIGH,manual_reference,manual_reference,enrichment_reference.csv,https://github.com/Ya7o/Cyberwatch/blob/main/cyberwatch/watchlists.py,Entité ou alias territorial validé du référentiel Cyberwatch,Santé,0,1,,1
chu reunion,CHU de La Réunion,Santé,AUTO,HIGH,manual_reference,manual_reference,enrichment_reference.csv,https://github.com/Ya7o/Cyberwatch/blob/main/cyberwatch/watchlists.py,Entité ou alias territorial validé du référentiel Cyberwatch,Santé,0,1,,1
cise reunion,CISE Réunion,Énergie / Utilities,AUTO,HIGH,manual_reference,manual_reference,enrichment_reference.csv,https://github.com/Ya7o/Cyberwatch/blob/main/cyberwatch/watchlists.py,Entité ou alias territorial validé du référentiel Cyberwatch,Énergie / Utilities,0,1,,1
commune de acoua,Mairie de Acoua,Administration / Collectivité,AUTO,HIGH,manual_reference,manual_reference,enrichment_reference.csv,https://github.com/Ya7o/Cyberwatch/blob/main/cyberwatch/watchlists.py,Entité ou alias territorial validé du référentiel Cyberwatch,Administration / Collectivité,0,1,,1
commune de bandraboua,Mairie de Bandraboua,Administration / Collectivité,AUTO,HIGH,manual_reference,manual_reference,enrichment_reference.csv,https://github.com/Ya7o/Cyberwatch/blob/main/cyberwatch/watchlists.py,Entité ou alias territorial validé du référentiel Cyberwatch,Administration / Collectivité,0,1,,1
commune de bandrele,Mairie de Bandrélé,Administration / Collectivité,AUTO,HIGH,manual_reference,manual_reference,enrichment_reference.csv,https://github.com/Ya7o/Cyberwatch/blob/main/cyberwatch/watchlists.py,Entité ou alias territorial validé du référentiel Cyberwatch,Administration / Collectivité,0,1,,1
commune de boueni,Mairie de Bouéni,Administration / Collectivité,AUTO,HIGH,manual_reference,manual_reference,enrichment_reference.csv,https://github.com/Ya7o/Cyberwatch/blob/main/cyberwatch/watchlists.py,Entité ou alias territorial validé du référentiel Cyberwatch,Administration / Collectivité,0,1,,1
commune de bras panon,Mairie de Bras-Panon,Administration / Collectivité,AUTO,HIGH,manual_reference,manual_reference,enrichment_reference.csv,https://github.com/Ya7o/Cyberwatch/blob/main/cyberwatch/watchlists.py,Entité ou alias territorial validé du référentiel Cyberwatch,Administration / Collectivité,0,1,,1
commune de chiconi,Mairie de Chiconi,Administration / Collectivité,AUTO,HIGH,manual_reference,manual_reference,enrichment_reference.csv,https://github.com/Ya7o/Cyberwatch/blob/main/cyberwatch/watchlists.py,Entité ou alias territorial validé du référentiel Cyberwatch,Administration / Collectivité,0,1,,1
commune de chirongui,Mairie de Chirongui,Administration / Collectivité,AUTO,HIGH,manual_reference,manual_reference,enrichment_reference.csv,https://github.com/Ya7o/Cyberwatch/blob/main/cyberwatch/watchlists.py,Entité ou alias territorial validé du référentiel Cyberwatch,Administration / Collectivité,0,1,,1
commune de cilaos,Mairie de Cilaos,Administration / Collectivité,AUTO,HIGH,manual_reference,manual_reference,enrichment_reference.csv,https://github.com/Ya7o/Cyberwatch/blob/main/cyberwatch/watchlists.py,Entité ou alias territorial validé du référentiel Cyberwatch,Administration / Collectivité,0,1,,1
commune de dembeni,Mairie de Dembéni,Administration / Collectivité,AUTO,HIGH,manual_reference,manual_reference,enrichment_reference.csv,https://github.com/Ya7o/Cyberwatch/blob/main/cyberwatch/watchlists.py,Entité ou alias territorial validé du référentiel Cyberwatch,Administration / Collectivité,0,1,,1
commune de dzaoudzi labattoir,Mairie de Dzaoudzi-Labattoir,Administration / Collectivité,AUTO,HIGH,manual_reference,manual_reference,enrichment_reference.csv,https://github.com/Ya7o/Cyberwatch/blob/main/cyberwatch/watchlists.py,Entité ou alias territorial validé du référentiel Cyberwatch,Administration / Collectivité,0,1,,1
commune de entre deux,Mairie de Entre-Deux,Administration / Collectivité,AUTO,HIGH,manual_reference,manual_reference,enrichment_reference.csv,https://github.com/Ya7o/Cyberwatch/blob/main/cyberwatch/watchlists.py,Entité ou alias territorial validé du référentiel Cyberwatch,Administration / Collectivité,0,1,,1
commune de kani keli,Mairie de Kani-Kéli,Administration / Collectivité,AUTO,HIGH,manual_reference,manual_reference,enrichment_reference.csv,https://github.com/Ya7o/Cyberwatch/blob/main/cyberwatch/watchlists.py,Entité ou alias territorial validé du référentiel Cyberwatch,Administration / Collectivité,0,1,,1
commune de koungou,Mairie de Koungou,Administration / Collectivité,AUTO,HIGH,manual_reference,manual_reference,enrichment_reference.csv,https://github.com/Ya7o/Cyberwatch/blob/main/cyberwatch/watchlists.py,Entité ou alias territorial validé du référentiel Cyberwatch,Administration / Collectivité,0,1,,1
commune de l etang sale,Mairie de L'Étang-Salé,Administration / Collectivité,AUTO,HIGH,manual_reference,manual_reference,enrichment_reference.csv,https://github.com/Ya7o/Cyberwatch/blob/main/cyberwatch/watchlists.py,Entité ou alias territorial validé du référentiel Cyberwatch,Administration / Collectivité,0,1,,1
commune de la plaine des palmistes,Mairie de La Plaine-des-Palmistes,Administration / Collectivité,AUTO,HIGH,manual_reference,manual_reference,enrichment_reference.csv,https://github.com/Ya7o/Cyberwatch/blob/main/cyberwatch/watchlists.py,Entité ou alias territorial validé du référentiel Cyberwatch,Administration / Collectivité,0,1,,1
commune de la possession,Mairie de La Possession,Administration / Collectivité,AUTO,HIGH,manual_reference,manual_reference,enrichment_reference.csv,https://github.com/Ya7o/Cyberwatch/blob/main/cyberwatch/watchlists.py,Entité ou alias territorial validé du référentiel Cyberwatch,Administration / Collectivité,0,1,,1
commune de le port,Mairie de Le Port,Administration / Collectivité,AUTO,HIGH,manual_reference,manual_reference,enrichment_reference.csv,https://github.com/Ya7o/Cyberwatch/blob/main/cyberwatch/watchlists.py,Entité ou alias territorial validé du référentiel Cyberwatch,Administration / Collectivité,0,1,,1
commune de le tampon,Mairie de Le Tampon,Administration / Collectivité,AUTO,HIGH,manual_reference,manual_reference,enrichment_reference.csv,https://github.com/Ya7o/Cyberwatch/blob/main/cyberwatch/watchlists.py,Entité ou alias territorial validé du référentiel Cyberwatch,Administration / Collectivité,0,1,,1
commune de les avirons,Mairie de Les Avirons,Administration / Collectivité,AUTO,HIGH,manual_reference,manual_reference,enrichment_reference.csv,https://github.com/Ya7o/Cyberwatch/blob/main/cyberwatch/watchlists.py,Entité ou alias territorial validé du référentiel Cyberwatch,Administration / Collectivité,0,1,,1
commune de les trois bassins,Mairie de Les Trois-Bassins,Administration / Collectivité,AUTO,HIGH,manual_reference,manual_reference,enrichment_reference.csv,https://github.com/Ya7o/Cyberwatch/blob/main/cyberwatch/watchlists.py,Entité ou alias territorial validé du référentiel Cyberwatch,Administration / Collectivité,0,1,,1
commune de m tsamboro,Mairie de M'Tsamboro,Administration / Collectivité,AUTO,HIGH,manual_reference,manual_reference,enrichment_reference.csv,https://github.com/Ya7o/Cyberwatch/blob/main/cyberwatch/watchlists.py,Entité ou alias territorial validé du référentiel Cyberwatch,Administration / Collectivité,0,1,,1
commune de m tsangamouji,Mairie de M'Tsangamouji,Administration / Collectivité,AUTO,HIGH,manual_reference,manual_reference,enrichment_reference.csv,https://github.com/Ya7o/Cyberwatch/blob/main/cyberwatch/watchlists.py,Entité ou alias territorial validé du référentiel Cyberwatch,Administration / Collectivité,0,1,,1
commune de ouangani,Mairie de Ouangani,Administration / Collectivité,AUTO,HIGH,manual_reference,manual_reference,enrichment_reference.csv,https://github.com/Ya7o/Cyberwatch/blob/main/cyberwatch/watchlists.py,Entité ou alias territorial validé du référentiel Cyberwatch,Administration / Collectivité,0,1,,1
commune de pamandzi,Mairie de Pamandzi,Administration / Collectivité,AUTO,HIGH,manual_reference,manual_reference,enrichment_reference.csv,https://github.com/Ya7o/Cyberwatch/blob/main/cyberwatch/watchlists.py,Entité ou alias territorial validé du référentiel Cyberwatch,Administration / Collectivité,0,1,,1
commune de petite ile,Mairie de Petite-Île,Administration / Collectivité,AUTO,HIGH,manual_reference,manual_reference,enrichment_reference.csv,https://github.com/Ya7o/Cyberwatch/blob/main/cyberwatch/watchlists.py,Entité ou alias territorial validé du référentiel Cyberwatch,Administration / Collectivité,0,1,,1
commune de sada,Mairie de Sada,Administration / Collectivité,AUTO,HIGH,manual_reference,manual_reference,enrichment_reference.csv,https://github.com/Ya7o/Cyberwatch/blob/main/cyberwatch/watchlists.py,Entité ou alias territorial validé du référentiel Cyberwatch,Administration / Collectivité,0,1,,1
commune de saint andre,Mairie de Saint-André,Administration / Collectivité,AUTO,HIGH,manual_reference,manual_reference,enrichment_reference.csv,https://github.com/Ya7o/Cyberwatch/blob/main/cyberwatch/watchlists.py,Entité ou alias territorial validé du référentiel Cyberwatch,Administration / Collectivité,0,1,,1
commune de saint benoit,Mairie de Saint-Benoît,Administration / Collectivité,AUTO,HIGH,manual_reference,manual_reference,enrichment_reference.csv,https://github.com/Ya7o/Cyberwatch/blob/main/cyberwatch/watchlists.py,Entité ou alias territorial validé du référentiel Cyberwatch,Administration / Collectivité,0,1,,1
commune de saint denis,Mairie de Saint-Denis,Administration / Collectivité,AUTO,HIGH,manual_reference,manual_reference,enrichment_reference.csv,https://github.com/Ya7o/Cyberwatch/blob/main/cyberwatch/watchlists.py,Entité ou alias territorial validé du référentiel Cyberwatch,Administration / Collectivité,0,1,,1
commune de saint joseph,Mairie de Saint-Joseph,Administration / Collectivité,AUTO,HIGH,manual_reference,manual_reference,enrichment_reference.csv,https://github.com/Ya7o/Cyberwatch/blob/main/cyberwatch/watchlists.py,Entité ou alias territorial validé du référentiel Cyberwatch,Administration / Collectivité,0,1,,1
commune de saint leu,Mairie de Saint-Leu,Administration / Collectivité,AUTO,HIGH,manual_reference,manual_reference,enrichment_reference.csv,https://github.com/Ya7o/Cyberwatch/blob/main/cyberwatch/watchlists.py,Entité ou alias territorial validé du référentiel Cyberwatch,Administration / Collectivité,0,1,,1
commune de saint louis,Mairie de Saint-Louis,Administration / Collectivité,AUTO,HIGH,manual_reference,manual_reference,enrichment_reference.csv,https://github.com/Ya7o/Cyberwatch/blob/main/cyberwatch/watchlists.py,Entité ou alias territorial validé du référentiel Cyberwatch,Administration / Collectivité,0,1,,1
commune de saint paul,Mairie de Saint-Paul,Administration / Collectivité,AUTO,HIGH,manual_reference,manual_reference,enrichment_reference.csv,https://github.com/Ya7o/Cyberwatch/blob/main/cyberwatch/watchlists.py,Entité ou alias territorial validé du référentiel Cyberwatch,Administration / Collectivité,0,1,,1
commune de saint philippe,Mairie de Saint-Philippe,Administration / Collectivité,AUTO,HIGH,manual_reference,manual_reference,enrichment_reference.csv,https://github.com/Ya7o/Cyberwatch/blob/main/cyberwatch/watchlists.py,Entité ou alias territorial validé du référentiel Cyberwatch,Administration / Collectivité,0,1,,1
commune de saint pierre,Mairie de Saint-Pierre,Administration / Collectivité,AUTO,HIGH,manual_reference,manual_reference,enrichment_reference.csv,https://github.com/Ya7o/Cyberwatch/blob/main/cyberwatch/watchlists.py,Entité ou alias territorial validé du référentiel Cyberwatch,Administration / Collectivité,0,1,,1
commune de sainte marie,Mairie de Sainte-Marie,Administration / Collectivité,AUTO,HIGH,manual_reference,manual_reference,enrichment_reference.csv,https://github.com/Ya7o/Cyberwatch/blob/main/cyberwatch/watchlists.py,Entité ou alias territorial validé du référentiel Cyberwatch,Administration / Collectivité,0,1,,1
commune de sainte rose,Mairie de Sainte-Rose,Administration / Collectivité,AUTO,HIGH,manual_reference,manual_reference,enrichment_reference.csv,https://github.com/Ya7o/Cyberwatch/blob/main/cyberwatch/watchlists.py,Entité ou alias territorial validé du référentiel Cyberwatch,Administration / Collectivité,0,1,,1
commune de sainte suzanne,Mairie de Sainte-Suzanne,Administration / Collectivité,AUTO,HIGH,manual_reference,manual_reference,enrichment_reference.csv,https://github.com/Ya7o/Cyberwatch/blob/main/cyberwatch/watchlists.py,Entité ou alias territorial validé du référentiel Cyberwatch,Administration / Collectivité,0,1,,1
commune de salazie,Mairie de Salazie,Administration / Collectivité,AUTO,HIGH,manual_reference,manual_reference,enrichment_reference.csv,https://github.com/Ya7o/Cyberwatch/blob/main/cyberwatch/watchlists.py,Entité ou alias territorial validé du référentiel Cyberwatch,Administration / Collectivité,0,1,,1
commune de tsingoni,Mairie de Tsingoni,Administration / Collectivité,AUTO,HIGH,manual_reference,manual_reference,enrichment_reference.csv,https://github.com/Ya7o/Cyberwatch/blob/main/cyberwatch/watchlists.py,Entité ou alias territorial validé du référentiel Cyberwatch,Administration / Collectivité,0,1,,1
conseil departemental de la reunion,Département de La Réunion,Administration / Collectivité,AUTO,HIGH,manual_reference,manual_reference,enrichment_reference.csv,https://github.com/Ya7o/Cyberwatch/blob/main/cyberwatch/watchlists.py,Entité ou alias territorial validé du référentiel Cyberwatch,Administration / Collectivité,0,1,,1
conseil departemental de mayotte,Département de Mayotte,Administration / Collectivité,AUTO,HIGH,manual_reference,manual_reference,enrichment_reference.csv,https://github.com/Ya7o/Cyberwatch/blob/main/cyberwatch/watchlists.py,Entité ou alias territorial validé du référentiel Cyberwatch,Administration / Collectivité,0,1,,1
conseil regional de la reunion,Région Réunion,Administration / Collectivité,AUTO,HIGH,manual_reference,manual_reference,enrichment_reference.csv,https://github.com/Ya7o/Cyberwatch/blob/main/cyberwatch/watchlists.py,Entité ou alias territorial validé du référentiel Cyberwatch,Administration / Collectivité,0,1,,1
cssm,Caisse de Sécurité Sociale de Mayotte,Administration / Collectivité,AUTO,HIGH,manual_reference,manual_reference,enrichment_reference.csv,https://github.com/Ya7o/Cyberwatch/blob/main/cyberwatch/watchlists.py,Entité ou alias territorial validé du référentiel Cyberwatch,Administration / Collectivité,0,1,,1
cufr mayotte,Centre universitaire de Mayotte,Éducation / Formation,AUTO,HIGH,manual_reference,manual_reference,enrichment_reference.csv,https://github.com/Ya7o/Cyberwatch/blob/main/cyberwatch/watchlists.py,Entité ou alias territorial validé du référentiel Cyberwatch,Éducation / Formation,0,1,,1
departement de la reunion,Département de La Réunion,Administration / Collectivité,AUTO,HIGH,manual_reference,manual_reference,enrichment_reference.csv,https://github.com/Ya7o/Cyberwatch/blob/main/cyberwatch/watchlists.py,Entité ou alias territorial validé du référentiel Cyberwatch,Administration / Collectivité,0,1,,1
departement de mayotte,Département de Mayotte,Administration / Collectivité,AUTO,HIGH,manual_reference,manual_reference,enrichment_reference.csv,https://github.com/Ya7o/Cyberwatch/blob/main/cyberwatch/watchlists.py,Entité ou alias territorial validé du référentiel Cyberwatch,Administration / Collectivité,0,1,,1
dinum,Cloud de l’État,Administration / Collectivité,AUTO,HIGH,manual_reference,consensus_multi_source | manual_reference,CYBERATTAQUE_ORG | FRENCHBREACHES | enrichment_reference.csv,https://frenchbreaches.com/alertes/cloud-de-l-tat-cloud-numerique-gouv-fr-mt4685xhf4it99ffgkq | https://www.cyberattaque.org/dinum-31-544-lignes-liees-au-cloud-de-letat-en-fuite/ | https://www.numerique.gouv.fr/dinum/,Direction interministérielle du numérique : administration centrale de l’État,Administration / Collectivité,2,2,ITM-195fe630a65c2b14 | ITM-fe8f7805fe8b6b60,1
dipeeo,Dipeeo,Numérique / Technologie,REVIEW,,consensus_multi_source,consensus_multi_source,CYBERATTAQUE_ORG | FRENCHBREACHES,https://frenchbreaches.com/alertes/dipeeo-mt92blpt805eb19szgb | https://www.cyberattaque.org/dipeeo-les-donnees-rgpd-de-ses-clients-exposees-apres-une-cyberattaque/,"2 item(s) connu(s), 2 source(s), secteur Numérique / Technologie",Numérique / Technologie,2,1,ITM-76191ed87a8abd0f | ITM-b696d3d10d5e1dac,0
direction generale des finances publiques,Direction générale des Finances publiques,Administration / Collectivité,AUTO,HIGH,manual_reference,consensus_multi_source | manual_reference,BONJOURLAFUITE | CYBERATTAQUE_ORG | FRENCHBREACHES | enrichment_reference.csv,https://frenchbreaches.com/alertes/direction-g-n-rale-des-finances-publiques-dgfip-msq5rgy4cql9o0l7cus | https://frenchbreaches.com/alertes/direction-g-n-rale-des-finances-publiques-spdc-mssm0kklrsqu9rd3vd | https://www.cyberattaque.org/dgfip-2-cyberattaque-cadastre/ | https://www.cyberattaque.org/dgfip-cadastre-succession-vacantes-3eme-fuite-pour-bercy/ | https://www.economie.gouv.fr/dgfip | https://www.latribune.fr/article/tech/intelligence-artificielle/22783127765661/apres-deux-intrusions-le-fisc-reconnait-une-troisieme-fuite-de-donnees,Organisation notoire — administration publique nationale (DGFiP),Administration / Collectivité,3,2,ITM-1405c2be130d1ecd | ITM-46c96799cba619ff | ITM-94f3a30c48dc77ad | ITM-ab78e43de13dbffc | ITM-bfc6a693480fb347,1
dupouy associes,dupouy-associes,Services aux entreprises,REVIEW,,structured_source,structured_source,ransomware.live:sector,http://lockbitapt67g6rwzjbcxnww5efpg4qok6vpfeth7wx3okj52ks4wtad.onion/post/7c703831ffe8b0b9761a08710d0af29d,Professional Services,Services aux entreprises,1,1,ITM-a6ff0c2afd66ef04,0
easypara,Easypara,Commerce / Distribution,REVIEW,,consensus_multi_source,consensus_multi_source,BONJOURLAFUITE | CYBERATTAQUE_ORG | FRENCHBREACHES,https://bonjourlafuite.eu.org/img/easypara.png | https://frenchbreaches.com/alertes/easypara-mtejoktuc67v6di63t4 | https://www.cyberattaque.org/easypara-une-faille-metabase-chez-son-prestataire-expose-les-coordonnees-de-certains-clients/,"3 item(s) connu(s), 3 source(s), secteur Commerce / Distribution",Commerce / Distribution,3,1,ITM-743e01e20c07ce39 | ITM-c4c6d095612ff2f2 | ITM-fdbdd6afa926ce98,0
edf a la reunion,EDF Réunion,Énergie / Utilities,AUTO,HIGH,manual_reference,manual_reference,enrichment_reference.csv,https://github.com/Ya7o/Cyberwatch/blob/main/cyberwatch/watchlists.py,Entité ou alias territorial validé du référentiel Cyberwatch,Énergie / Utilities,0,1,,1
edf reunion,EDF Réunion,Énergie / Utilities,AUTO,HIGH,manual_reference,manual_reference,enrichment_reference.csv,https://github.com/Ya7o/Cyberwatch/blob/main/cyberwatch/watchlists.py,Entité ou alias territorial validé du référentiel Cyberwatch,Énergie / Utilities,0,1,,1
edm mayotte,Électricité de Mayotte,Énergie / Utilities,AUTO,HIGH,manual_reference,manual_reference,enrichment_reference.csv,https://github.com/Ya7o/Cyberwatch/blob/main/cyberwatch/watchlists.py,Entité ou alias territorial validé du référentiel Cyberwatch,Énergie / Utilities,0,1,,1
education nationale,Ministère de l'Éducation nationale,Administration / Collectivité,REVIEW,,consensus_multi_source,consensus_multi_source,BONJOURLAFUITE | CYBERATTAQUE_ORG | FRENCHBREACHES,https://frenchbreaches.com/alertes/minist-re-de-l-ducation-nationale-msxi5ti3ty651shezo | https://www.cyberattaque.org/education-nationale-zerobytes-cyberatatque/ | https://www.lesnumeriques.com/societe-numerique/l-education-nationale-se-fait-pirater-par-le-hackeur-des-impots-43-go-de-donnees-dans-la-nature-personnels-eleves-n260530.html,"3 item(s) connu(s), 3 source(s), secteur Administration / Collectivité",Administration / Collectivité,3,1,ITM-16b6aa02661200f5 | ITM-41b1800a129f39f5 | ITM-5a921aaebb3181e9,0
electricite de mayotte,Électricité de Mayotte,Énergie / Utilities,AUTO,HIGH,manual_reference,manual_reference,enrichment_reference.csv,https://github.com/Ya7o/Cyberwatch/blob/main/cyberwatch/watchlists.py,Entité ou alias territorial validé du référentiel Cyberwatch,Énergie / Utilities,0,1,,1
emil frey france,Emil Frey France,Commerce / Distribution,REVIEW,,consensus_multi_source,consensus_multi_source,CYBERATTAQUE_ORG | FRENCHBREACHES,https://frenchbreaches.com/alertes/emil-frey-france-mt92ee51kf5jca5u0vc | https://www.cyberattaque.org/emil-frey-france-une-fuite-de-donnees-expose-des-leads-et-des-collaborateurs/,"2 item(s) connu(s), 2 source(s), secteur Commerce / Distribution",Commerce / Distribution,2,1,ITM-7a1a656c8b1768b4 | ITM-e5f950b0daeb841d,0
eva gg,EVA.gg,Numérique / Technologie,REVIEW,,known_item_single,known_item_single,CYBERATTAQUE_ORG,https://www.cyberattaque.org/eva-gg-nantes-cyberattaque/,"1 item(s) connu(s), 1 source(s), secteur Numérique / Technologie",Numérique / Technologie,1,1,ITM-d9036779f1243d29,0
experts entreprendre,Experts Entreprendre,Services aux entreprises,REVIEW,,structured_source,consensus_multi_source | structured_source,CYBERATTAQUE_ORG | FRENCHBREACHES | RANSOMWARE_LIVE | ransomware.live:sector,http://everestndkvzcibcje2cqxhre2hmmybl3rn2gwzwsblz7gx6uryn5rad.onion/news/experts-entreprendre | https://frenchbreaches.com/alertes/experts-entreprendre-rw_Ulhod1pYSjBjeUJGYm5SeVpYQnlaVzVrY21WQVpYWmxjbVZ6ZEE9PQ | https://www.cyberattaque.org/experts-entreprendre-27-millions-de-fichiers-en-fuite-apres-une-cyberattaque/,Professional Services,Services aux entreprises,3,2,ITM-200c6238d27fcc07 | ITM-daafad699c7f4ba6 | ITM-f38727a182bac79c,0
freres toque,Frères Toque,Numérique / Technologie,AUTO,HIGH,registry_exact_naf,consensus_multi_source | registry_exact_naf,BONJOURLAFUITE | CYBERATTAQUE_ORG | FRENCHBREACHES | recherche-entreprises.api.gouv.fr,https://bonjourlafuite.eu.org/img/freres-toque.png | https://frenchbreaches.com/alertes/fr-res-toque-mtejkm4gb9g1viudmhf | https://recherche-entreprises.api.gouv.fr/search?q=810286062 | https://www.cyberattaque.org/freres-toque-donnees-clients-et-historiques-de-commandes-exposes-apres-une-cyberattaque/,Information et communication,Numérique / Technologie,3,2,ITM-041e36c542f6c37f | ITM-776a3c8116ba0604 | ITM-ec6ad7ad1bc83e4d,1
groupe bernard,Groupe Bernard,Commerce / Distribution,REVIEW,,consensus_multi_source,consensus_multi_source,CYBERATTAQUE_ORG | FRENCHBREACHES,https://frenchbreaches.com/alertes/groupe-bernard-blgcloud-mt7k8j5h05wkmuoyjbj | https://www.cyberattaque.org/groupe-bernard-2225-go-de-donnees-et-330-563-fichiers-publies-apres-une-cyberattaque/,"2 item(s) connu(s), 2 source(s), secteur Commerce / Distribution",Commerce / Distribution,2,1,ITM-15ebbb75170138f5 | ITM-3c23b8cb2c009f41,0
imapper tech,iMapper.tech,Numérique / Technologie,REVIEW,,known_item_single,known_item_single,FRENCHBREACHES,https://frenchbreaches.com/alertes/imapper-tech-mt4kafe3uah19xev08q,"1 item(s) connu(s), 1 source(s), secteur Numérique / Technologie",Numérique / Technologie,1,1,ITM-e64117a9f37a5e2a,0
intermarche,Intermarché,Commerce / Distribution,AUTO,HIGH,manual_reference,known_item_single | manual_reference,BONJOURLAFUITE | enrichment_reference.csv,https://bonjourlafuite.eu.org/img/intermarche.png | https://www.intermarche.com,Organisation notoire — enseigne de distribution nationale,Commerce / Distribution,1,2,ITM-e00f22ebb7f5ae56,1
jone precision,Jone Précision,Industrie / Manufacture,REVIEW,,structured_source,consensus_multi_source | structured_source,CYBERATTAQUE_ORG | RANSOMWARE_LIVE | ransomware.live:sector,http://ijzn3sicrcy7guixkzjkib4ukbiilwc3xhnmby4mcbccnsd7j2rekvqd.onion/site/blog?uuid=40c19069-fd91-4f43-846b-71806c93607a | https://www.cyberattaque.org/jone-precision-menace-ransomware-cyberattaque/,Manufacturing,Industrie / Manufacture,2,2,ITM-30b99ffa7476055b | ITM-c67b5d5ab01b9115,0
journaux,Journaux.fr,Commerce / Distribution,REVIEW,,consensus_multi_source,consensus_multi_source,CYBERATTAQUE_ORG | FRENCHBREACHES,https://frenchbreaches.com/alertes/journaux-fr-mtbj5s58u9984dymo3 | https://www.cyberattaque.org/journaux-fr-270-000-donnees-de-facturation-et-de-livraison-revendiquees-apres-une-fuite/,"2 item(s) connu(s), 2 source(s), secteur Commerce / Distribution",Commerce / Distribution,2,1,ITM-353fa3049ab9c987 | ITM-e6ed5eac90333526,0
kpark,KparK,Construction / BTP,REVIEW,,consensus_multi_source,consensus_multi_source,BONJOURLAFUITE | CYBERATTAQUE_ORG | FRENCHBREACHES,https://bonjourlafuite.eu.org/img/kpark.png | https://frenchbreaches.com/alertes/kpark-mszck35nr7j8i75741n | https://www.cyberattaque.org/kpark-ses-fichiers-de-prospection-touches-par-le-piratage-de-bloctel/,"3 item(s) connu(s), 3 source(s), secteur Construction / BTP",Construction / BTP,3,1,ITM-08fb14d5587521ab | ITM-247f4dff97444f33 | ITM-961d0a1917f09f88,0
la maison des travaux,La Maison Des Travaux,Commerce / Distribution,REVIEW,,structured_source,known_item_single | structured_source,RANSOMWARE_LIVE | ransomware.live:sector,http://ijzn3sicrcy7guixkzjkib4ukbiilwc3xhnmby4mcbccnsd7j2rekvqd.onion/site/blog?uuid=fcb05123-2685-418f-8dd5-4c29a26ce6cb,Retail & E-Commerce,Commerce / Distribution,1,2,ITM-ecf737579abef294,0
la ville de tarnos,La Ville de Tarnos,Administration / Collectivité,REVIEW,,known_item_single,known_item_single,FRENCHBREACHES,https://frenchbreaches.com/alertes/la-ville-de-tarnos-mtf0splyuy8ncg1qzd,"1 item(s) connu(s), 1 source(s), secteur Administration / Collectivité",Administration / Collectivité,1,1,ITM-6e2c2cd9e5c3ed70,0
lasante,LaSante.net,Santé,REVIEW,,consensus_multi_source,consensus_multi_source,CYBERATTAQUE_ORG | FRENCHBREACHES,https://frenchbreaches.com/alertes/lasante-net-mspekqmo3e0n0l1rsbe | https://www.cyberattaque.org/lasante-net-noms-adresses-et-e-mails-de-clients-consultes-apres-une-cyberattaque/,"2 item(s) connu(s), 2 source(s), secteur Santé",Santé,2,1,ITM-176d6d6164dfd493 | ITM-89230a8f51b8c522,0
lcommerce,LCommerce,Commerce / Distribution,AUTO,HIGH,registry_exact_naf,known_item_single | registry_exact_naf,BONJOURLAFUITE | recherche-entreprises.api.gouv.fr,https://bonjourlafuite.eu.org/img/lcommerce.png | https://recherche-entreprises.api.gouv.fr/search?q=882736077,Commerce ; réparation d'automobiles et de motocycles,Commerce / Distribution,1,2,ITM-e91886c964872bf8,1
le mans fc,Le Mans FC,Sport,REVIEW,,consensus_multi_source,consensus_multi_source,CYBERATTAQUE_ORG | FRENCHBREACHES,https://frenchbreaches.com/alertes/le-mans-fc-msm10s9d7aa7x3v9wvi | https://www.cyberattaque.org/le-mans-fc-une-base-de-2-481-enregistrements-diffusee-apres-une-fuite-de-donnees/,"2 item(s) connu(s), 2 source(s), secteur Sport",Sport,2,1,ITM-a9e391cbc4f07068 | ITM-e83033755daac537,0
lingor,Lingor,Commerce / Distribution,REVIEW,,consensus_multi_source,consensus_multi_source,CYBERATTAQUE_ORG | FRENCHBREACHES,https://frenchbreaches.com/alertes/lingor-mtcnn1mg1ipiqk7j53o | https://www.cyberattaque.org/lingor-des-donnees-sensibles-de-clients-potentiellement-exposees-apres-une-cyberattaque/,"2 item(s) connu(s), 2 source(s), secteur Commerce / Distribution",Commerce / Distribution,2,1,ITM-050f3ab72fc2e7e3 | ITM-ed7e34492c1a1059,0
mairie de acoua,Mairie de Acoua,Administration / Collectivité,AUTO,HIGH,manual_reference,manual_reference,enrichment_reference.csv,https://github.com/Ya7o/Cyberwatch/blob/main/cyberwatch/watchlists.py,Entité ou alias territorial validé du référentiel Cyberwatch,Administration / Collectivité,0,1,,1
mairie de bandraboua,Mairie de Bandraboua,Administration / Collectivité,AUTO,HIGH,manual_reference,manual_reference,enrichment_reference.csv,https://github.com/Ya7o/Cyberwatch/blob/main/cyberwatch/watchlists.py,Entité ou alias territorial validé du référentiel Cyberwatch,Administration / Collectivité,0,1,,1
mairie de bandrele,Mairie de Bandrélé,Administration / Collectivité,AUTO,HIGH,manual_reference,manual_reference,enrichment_reference.csv,https://github.com/Ya7o/Cyberwatch/blob/main/cyberwatch/watchlists.py,Entité ou alias territorial validé du référentiel Cyberwatch,Administration / Collectivité,0,1,,1
mairie de boueni,Mairie de Bouéni,Administration / Collectivité,AUTO,HIGH,manual_reference,manual_reference,enrichment_reference.csv,https://github.com/Ya7o/Cyberwatch/blob/main/cyberwatch/watchlists.py,Entité ou alias territorial validé du référentiel Cyberwatch,Administration / Collectivité,0,1,,1
mairie de bras panon,Mairie de Bras-Panon,Administration / Collectivité,AUTO,HIGH,manual_reference,manual_reference,enrichment_reference.csv,https://github.com/Ya7o/Cyberwatch/blob/main/cyberwatch/watchlists.py,Entité ou alias territorial validé du référentiel Cyberwatch,Administration / Collectivité,0,1,,1
mairie de chiconi,Mairie de Chiconi,Administration / Collectivité,AUTO,HIGH,manual_reference,manual_reference,enrichment_reference.csv,https://github.com/Ya7o/Cyberwatch/blob/main/cyberwatch/watchlists.py,Entité ou alias territorial validé du référentiel Cyberwatch,Administration / Collectivité,0,1,,1
mairie de chirongui,Mairie de Chirongui,Administration / Collectivité,AUTO,HIGH,manual_reference,manual_reference,enrichment_reference.csv,https://github.com/Ya7o/Cyberwatch/blob/main/cyberwatch/watchlists.py,Entité ou alias territorial validé du référentiel Cyberwatch,Administration / Collectivité,0,1,,1
mairie de cilaos,Mairie de Cilaos,Administration / Collectivité,AUTO,HIGH,manual_reference,manual_reference,enrichment_reference.csv,https://github.com/Ya7o/Cyberwatch/blob/main/cyberwatch/watchlists.py,Entité ou alias territorial validé du référentiel Cyberwatch,Administration / Collectivité,0,1,,1
mairie de dembeni,Mairie de Dembéni,Administration / Collectivité,AUTO,HIGH,manual_reference,manual_reference,enrichment_reference.csv,https://github.com/Ya7o/Cyberwatch/blob/main/cyberwatch/watchlists.py,Entité ou alias territorial validé du référentiel Cyberwatch,Administration / Collectivité,0,1,,1
mairie de dzaoudzi labattoir,Mairie de Dzaoudzi-Labattoir,Administration / Collectivité,AUTO,HIGH,manual_reference,manual_reference,enrichment_reference.csv,https://github.com/Ya7o/Cyberwatch/blob/main/cyberwatch/watchlists.py,Entité ou alias territorial validé du référentiel Cyberwatch,Administration / Collectivité,0,1,,1
mairie de entre deux,Mairie de Entre-Deux,Administration / Collectivité,AUTO,HIGH,manual_reference,manual_reference,enrichment_reference.csv,https://github.com/Ya7o/Cyberwatch/blob/main/cyberwatch/watchlists.py,Entité ou alias territorial validé du référentiel Cyberwatch,Administration / Collectivité,0,1,,1
mairie de kani keli,Mairie de Kani-Kéli,Administration / Collectivité,AUTO,HIGH,manual_reference,manual_reference,enrichment_reference.csv,https://github.com/Ya7o/Cyberwatch/blob/main/cyberwatch/watchlists.py,Entité ou alias territorial validé du référentiel Cyberwatch,Administration / Collectivité,0,1,,1
mairie de koungou,Mairie de Koungou,Administration / Collectivité,AUTO,HIGH,manual_reference,manual_reference,enrichment_reference.csv,https://github.com/Ya7o/Cyberwatch/blob/main/cyberwatch/watchlists.py,Entité ou alias territorial validé du référentiel Cyberwatch,Administration / Collectivité,0,1,,1
mairie de l etang sale,Mairie de L'Étang-Salé,Administration / Collectivité,AUTO,HIGH,manual_reference,manual_reference,enrichment_reference.csv,https://github.com/Ya7o/Cyberwatch/blob/main/cyberwatch/watchlists.py,Entité ou alias territorial validé du référentiel Cyberwatch,Administration / Collectivité,0,1,,1
mairie de la plaine des palmistes,Mairie de La Plaine-des-Palmistes,Administration / Collectivité,AUTO,HIGH,manual_reference,manual_reference,enrichment_reference.csv,https://github.com/Ya7o/Cyberwatch/blob/main/cyberwatch/watchlists.py,Entité ou alias territorial validé du référentiel Cyberwatch,Administration / Collectivité,0,1,,1
mairie de la possession,Mairie de La Possession,Administration / Collectivité,AUTO,HIGH,manual_reference,manual_reference,enrichment_reference.csv,https://github.com/Ya7o/Cyberwatch/blob/main/cyberwatch/watchlists.py,Entité ou alias territorial validé du référentiel Cyberwatch,Administration / Collectivité,0,1,,1
mairie de le port,Mairie de Le Port,Administration / Collectivité,AUTO,HIGH,manual_reference,manual_reference,enrichment_reference.csv,https://github.com/Ya7o/Cyberwatch/blob/main/cyberwatch/watchlists.py,Entité ou alias territorial validé du référentiel Cyberwatch,Administration / Collectivité,0,1,,1
mairie de le tampon,Mairie de Le Tampon,Administration / Collectivité,AUTO,HIGH,manual_reference,manual_reference,enrichment_reference.csv,https://github.com/Ya7o/Cyberwatch/blob/main/cyberwatch/watchlists.py,Entité ou alias territorial validé du référentiel Cyberwatch,Administration / Collectivité,0,1,,1
mairie de les avirons,Mairie de Les Avirons,Administration / Collectivité,AUTO,HIGH,manual_reference,manual_reference,enrichment_reference.csv,https://github.com/Ya7o/Cyberwatch/blob/main/cyberwatch/watchlists.py,Entité ou alias territorial validé du référentiel Cyberwatch,Administration / Collectivité,0,1,,1
mairie de les trois bassins,Mairie de Les Trois-Bassins,Administration / Collectivité,AUTO,HIGH,manual_reference,manual_reference,enrichment_reference.csv,https://github.com/Ya7o/Cyberwatch/blob/main/cyberwatch/watchlists.py,Entité ou alias territorial validé du référentiel Cyberwatch,Administration / Collectivité,0,1,,1
mairie de m tsamboro,Mairie de M'Tsamboro,Administration / Collectivité,AUTO,HIGH,manual_reference,manual_reference,enrichment_reference.csv,https://github.com/Ya7o/Cyberwatch/blob/main/cyberwatch/watchlists.py,Entité ou alias territorial validé du référentiel Cyberwatch,Administration / Collectivité,0,1,,1
mairie de m tsangamouji,Mairie de M'Tsangamouji,Administration / Collectivité,AUTO,HIGH,manual_reference,manual_reference,enrichment_reference.csv,https://github.com/Ya7o/Cyberwatch/blob/main/cyberwatch/watchlists.py,Entité ou alias territorial validé du référentiel Cyberwatch,Administration / Collectivité,0,1,,1
mairie de mamoudzou,Mairie de Mamoudzou,Administration / Collectivité,AUTO,HIGH,manual_reference,manual_reference,enrichment_reference.csv,https://github.com/Ya7o/Cyberwatch/blob/main/cyberwatch/watchlists.py,Entité ou alias territorial validé du référentiel Cyberwatch,Administration / Collectivité,0,1,,1
mairie de ouangani,Mairie de Ouangani,Administration / Collectivité,AUTO,HIGH,manual_reference,manual_reference,enrichment_reference.csv,https://github.com/Ya7o/Cyberwatch/blob/main/cyberwatch/watchlists.py,Entité ou alias territorial validé du référentiel Cyberwatch,Administration / Collectivité,0,1,,1
mairie de pamandzi,Mairie de Pamandzi,Administration / Collectivité,AUTO,HIGH,manual_reference,manual_reference,enrichment_reference.csv,https://github.com/Ya7o/Cyberwatch/blob/main/cyberwatch/watchlists.py,Entité ou alias territorial validé du référentiel Cyberwatch,Administration / Collectivité,0,1,,1
mairie de petite ile,Mairie de Petite-Île,Administration / Collectivité,AUTO,HIGH,manual_reference,manual_reference,enrichment_reference.csv,https://github.com/Ya7o/Cyberwatch/blob/main/cyberwatch/watchlists.py,Entité ou alias territorial validé du référentiel Cyberwatch,Administration / Collectivité,0,1,,1
mairie de sada,Mairie de Sada,Administration / Collectivité,AUTO,HIGH,manual_reference,manual_reference,enrichment_reference.csv,https://github.com/Ya7o/Cyberwatch/blob/main/cyberwatch/watchlists.py,Entité ou alias territorial validé du référentiel Cyberwatch,Administration / Collectivité,0,1,,1
mairie de saint andre,Mairie de Saint-André,Administration / Collectivité,AUTO,HIGH,manual_reference,manual_reference,enrichment_reference.csv,https://github.com/Ya7o/Cyberwatch/blob/main/cyberwatch/watchlists.py,Entité ou alias territorial validé du référentiel Cyberwatch,Administration / Collectivité,0,1,,1
mairie de saint benoit,Mairie de Saint-Benoît,Administration / Collectivité,AUTO,HIGH,manual_reference,manual_reference,enrichment_reference.csv,https://github.com/Ya7o/Cyberwatch/blob/main/cyberwatch/watchlists.py,Entité ou alias territorial validé du référentiel Cyberwatch,Administration / Collectivité,0,1,,1
mairie de saint denis,Mairie de Saint-Denis,Administration / Collectivité,AUTO,HIGH,manual_reference,manual_reference,enrichment_reference.csv,https://github.com/Ya7o/Cyberwatch/blob/main/cyberwatch/watchlists.py,Entité ou alias territorial validé du référentiel Cyberwatch,Administration / Collectivité,0,1,,1
mairie de saint joseph,Mairie de Saint-Joseph,Administration / Collectivité,AUTO,HIGH,manual_reference,manual_reference,enrichment_reference.csv,https://github.com/Ya7o/Cyberwatch/blob/main/cyberwatch/watchlists.py,Entité ou alias territorial validé du référentiel Cyberwatch,Administration / Collectivité,0,1,,1
mairie de saint leu,Mairie de Saint-Leu,Administration / Collectivité,AUTO,HIGH,manual_reference,manual_reference,enrichment_reference.csv,https://github.com/Ya7o/Cyberwatch/blob/main/cyberwatch/watchlists.py,Entité ou alias territorial validé du référentiel Cyberwatch,Administration / Collectivité,0,1,,1
mairie de saint louis,Mairie de Saint-Louis,Administration / Collectivité,AUTO,HIGH,manual_reference,manual_reference,enrichment_reference.csv,https://github.com/Ya7o/Cyberwatch/blob/main/cyberwatch/watchlists.py,Entité ou alias territorial validé du référentiel Cyberwatch,Administration / Collectivité,0,1,,1
mairie de saint paul,Mairie de Saint-Paul,Administration / Collectivité,AUTO,HIGH,manual_reference,manual_reference,enrichment_reference.csv,https://github.com/Ya7o/Cyberwatch/blob/main/cyberwatch/watchlists.py,Entité ou alias territorial validé du référentiel Cyberwatch,Administration / Collectivité,0,1,,1
mairie de saint philippe,Mairie de Saint-Philippe,Administration / Collectivité,AUTO,HIGH,manual_reference,manual_reference,enrichment_reference.csv,https://github.com/Ya7o/Cyberwatch/blob/main/cyberwatch/watchlists.py,Entité ou alias territorial validé du référentiel Cyberwatch,Administration / Collectivité,0,1,,1
mairie de saint pierre,Mairie de Saint-Pierre,Administration / Collectivité,AUTO,HIGH,manual_reference,manual_reference,enrichment_reference.csv,https://github.com/Ya7o/Cyberwatch/blob/main/cyberwatch/watchlists.py,Entité ou alias territorial validé du référentiel Cyberwatch,Administration / Collectivité,0,1,,1
mairie de sainte marie,Mairie de Sainte-Marie,Administration / Collectivité,AUTO,HIGH,manual_reference,manual_reference,enrichment_reference.csv,https://github.com/Ya7o/Cyberwatch/blob/main/cyberwatch/watchlists.py,Entité ou alias territorial validé du référentiel Cyberwatch,Administration / Collectivité,0,1,,1
mairie de sainte rose,Mairie de Sainte-Rose,Administration / Collectivité,AUTO,HIGH,manual_reference,manual_reference,enrichment_reference.csv,https://github.com/Ya7o/Cyberwatch/blob/main/cyberwatch/watchlists.py,Entité ou alias territorial validé du référentiel Cyberwatch,Administration / Collectivité,0,1,,1
mairie de sainte suzanne,Mairie de Sainte-Suzanne,Administration / Collectivité,AUTO,HIGH,manual_reference,manual_reference,enrichment_reference.csv,https://github.com/Ya7o/Cyberwatch/blob/main/cyberwatch/watchlists.py,Entité ou alias territorial validé du référentiel Cyberwatch,Administration / Collectivité,0,1,,1
mairie de salazie,Mairie de Salazie,Administration / Collectivité,AUTO,HIGH,manual_reference,manual_reference,enrichment_reference.csv,https://github.com/Ya7o/Cyberwatch/blob/main/cyberwatch/watchlists.py,Entité ou alias territorial validé du référentiel Cyberwatch,Administration / Collectivité,0,1,,1
mairie de sixt sur aff,Mairie de Sixt-sur-Aff,Administration / Collectivité,REVIEW,,known_item_single,known_item_single,FRENCHBREACHES,https://frenchbreaches.com/alertes/mairie-de-sixt-sur-aff-msmii0ydaxb7f5pq82k,"1 item(s) connu(s), 1 source(s), secteur Administration / Collectivité",Administration / Collectivité,1,1,ITM-c4b4c011082dd04b,0
mairie de tsingoni,Mairie de Tsingoni,Administration / Collectivité,AUTO,HIGH,manual_reference,manual_reference,enrichment_reference.csv,https://github.com/Ya7o/Cyberwatch/blob/main/cyberwatch/watchlists.py,Entité ou alias territorial validé du référentiel Cyberwatch,Administration / Collectivité,0,1,,1
mayotte telecom,Mayotte Telecom,Numérique / Technologie,AUTO,HIGH,manual_reference,manual_reference,enrichment_reference.csv,https://github.com/Ya7o/Cyberwatch/blob/main/cyberwatch/watchlists.py,Entité ou alias territorial validé du référentiel Cyberwatch,Numérique / Technologie,0,1,,1
minea,Minea,Numérique / Technologie,REVIEW,,consensus_multi_source,consensus_multi_source,CYBERATTAQUE_ORG | FRENCHBREACHES,https://frenchbreaches.com/alertes/minea-mtdex0abbtr1kt0c8gd | https://www.cyberattaque.org/minea-533-000-profils-et-816-millions-dactivites-exposes-dans-une-fuite-massive/,"2 item(s) connu(s), 2 source(s), secteur Numérique / Technologie",Numérique / Technologie,2,1,ITM-1219cba905b728f5 | ITM-2dabd2e0f9227fb6,0
mistertemp group,Mistertemp' group,Services aux entreprises,REVIEW,,consensus_multi_source,consensus_multi_source,CYBERATTAQUE_ORG | FRENCHBREACHES,https://frenchbreaches.com/alertes/mistertemp-group-mtbjjqahg9jzou0akq4 | https://www.cyberattaque.org/mistertemp-group-pirate-une-fuite-de-donnees-touche-le-groupe-derriere-aquila-rh-lynx-rh-et-vitalis-medical/,"2 item(s) connu(s), 2 source(s), secteur Services aux entreprises",Services aux entreprises,2,1,ITM-ac55f641f3ce060d | ITM-f0c60651faea6f72,0
netim,NETIM COMPANY,Numérique / Technologie,REVIEW,,structured_source,consensus_multi_source | structured_source,CYBERATTAQUE_ORG | FRENCHBREACHES | RANSOMWARE_LIVE | ransomware.live:sector,https://frenchbreaches.com/alertes/netim-company-mt60oa0h3iof98zmci3 | https://netim.com | https://www.cyberattaque.org/netim-code-source-cyberattaque-ransomware/,Technology,Numérique / Technologie,3,2,ITM-013c10551a007865 | ITM-09aba9c6a6aba1bd | ITM-b2df95e1f1121284,0
orange mayotte,Orange Mayotte,Numérique / Technologie,AUTO,HIGH,manual_reference,manual_reference,enrichment_reference.csv,https://github.com/Ya7o/Cyberwatch/blob/main/cyberwatch/watchlists.py,Entité ou alias territorial validé du référentiel Cyberwatch,Numérique / Technologie,0,1,,1
orange reunion,Orange Réunion,Numérique / Technologie,AUTO,HIGH,manual_reference,manual_reference,enrichment_reference.csv,https://github.com/Ya7o/Cyberwatch/blob/main/cyberwatch/watchlists.py,Entité ou alias territorial validé du référentiel Cyberwatch,Numérique / Technologie,0,1,,1
oteis conseil ingenierie,OTEIS Conseil & Ingénierie,Services aux entreprises,REVIEW,,structured_source,known_item_single | structured_source,RANSOMWARE_LIVE | ransomware.live:sector,http://fjg4zi4opkxkvdz7mvwp7h6goe4tcby3hhkrz43pht4j3vakhy75znyd.onion/companies/oteis,Professional Services,Services aux entreprises,1,2,ITM-a0989ea795d2e0fb,0
philippe hottinguer finance,Philippe Hottinguer Finance,Finance / Assurance,REVIEW,,structured_source,consensus_multi_source | structured_source,CYBERATTAQUE_ORG | RANSOMWARE_LIVE | ransomware.live:sector,http://ijzn3sicrcy7guixkzjkib4ukbiilwc3xhnmby4mcbccnsd7j2rekvqd.onion/site/blog?uuid=576ca72f-43d1-4fa7-83e2-78db0524ab3f | https://www.cyberattaque.org/philippe-hottinguer-finance-cible-par-le-ransomware-qilin/,Financial Services,Finance / Assurance,2,2,ITM-08ef3509bc450700 | ITM-a80915894e379c2e,0
port de longoni,Port de Longoni,Transport / Logistique,AUTO,HIGH,manual_reference,manual_reference,enrichment_reference.csv,https://github.com/Ya7o/Cyberwatch/blob/main/cyberwatch/watchlists.py,Entité ou alias territorial validé du référentiel Cyberwatch,Transport / Logistique,0,1,,1
port reunion,Grand Port Maritime de La Réunion,Transport / Logistique,AUTO,HIGH,manual_reference,manual_reference,enrichment_reference.csv,https://github.com/Ya7o/Cyberwatch/blob/main/cyberwatch/watchlists.py,Entité ou alias territorial validé du référentiel Cyberwatch,Transport / Logistique,0,1,,1
prefecture de la reunion,Préfecture de La Réunion,Administration / Collectivité,AUTO,HIGH,manual_reference,manual_reference,enrichment_reference.csv,https://github.com/Ya7o/Cyberwatch/blob/main/cyberwatch/watchlists.py,Entité ou alias territorial validé du référentiel Cyberwatch,Administration / Collectivité,0,1,,1
prefecture de mayotte,Préfecture de Mayotte,Administration / Collectivité,AUTO,HIGH,manual_reference,manual_reference,enrichment_reference.csv,https://github.com/Ya7o/Cyberwatch/blob/main/cyberwatch/watchlists.py,Entité ou alias territorial validé du référentiel Cyberwatch,Administration / Collectivité,0,1,,1
qare,Qare,Santé,REVIEW,,known_item_single,known_item_single,CYBERATTAQUE_ORG,https://www.cyberattaque.org/qare-une-intrusion-inquietante-signalee-par-un-hacker-des-photos-denfants-exposees/,"1 item(s) connu(s), 1 source(s), secteur Santé",Santé,1,1,ITM-dbaa1b5710c8ec69,0
rectorat de la reunion,Rectorat de La Réunion,Éducation / Formation,AUTO,HIGH,manual_reference,manual_reference,enrichment_reference.csv,https://github.com/Ya7o/Cyberwatch/blob/main/cyberwatch/watchlists.py,Entité ou alias territorial validé du référentiel Cyberwatch,Éducation / Formation,0,1,,1
rectorat de mayotte,Rectorat de Mayotte,Éducation / Formation,AUTO,HIGH,manual_reference,manual_reference,enrichment_reference.csv,https://github.com/Ya7o/Cyberwatch/blob/main/cyberwatch/watchlists.py,Entité ou alias territorial validé du référentiel Cyberwatch,Éducation / Formation,0,1,,1
region reunion,Région Réunion,Administration / Collectivité,AUTO,HIGH,manual_reference,manual_reference,enrichment_reference.csv,https://github.com/Ya7o/Cyberwatch/blob/main/cyberwatch/watchlists.py,Entité ou alias territorial validé du référentiel Cyberwatch,Administration / Collectivité,0,1,,1
runeo,Runéo,Énergie / Utilities,AUTO,HIGH,manual_reference,manual_reference,enrichment_reference.csv,https://github.com/Ya7o/Cyberwatch/blob/main/cyberwatch/watchlists.py,Entité ou alias territorial validé du référentiel Cyberwatch,Énergie / Utilities,0,1,,1
sdis de l essonne,SDIS de l’Essonne,Administration / Collectivité,REVIEW,,known_item_single,known_item_single,FRENCHBREACHES,https://frenchbreaches.com/alertes/sdis-de-l-essonne-mtezzdc6zwkkibexpe8,"1 item(s) connu(s), 1 source(s), secteur Administration / Collectivité",Administration / Collectivité,1,1,ITM-75d5a18e7852e12d,0
sdis de la moselle,SDIS de la Moselle,Administration / Collectivité,REVIEW,,known_item_single,known_item_single,FRENCHBREACHES,https://frenchbreaches.com/alertes/sdis-de-la-moselle-mtezsxcrwb76ft4xd69,"1 item(s) connu(s), 1 source(s), secteur Administration / Collectivité",Administration / Collectivité,1,1,ITM-ac58cd9639615c55,0
sdis de la somme,SDIS de la Somme,Administration / Collectivité,REVIEW,,known_item_single,known_item_single,FRENCHBREACHES,https://frenchbreaches.com/alertes/sdis-de-la-somme-mtezxlwpehjyx3v67q7,"1 item(s) connu(s), 1 source(s), secteur Administration / Collectivité",Administration / Collectivité,1,1,ITM-129989f0c862b9cd,0
sdis des bouches du rhone,SDIS des Bouches-du-Rhône,Administration / Collectivité,REVIEW,,known_item_single,known_item_single,FRENCHBREACHES,https://frenchbreaches.com/alertes/sdis-des-bouches-du-rh-ne-mtez1nua8138brrfb7i,"1 item(s) connu(s), 1 source(s), secteur Administration / Collectivité",Administration / Collectivité,1,1,ITM-7660a36ebd2eaa57,0
sdis des vosges,SDIS des Vosges,Administration / Collectivité,REVIEW,,known_item_single,known_item_single,FRENCHBREACHES,https://frenchbreaches.com/alertes/sdis-des-vosges-mtezvi2a2rg01mrtvrp,"1 item(s) connu(s), 1 source(s), secteur Administration / Collectivité",Administration / Collectivité,1,1,ITM-7a51bf1a54f771d3,0
sdis du bas rhin,SDIS du Bas-Rhin,Administration / Collectivité,REVIEW,,known_item_single,known_item_single,FRENCHBREACHES,https://frenchbreaches.com/alertes/sdis-du-bas-rhin-mtezqd7tc7tk1exr3is,"1 item(s) connu(s), 1 source(s), secteur Administration / Collectivité",Administration / Collectivité,1,1,ITM-d776be6f7bde12f9,0
sdis du gard,SDIS du Gard,Administration / Collectivité,REVIEW,,known_item_single,known_item_single,FRENCHBREACHES,https://frenchbreaches.com/alertes/sdis-du-gard-mteyy43opeesk6j4mr,"1 item(s) connu(s), 1 source(s), secteur Administration / Collectivité",Administration / Collectivité,1,1,ITM-608546810aba3569,0
sfr mayotte,SFR Mayotte,Numérique / Technologie,AUTO,HIGH,manual_reference,manual_reference,enrichment_reference.csv,https://github.com/Ya7o/Cyberwatch/blob/main/cyberwatch/watchlists.py,Entité ou alias territorial validé du référentiel Cyberwatch,Numérique / Technologie,0,1,,1
sfr reunion,SFR Réunion,Numérique / Technologie,AUTO,HIGH,manual_reference,manual_reference,enrichment_reference.csv,https://github.com/Ya7o/Cyberwatch/blob/main/cyberwatch/watchlists.py,Entité ou alias territorial validé du référentiel Cyberwatch,Numérique / Technologie,0,1,,1
smae mayotte,SMAE Mayotte,Énergie / Utilities,AUTO,HIGH,manual_reference,manual_reference,enrichment_reference.csv,https://github.com/Ya7o/Cyberwatch/blob/main/cyberwatch/watchlists.py,Entité ou alias territorial validé du référentiel Cyberwatch,Énergie / Utilities,0,1,,1
societe mahoraise des eaux,SMAE Mayotte,Énergie / Utilities,AUTO,HIGH,manual_reference,manual_reference,enrichment_reference.csv,https://github.com/Ya7o/Cyberwatch/blob/main/cyberwatch/watchlists.py,Entité ou alias territorial validé du référentiel Cyberwatch,Énergie / Utilities,0,1,,1
son video,SON VIDEO,Commerce / Distribution,REVIEW,,structured_source,consensus_multi_source | structured_source,CYBERATTAQUE_ORG | RANSOMWARE_LIVE | ransomware.live:sector,http://lthicpjqc7gkn5eq3epxndc2uig3yngvcbdya4u3m3byjod5km4yuwqd.onion/#post/blog-4 | https://www.cyberattaque.org/son-video-com-frappe-une-nouvelle-fois-par-une-cyberattaque-10-382-fichiers-internes-publies/,Retail & E-Commerce,Commerce / Distribution,2,2,ITM-138924ed9143382e | ITM-9371d05789705127,0
spearfin ltd,SpearFin Ltd,Finance / Assurance,REVIEW,,structured_source,known_item_single | structured_source,RANSOMWARE_LIVE | ransomware.live:sector,http://incblog6qu4y4mm4zvw5nrmue6qbwtgjsxpw6b7ixzssu36tsajldoad.onion/blog/disclosures/6a84277a9cd108bf265a45d9,Financial Services,Finance / Assurance,1,2,ITM-705dad067669f909,0
tarnos,Tarnos,Administration / Collectivité,REVIEW,,known_item_single,known_item_single,CYBERATTAQUE_ORG,https://www.cyberattaque.org/mairie-tarnos-rancon-cyberattaque/,"1 item(s) connu(s), 1 source(s), secteur Administration / Collectivité",Administration / Collectivité,1,1,ITM-2d8408666ad4a2ab,0
timetonic,TimeTonic,Numérique / Technologie,REVIEW,,consensus_multi_source,consensus_multi_source,CYBERATTAQUE_ORG | FRENCHBREACHES,https://frenchbreaches.com/alertes/timetonic-mt922eg42yopbt0z9va | https://www.cyberattaque.org/timetonic-3-bases-de-donnees-exposees-apres-une-cyberattaque/,"2 item(s) connu(s), 2 source(s), secteur Numérique / Technologie",Numérique / Technologie,2,1,ITM-0b9b9760f81af7c2 | ITM-9d9815a5f2d59dfb,0
ultra premium direct,Ultra Premium Direct,Agriculture / Agroalimentaire,REVIEW,,consensus_multi_source,consensus_multi_source,BONJOURLAFUITE | CYBERATTAQUE_ORG | FRENCHBREACHES,https://bonjourlafuite.eu.org/img/ultra-premium-direct.png | https://frenchbreaches.com/alertes/ultra-premium-direct-mtckovbzd1f2t3n126h | https://www.cyberattaque.org/ultra-premium-direct-les-donnees-clients-extraites-apres-le-piratage-dun-prestataire/,"3 item(s) connu(s), 3 source(s), secteur Agriculture / Agroalimentaire",Agriculture / Agroalimentaire,3,1,ITM-389a991087b537a5 | ITM-3f5734177fbfab1f | ITM-548df1d58425f71a,0
universite de la reunion,Université de La Réunion,Éducation / Formation,AUTO,HIGH,manual_reference,manual_reference,enrichment_reference.csv,https://github.com/Ya7o/Cyberwatch/blob/main/cyberwatch/watchlists.py,Entité ou alias territorial validé du référentiel Cyberwatch,Éducation / Formation,0,1,,1
ville de acoua,Mairie de Acoua,Administration / Collectivité,AUTO,HIGH,manual_reference,manual_reference,enrichment_reference.csv,https://github.com/Ya7o/Cyberwatch/blob/main/cyberwatch/watchlists.py,Entité ou alias territorial validé du référentiel Cyberwatch,Administration / Collectivité,0,1,,1
ville de bandraboua,Mairie de Bandraboua,Administration / Collectivité,AUTO,HIGH,manual_reference,manual_reference,enrichment_reference.csv,https://github.com/Ya7o/Cyberwatch/blob/main/cyberwatch/watchlists.py,Entité ou alias territorial validé du référentiel Cyberwatch,Administration / Collectivité,0,1,,1
ville de bandrele,Mairie de Bandrélé,Administration / Collectivité,AUTO,HIGH,manual_reference,manual_reference,enrichment_reference.csv,https://github.com/Ya7o/Cyberwatch/blob/main/cyberwatch/watchlists.py,Entité ou alias territorial validé du référentiel Cyberwatch,Administration / Collectivité,0,1,,1
ville de boueni,Mairie de Bouéni,Administration / Collectivité,AUTO,HIGH,manual_reference,manual_reference,enrichment_reference.csv,https://github.com/Ya7o/Cyberwatch/blob/main/cyberwatch/watchlists.py,Entité ou alias territorial validé du référentiel Cyberwatch,Administration / Collectivité,0,1,,1
ville de bras panon,Mairie de Bras-Panon,Administration / Collectivité,AUTO,HIGH,manual_reference,manual_reference,enrichment_reference.csv,https://github.com/Ya7o/Cyberwatch/blob/main/cyberwatch/watchlists.py,Entité ou alias territorial validé du référentiel Cyberwatch,Administration / Collectivité,0,1,,1
ville de chiconi,Mairie de Chiconi,Administration / Collectivité,AUTO,HIGH,manual_reference,manual_reference,enrichment_reference.csv,https://github.com/Ya7o/Cyberwatch/blob/main/cyberwatch/watchlists.py,Entité ou alias territorial validé du référentiel Cyberwatch,Administration / Collectivité,0,1,,1
ville de chirongui,Mairie de Chirongui,Administration / Collectivité,AUTO,HIGH,manual_reference,manual_reference,enrichment_reference.csv,https://github.com/Ya7o/Cyberwatch/blob/main/cyberwatch/watchlists.py,Entité ou alias territorial validé du référentiel Cyberwatch,Administration / Collectivité,0,1,,1
ville de cilaos,Mairie de Cilaos,Administration / Collectivité,AUTO,HIGH,manual_reference,manual_reference,enrichment_reference.csv,https://github.com/Ya7o/Cyberwatch/blob/main/cyberwatch/watchlists.py,Entité ou alias territorial validé du référentiel Cyberwatch,Administration / Collectivité,0,1,,1
ville de dembeni,Mairie de Dembéni,Administration / Collectivité,AUTO,HIGH,manual_reference,manual_reference,enrichment_reference.csv,https://github.com/Ya7o/Cyberwatch/blob/main/cyberwatch/watchlists.py,Entité ou alias territorial validé du référentiel Cyberwatch,Administration / Collectivité,0,1,,1
ville de dzaoudzi labattoir,Mairie de Dzaoudzi-Labattoir,Administration / Collectivité,AUTO,HIGH,manual_reference,manual_reference,enrichment_reference.csv,https://github.com/Ya7o/Cyberwatch/blob/main/cyberwatch/watchlists.py,Entité ou alias territorial validé du référentiel Cyberwatch,Administration / Collectivité,0,1,,1
ville de entre deux,Mairie de Entre-Deux,Administration / Collectivité,AUTO,HIGH,manual_reference,manual_reference,enrichment_reference.csv,https://github.com/Ya7o/Cyberwatch/blob/main/cyberwatch/watchlists.py,Entité ou alias territorial validé du référentiel Cyberwatch,Administration / Collectivité,0,1,,1
ville de gagny,Ville de Gagny,Administration / Collectivité,REVIEW,,consensus_multi_source,consensus_multi_source,CYBERATTAQUE_ORG | FRENCHBREACHES,https://frenchbreaches.com/alertes/ville-de-gagny-msmim65d87im5z51ho4 | https://www.cyberattaque.org/cyberattaque-a-gagny-la-ville-confirme-un-acces-non-autorise-a-des-donnees-personnelles/,"2 item(s) connu(s), 2 source(s), secteur Administration / Collectivité",Administration / Collectivité,2,1,ITM-38c266a12eff1272 | ITM-e2e418cf3d473677,0
ville de kani keli,Mairie de Kani-Kéli,Administration / Collectivité,AUTO,HIGH,manual_reference,manual_reference,enrichment_reference.csv,https://github.com/Ya7o/Cyberwatch/blob/main/cyberwatch/watchlists.py,Entité ou alias territorial validé du référentiel Cyberwatch,Administration / Collectivité,0,1,,1
ville de koungou,Mairie de Koungou,Administration / Collectivité,AUTO,HIGH,manual_reference,manual_reference,enrichment_reference.csv,https://github.com/Ya7o/Cyberwatch/blob/main/cyberwatch/watchlists.py,Entité ou alias territorial validé du référentiel Cyberwatch,Administration / Collectivité,0,1,,1
ville de l etang sale,Mairie de L'Étang-Salé,Administration / Collectivité,AUTO,HIGH,manual_reference,manual_reference,enrichment_reference.csv,https://github.com/Ya7o/Cyberwatch/blob/main/cyberwatch/watchlists.py,Entité ou alias territorial validé du référentiel Cyberwatch,Administration / Collectivité,0,1,,1
ville de la plaine des palmistes,Mairie de La Plaine-des-Palmistes,Administration / Collectivité,AUTO,HIGH,manual_reference,manual_reference,enrichment_reference.csv,https://github.com/Ya7o/Cyberwatch/blob/main/cyberwatch/watchlists.py,Entité ou alias territorial validé du référentiel Cyberwatch,Administration / Collectivité,0,1,,1
ville de la possession,Mairie de La Possession,Administration / Collectivité,AUTO,HIGH,manual_reference,manual_reference,enrichment_reference.csv,https://github.com/Ya7o/Cyberwatch/blob/main/cyberwatch/watchlists.py,Entité ou alias territorial validé du référentiel Cyberwatch,Administration / Collectivité,0,1,,1
ville de le port,Mairie de Le Port,Administration / Collectivité,AUTO,HIGH,manual_reference,manual_reference,enrichment_reference.csv,https://github.com/Ya7o/Cyberwatch/blob/main/cyberwatch/watchlists.py,Entité ou alias territorial validé du référentiel Cyberwatch,Administration / Collectivité,0,1,,1
ville de le tampon,Mairie de Le Tampon,Administration / Collectivité,AUTO,HIGH,manual_reference,manual_reference,enrichment_reference.csv,https://github.com/Ya7o/Cyberwatch/blob/main/cyberwatch/watchlists.py,Entité ou alias territorial validé du référentiel Cyberwatch,Administration / Collectivité,0,1,,1
ville de les avirons,Mairie de Les Avirons,Administration / Collectivité,AUTO,HIGH,manual_reference,manual_reference,enrichment_reference.csv,https://github.com/Ya7o/Cyberwatch/blob/main/cyberwatch/watchlists.py,Entité ou alias territorial validé du référentiel Cyberwatch,Administration / Collectivité,0,1,,1
ville de les trois bassins,Mairie de Les Trois-Bassins,Administration / Collectivité,AUTO,HIGH,manual_reference,manual_reference,enrichment_reference.csv,https://github.com/Ya7o/Cyberwatch/blob/main/cyberwatch/watchlists.py,Entité ou alias territorial validé du référentiel Cyberwatch,Administration / Collectivité,0,1,,1
ville de m tsamboro,Mairie de M'Tsamboro,Administration / Collectivité,AUTO,HIGH,manual_reference,manual_reference,enrichment_reference.csv,https://github.com/Ya7o/Cyberwatch/blob/main/cyberwatch/watchlists.py,Entité ou alias territorial validé du référentiel Cyberwatch,Administration / Collectivité,0,1,,1
ville de m tsangamouji,Mairie de M'Tsangamouji,Administration / Collectivité,AUTO,HIGH,manual_reference,manual_reference,enrichment_reference.csv,https://github.com/Ya7o/Cyberwatch/blob/main/cyberwatch/watchlists.py,Entité ou alias territorial validé du référentiel Cyberwatch,Administration / Collectivité,0,1,,1
ville de marennes hiers brouage,Ville de Marennes-Hiers-Brouage,Administration / Collectivité,REVIEW,,known_item_single,known_item_single,CYBERATTAQUE_ORG,https://www.cyberattaque.org/cyberattaque-a-marennes-hiers-brouage-des-pirates-utilisent-les-emails-de-la-mairie/,"1 item(s) connu(s), 1 source(s), secteur Administration / Collectivité",Administration / Collectivité,1,1,ITM-9636eb7345e44605,0
ville de ouangani,Mairie de Ouangani,Administration / Collectivité,AUTO,HIGH,manual_reference,manual_reference,enrichment_reference.csv,https://github.com/Ya7o/Cyberwatch/blob/main/cyberwatch/watchlists.py,Entité ou alias territorial validé du référentiel Cyberwatch,Administration / Collectivité,0,1,,1
ville de pamandzi,Mairie de Pamandzi,Administration / Collectivité,AUTO,HIGH,manual_reference,manual_reference,enrichment_reference.csv,https://github.com/Ya7o/Cyberwatch/blob/main/cyberwatch/watchlists.py,Entité ou alias territorial validé du référentiel Cyberwatch,Administration / Collectivité,0,1,,1
ville de petite ile,Mairie de Petite-Île,Administration / Collectivité,AUTO,HIGH,manual_reference,manual_reference,enrichment_reference.csv,https://github.com/Ya7o/Cyberwatch/blob/main/cyberwatch/watchlists.py,Entité ou alias territorial validé du référentiel Cyberwatch,Administration / Collectivité,0,1,,1
ville de sada,Mairie de Sada,Administration / Collectivité,AUTO,HIGH,manual_reference,manual_reference,enrichment_reference.csv,https://github.com/Ya7o/Cyberwatch/blob/main/cyberwatch/watchlists.py,Entité ou alias territorial validé du référentiel Cyberwatch,Administration / Collectivité,0,1,,1
ville de saint andre,Mairie de Saint-André,Administration / Collectivité,AUTO,HIGH,manual_reference,manual_reference,enrichment_reference.csv,https://github.com/Ya7o/Cyberwatch/blob/main/cyberwatch/watchlists.py,Entité ou alias territorial validé du référentiel Cyberwatch,Administration / Collectivité,0,1,,1
ville de saint benoit,Mairie de Saint-Benoît,Administration / Collectivité,AUTO,HIGH,manual_reference,manual_reference,enrichment_reference.csv,https://github.com/Ya7o/Cyberwatch/blob/main/cyberwatch/watchlists.py,Entité ou alias territorial validé du référentiel Cyberwatch,Administration / Collectivité,0,1,,1
ville de saint denis,Mairie de Saint-Denis,Administration / Collectivité,AUTO,HIGH,manual_reference,manual_reference,enrichment_reference.csv,https://github.com/Ya7o/Cyberwatch/blob/main/cyberwatch/watchlists.py,Entité ou alias territorial validé du référentiel Cyberwatch,Administration / Collectivité,0,1,,1
ville de saint joseph,Mairie de Saint-Joseph,Administration / Collectivité,AUTO,HIGH,manual_reference,manual_reference,enrichment_reference.csv,https://github.com/Ya7o/Cyberwatch/blob/main/cyberwatch/watchlists.py,Entité ou alias territorial validé du référentiel Cyberwatch,Administration / Collectivité,0,1,,1
ville de saint leu,Mairie de Saint-Leu,Administration / Collectivité,AUTO,HIGH,manual_reference,manual_reference,enrichment_reference.csv,https://github.com/Ya7o/Cyberwatch/blob/main/cyberwatch/watchlists.py,Entité ou alias territorial validé du référentiel Cyberwatch,Administration / Collectivité,0,1,,1
ville de saint louis,Mairie de Saint-Louis,Administration / Collectivité,AUTO,HIGH,manual_reference,manual_reference,enrichment_reference.csv,https://github.com/Ya7o/Cyberwatch/blob/main/cyberwatch/watchlists.py,Entité ou alias territorial validé du référentiel Cyberwatch,Administration / Collectivité,0,1,,1
ville de saint paul,Mairie de Saint-Paul,Administration / Collectivité,AUTO,HIGH,manual_reference,manual_reference,enrichment_reference.csv,https://github.com/Ya7o/Cyberwatch/blob/main/cyberwatch/watchlists.py,Entité ou alias territorial validé du référentiel Cyberwatch,Administration / Collectivité,0,1,,1
ville de saint philippe,Mairie de Saint-Philippe,Administration / Collectivité,AUTO,HIGH,manual_reference,manual_reference,enrichment_reference.csv,https://github.com/Ya7o/Cyberwatch/blob/main/cyberwatch/watchlists.py,Entité ou alias territorial validé du référentiel Cyberwatch,Administration / Collectivité,0,1,,1
ville de saint pierre,Mairie de Saint-Pierre,Administration / Collectivité,AUTO,HIGH,manual_reference,manual_reference,enrichment_reference.csv,https://github.com/Ya7o/Cyberwatch/blob/main/cyberwatch/watchlists.py,Entité ou alias territorial validé du référentiel Cyberwatch,Administration / Collectivité,0,1,,1
ville de sainte marie,Mairie de Sainte-Marie,Administration / Collectivité,AUTO,HIGH,manual_reference,manual_reference,enrichment_reference.csv,https://github.com/Ya7o/Cyberwatch/blob/main/cyberwatch/watchlists.py,Entité ou alias territorial validé du référentiel Cyberwatch,Administration / Collectivité,0,1,,1
ville de sainte rose,Mairie de Sainte-Rose,Administration / Collectivité,AUTO,HIGH,manual_reference,manual_reference,enrichment_reference.csv,https://github.com/Ya7o/Cyberwatch/blob/main/cyberwatch/watchlists.py,Entité ou alias territorial validé du référentiel Cyberwatch,Administration / Collectivité,0,1,,1
ville de sainte suzanne,Mairie de Sainte-Suzanne,Administration / Collectivité,AUTO,HIGH,manual_reference,manual_reference,enrichment_reference.csv,https://github.com/Ya7o/Cyberwatch/blob/main/cyberwatch/watchlists.py,Entité ou alias territorial validé du référentiel Cyberwatch,Administration / Collectivité,0,1,,1
ville de salazie,Mairie de Salazie,Administration / Collectivité,AUTO,HIGH,manual_reference,manual_reference,enrichment_reference.csv,https://github.com/Ya7o/Cyberwatch/blob/main/cyberwatch/watchlists.py,Entité ou alias territorial validé du référentiel Cyberwatch,Administration / Collectivité,0,1,,1
ville de tsingoni,Mairie de Tsingoni,Administration / Collectivité,AUTO,HIGH,manual_reference,manual_reference,enrichment_reference.csv,https://github.com/Ya7o/Cyberwatch/blob/main/cyberwatch/watchlists.py,Entité ou alias territorial validé du référentiel Cyberwatch,Administration / Collectivité,0,1,,1
zeop,Zeop,Numérique / Technologie,AUTO,HIGH,manual_reference,manual_reference,enrichment_reference.csv,https://github.com/Ya7o/Cyberwatch/blob/main/cyberwatch/watchlists.py,Entité ou alias territorial validé du référentiel Cyberwatch,Numérique / Technologie,0,1,,1
