Priority,Organisation_Key,Organisation,Unknown_Items,Sources,Category,Candidate_Sectors,Raw_Sector_Values,Evidence_Type,Evidence_URLs,Evidence_Text,Registry_Decision,Reason
1,groupe bernard,Groupe Bernard,2,CYBERATTAQUE_ORG | FRENCHBREACHES,NO_EVIDENCE,,,,https://frenchbreaches.com/alertes/groupe-bernard-blgcloud-mt7k8j5h05wkmuoyjbj | https://www.cyberattaque.org/groupe-bernard-2225-go-de-donnees-et-330-563-fichiers-publies-apres-une-cyberattaque/,,,no trusted sector evidence yet
2,klark ai,Klark AI,2,CYBERATTAQUE_ORG | FRENCHBREACHES,NO_EVIDENCE,,,,https://frenchbreaches.com/alertes/klark-ai-mt6t1mwhjzd3u98q3vr | https://www.cyberattaque.org/klark-ai-pres-de-500k-personnes-exposees-apres-une-cyberattaque/,,,no trusted sector evidence yet
3,telecoop,TeleCoop,2,CYBERATTAQUE_ORG | FRENCHBREACHES,NO_EVIDENCE,,,,https://frenchbreaches.com/alertes/telecoop-mt92pqrix4829xkc6hj | https://www.cyberattaque.org/telecoop-pirate-des-donnees-clients-exposees-via-une-faille-metabase/,,,no trusted sector evidence yet
4,timetonic,TimeTonic,2,CYBERATTAQUE_ORG | FRENCHBREACHES,NO_EVIDENCE,,,,https://frenchbreaches.com/alertes/timetonic-mt922eg42yopbt0z9va | https://www.cyberattaque.org/timetonic-3-bases-de-donnees-exposees-apres-une-cyberattaque/,,,no trusted sector evidence yet
5,youfid,YouFid,2,CYBERATTAQUE_ORG | FRENCHBREACHES,NO_EVIDENCE,,,,https://frenchbreaches.com/alertes/youfid-mt6v6n1zy4kdlfxng5 | https://www.cyberattaque.org/youfid-pres-de-19-million-de-profils-clients-revendiques-dans-une-fuite-massive/,,,no trusted sector evidence yet
6,banque alimentaire de la croix rouge a strasbourg,Banque Alimentaire de la Croix-Rouge à Strasbourg,1,CYBERATTAQUE_ORG,NO_EVIDENCE,,,,https://www.cyberattaque.org/banque-alimentaire-de-la-croix-rouge-a-strasbourg-10-073-fiches-de-beneficiaires-en-fuite/,,,no trusted sector evidence yet
7,banque alimentaire de strasbourg,Banque Alimentaire de Strasbourg,1,FRENCHBREACHES,NO_EVIDENCE,,,,https://frenchbreaches.com/alertes/banque-alimentaire-de-strasbourg-mt89jp2oj5vvmzw9w4j,,,no trusted sector evidence yet
8,docurba,Docurba,1,CYBERATTAQUE_ORG,NO_EVIDENCE,,,,https://www.cyberattaque.org/docurba-plus-de-5-000-lignes-dutilisateurs-de-la-plateforme-de-letat-diffusees-par-un-hacker/,,,no trusted sector evidence yet
9,docurba gouv,Docurba.gouv.fr,1,FRENCHBREACHES,NO_EVIDENCE,,,,https://frenchbreaches.com/alertes/docurba-gouv-fr-mt926ef1e9hbxb4hwu,,,no trusted sector evidence yet
