Source_ID,Active,Layer,Zone,Start_URL,Method,Protocol,Success_test,Default_threat,Location_rule,Notes
BONJOURLAFUITE,YES,CORE_DIRECT,France métropolitaine,https://bonjourlafuite.eu.org/,bonjourlafuite,"Parcourir la timeline : date, organisation, via, données concernées, source. Filtrer par période.","Timeline parcourue jusqu'à la borne, chaque item daté et nommé.",Fuite de données,Inconnu,Chaque bloc de la chronologie est nommé d'après l'organisation touchée : le titre de l'entrée est l'organisation. Page de contrôle de volume : https://bonjourlafuite.eu.org/stats.html
CERT_MU_ALERTS,NO,CORE_DIRECT,Maurice,https://cert-mu.govmu.org/cert-mu/?page_id=1439,autodetect,"Lire toutes les Security Alerts de la fenêtre : date, titre, URL.",Liste datée énumérable et parcourue intégralement.,,Maurice,Une alerte générique de phishing ou de scam ne crée pas d'incident.
CERT_SC_ALERTS,NO,CANDIDATE_DISABLED,Seychelles,https://cert-sc.sc/alerts/,autodetect,Énumérer les alertes et relever leur date.,Toutes les alertes énumérables et datables.,,Seychelles,"Inactive depuis la vérification du 12/08/2026 : /alerts/ renvoie la page d'accueil (titre « Welcome »), sans aucune liste datée, et les flux répondent 404. L'URL du protocole d'origine n'existe plus sous cette forme. Réactiver après avoir retrouvé l'URL réelle des alertes."
CIRT_MG,NO,CANDIDATE_DISABLED,Madagascar,https://www.cirt.gov.mg/,autodetect,Lire les bulletins et alertes datés de la fenêtre.,Bulletins énumérables de façon stable.,,Madagascar,"Inactive depuis la vérification du 12/08/2026 : le site est une coquille JavaScript de 1,5 Ko, ses flux répondent 200 avec zéro entrée et toutes les pages de pagination sont identiques. Aucun bulletin n'y est énumérable sans navigateur. Réactiver dès que la commande probe y trouve des entrées datées."
COMORES_REGIONAL_WATCH,NO,REGIONAL_WATCH,Comores,https://alwatwan.net/,mediawatch,"Lire le flux de chaque média du territoire, retenir les articles relevant du cyber, et reconnaître nominativement les entités surveillées.","OK seulement si tous les médias du territoire ont répondu ET si les flux remontent jusqu'au début de la fenêtre ; sinon PARTIAL avec la couverture réelle, jamais un zéro vérifié.",,Comores,"Indexation locale faible : la couverture réelle est publiée telle quelle. Les requêtes Google News de la méthode d'origine ont été abandonnées : le robots.txt de Google interdit /rss/search. Les médias sont donc interrogés directement, conformément à la règle « source directe > recherche moteur » (§31). Un flux ne portant que ses dernières publications, cette couche surveille le présent et ne reconstitue pas l'historique."
CYBERATTAQUE_ORG,YES,CORE_DIRECT,France métropolitaine,https://www.cyberattaque.org/type/attaque/,cyberattaque_org,"Parcourir séquentiellement la pagination sans sauter de page, jusqu'à une date antérieure à TARGET_START.","Toutes les pages nécessaires parcourues, aucune page sautée.",,Inconnu,"La catégorie « attaque » du site ne publie que des incidents : son périmètre fait foi, le garde-fou de vocabulaire ne s'y applique pas. Victime extraite seulement depuis une relation explicite ou un préfixe de titre non rédactionnel."
FLASH_INFOS_MAYOTTE,NO,CANDIDATE_DISABLED,Mayotte,https://www.mayottehebdo.com/lire-flash-info/,autodetect,Lire les numéros publics du quotidien sans abonnement et en extraire les articles éditoriaux distincts.,"Numéros courants publics, datés et intégralement énumérables.",,Inconnu,Actif en 2026 mais newsletter payante Somapresse ; la page publique ne présente que des anciens numéros (dernier observé 2025-09-24). Les articles web Somapresse déjà lus sous Mayotte Hebdo ne sont pas une seconde corroboration.
FRANCE_MAYOTTE_MATIN,NO,CANDIDATE_DISABLED,Mayotte,,autodetect,Découvrir une archive publique propre au titre et l'énumérer jusqu'à la borne.,"URL publique stable, articles datés et archive paginée.",,Inconnu,"Activité papier signalée en 2026 (Actif_2026=INCERTAIN dans l'inventaire), mais aucune URL éditoriale publique techniquement collectable retrouvée pendant l'audit. Statut à confirmer, distinct d'un angle mort technique confirmé ; ne pas confondre avec L'Info Kwezi du même groupe."
FRENCHBREACHES,YES,CORE_DIRECT,France métropolitaine,https://frenchbreaches.com/feed.xml,feed,"Lire le flux RSS complet des alertes de fuite, descendre jusqu'à TARGET_START, relever date, organisation, titre, menace et URL.",Borne de date atteinte et toutes les entrées de la fenêtre énumérées.,Fuite de données,Inconnu,Chaque entrée est nommée d'après l'organisation touchée : le titre de l'entrée est l'organisation. Localisation par défaut France métropolitaine sauf indication contraire.
HACKMAGEDDON,NO,CANDIDATE_DISABLED,Multi,https://www.hackmageddon.com/category/security/cyber-attacks-timeline/,autodetect,"Paginer la catégorie, détecter le format, parser, géofiltrer.",Chaque événement individuel de toutes les périodes extractible.,,,"Inactive : formats multiples (HTML, CSV, timeline interactive) ne permettant pas une extraction fiable événement par événement."
JOURNAL_DE_MAYOTTE,YES,LOCAL_MEDIA_DIRECT,Mayotte,https://lejournaldemayotte.yt/,wordpress,"API WordPress, recherches cyber fixes et paginées jusqu'à la borne.",Toutes les pages WordPress jusqu'à TARGET_START sont parcourues ; aucun article cyber sans victime n'est matérialisé.,,Inconnu,Média mahorais généraliste ; pas de défaut territorial implicite.
KWEZI_NUMERIQUE,YES,LOCAL_MEDIA_DIRECT,Mayotte,https://www.linfokwezi.fr/numerique/,wordpress,"Interroger l'API WordPress sur les termes cyber fixes, paginés jusqu'à la borne.",Toutes les réponses WordPress des recherches cyber sont paginées ; aucun article sans victime n'est matérialisé.,,Inconnu,Incident créé uniquement si une organisation victime est nommée.
LES_NOUVELLES_DE_MAYOTTE,NO,CANDIDATE_DISABLED,Mayotte,,autodetect,Aucun : titre arrêté.,Réactiver seulement si une nouvelle rédaction publie une archive d'information publique.,,Inconnu,INACTIVE : cessation de diffusion annoncée pour le 19 avril 2024. Les annonces légales ultérieures sous ce nom ne constituent pas une presse d'information cyber.
LINFO_CYBER,NO,CANDIDATE_DISABLED,La Réunion,https://www.linfo.re/tags/cyberattaque,autodetect,"Lire toutes les cartes de l'étiquette, parcourir les pages numériques.","Pagination complète, chaque carte datée avec URL.",,La Réunion,"Inactive depuis la vérification du 12/08/2026 : même refus 403 systématique que Zinfos974, robots.txt pourtant permissif. Les articles réunionnais restent atteints par REUNION_ENTITY_WATCH."
MADAGASCAR_REGIONAL_WATCH,NO,REGIONAL_WATCH,Madagascar,https://lexpress.mg/,mediawatch,"Lire le flux de chaque média du territoire, retenir les articles relevant du cyber, et reconnaître nominativement les entités surveillées.","OK seulement si tous les médias du territoire ont répondu ET si les flux remontent jusqu'au début de la fenêtre ; sinon PARTIAL avec la couverture réelle, jamais un zéro vérifié.",,Madagascar,"Les requêtes Google News de la méthode d'origine ont été abandonnées : le robots.txt de Google interdit /rss/search. Les médias sont donc interrogés directement, conformément à la règle « source directe > recherche moteur » (§31). Un flux ne portant que ses dernières publications, cette couche surveille le présent et ne reconstitue pas l'historique."
MAURITIUS_REGIONAL_WATCH,NO,REGIONAL_WATCH,Maurice,https://defimedia.info/,mediawatch,"Lire le flux de chaque média du territoire, retenir les articles relevant du cyber, et reconnaître nominativement les entités surveillées.","OK seulement si tous les médias du territoire ont répondu ET si les flux remontent jusqu'au début de la fenêtre ; sinon PARTIAL avec la couverture réelle, jamais un zéro vérifié.",,Maurice,"Un article général ne crée pas d'incident sans organisation nommée. Les requêtes Google News de la méthode d'origine ont été abandonnées : le robots.txt de Google interdit /rss/search. Les médias sont donc interrogés directement, conformément à la règle « source directe > recherche moteur » (§31). Un flux ne portant que ses dernières publications, cette couche surveille le présent et ne reconstitue pas l'historique."
MAYOTTE_ENTITY_WATCH,NO,ENTITY_WATCH,Mayotte,,mediawatch,"Lire le flux de chaque média du territoire, retenir les articles relevant du cyber, et reconnaître nominativement les entités surveillées.","OK seulement si tous les médias du territoire ont répondu ET si les flux remontent jusqu'au début de la fenêtre ; sinon PARTIAL avec la couverture réelle, jamais un zéro vérifié.",,Mayotte,"17 communes et les entités critiques de Mayotte. Les requêtes Google News de la méthode d'origine ont été abandonnées : le robots.txt de Google interdit /rss/search. Les médias sont donc interrogés directement, conformément à la règle « source directe > recherche moteur » (§31). Un flux ne portant que ses dernières publications, cette couche surveille le présent et ne reconstitue pas l'historique."
MAYOTTE_FM,YES,LOCAL_MEDIA_DIRECT,Mayotte,https://mayottefm.fr/category/news/,wordpress,"API WordPress, recherches cyber fixes et paginées jusqu'à la borne.",Toutes les réponses WordPress des recherches cyber sont paginées ; zéro sans victime est contrôlé.,,Inconnu,Radio mahoraise publiant une rubrique d'actualité locale distincte.
MAYOTTE_HEBDO_NUMERIQUE,YES,LOCAL_MEDIA_DIRECT,Mayotte,https://www.mayottehebdo.com/actualite/numerique/,wordpress,"API WordPress, recherches cyber fixes et paginées jusqu'à la borne.",API WordPress complète jusqu'à TARGET_START ; aucun article cyber sans victime n'est matérialisé.,,Inconnu,Média mahorais local ; Mayotte est un défaut de source de dernier rang.
MAYOTTE_LA_1ERE,NO,CANDIDATE_DISABLED,Mayotte,https://la1ere.franceinfo.fr/mayotte/,autodetect,"Découvrir un transport public paginé (WordPress, RSS/Atom ou HTML/JSON-LD) et parcourir l'archive cyber jusqu'à la borne.",Archive publique paginée et datée jusqu'à TARGET_START.,,Inconnu,"Audit live 2026-08-15 : page active (HTTP 200), mais aucun RSS/API WordPress ; autodetect ne lit que deux entrées et aucune pagination valide. Angle mort CANDIDATE_INACCESSIBLE sans contournement."
MAYOTTE_MEDIA_WATCH,NO,REGIONAL_WATCH,Mayotte,,mediawatch,"Lire le flux de chaque média du territoire, retenir les articles relevant du cyber, et reconnaître nominativement les entités surveillées.","OK seulement si tous les médias du territoire ont répondu ET si les flux remontent jusqu'au début de la fenêtre ; sinon PARTIAL avec la couverture réelle, jamais un zéro vérifié.",,Mayotte,"Tout contenu cyber mahorais, sans exiger une entité de la liste. Les requêtes Google News de la méthode d'origine ont été abandonnées : le robots.txt de Google interdit /rss/search. Les médias sont donc interrogés directement, conformément à la règle « source directe > recherche moteur » (§31). Un flux ne portant que ses dernières publications, cette couche surveille le présent et ne reconstitue pas l'historique."
RANSOMWARE_LIVE,YES,CORE_DIRECT,Multi,https://api.ransomware.live/,ransomware_live,"Interroger l'API pour chaque pays du périmètre : organisation, date, groupe, pays, secteur si disponible.",Tous les pays du périmètre interrogés avec succès.,Ransomware,,"Activée par rapport à la méthode d'origine : source prioritaire (§21), les sources françaises étant fortement orientées fuite de données."
REUNION_ENTITY_WATCH,NO,ENTITY_WATCH,La Réunion,https://www.zinfos974.com/,mediawatch,"Lire le flux de chaque média du territoire, retenir les articles relevant du cyber, et reconnaître nominativement les entités surveillées.","OK seulement si tous les médias du territoire ont répondu ET si les flux remontent jusqu'au début de la fenêtre ; sinon PARTIAL avec la couverture réelle, jamais un zéro vérifié.",,La Réunion,"24 communes et 20 entités critiques de La Réunion. Les requêtes Google News de la méthode d'origine ont été abandonnées : le robots.txt de Google interdit /rss/search. Les médias sont donc interrogés directement, conformément à la règle « source directe > recherche moteur » (§31). Un flux ne portant que ses dernières publications, cette couche surveille le présent et ne reconstitue pas l'historique."
RMV_ACTUALITES,NO,CANDIDATE_DISABLED,Mayotte,https://rmv.yt/actualites,autodetect,Découvrir une archive publique paginée et datée des actualités RMV.,Pagination ou API publique prouvant la borne historique.,,Inconnu,"Actif en 2026 (HTTP 200, actualités datées) ; ni RSS ni WordPress REST, et le HTML expose seulement une sélection non paginable. Angle mort CANDIDATE_INACCESSIBLE."
SEYCHELLES_REGIONAL_WATCH,NO,REGIONAL_WATCH,Seychelles,https://www.nation.sc/,mediawatch,"Lire le flux de chaque média du territoire, retenir les articles relevant du cyber, et reconnaître nominativement les entités surveillées.","OK seulement si tous les médias du territoire ont répondu ET si les flux remontent jusqu'au début de la fenêtre ; sinon PARTIAL avec la couverture réelle, jamais un zéro vérifié.",,Seychelles,"Territoire anglophone. Les requêtes Google News de la méthode d'origine ont été abandonnées : le robots.txt de Google interdit /rss/search. Les médias sont donc interrogés directement, conformément à la règle « source directe > recherche moteur » (§31). Un flux ne portant que ses dernières publications, cette couche surveille le présent et ne reconstitue pas l'historique."
ZINFOS974_CYBER,NO,CANDIDATE_DISABLED,La Réunion,https://www.zinfos974.com/dossier/cyberattaque/,autodetect,"Lire chaque article du dossier, suivre la pagination jusqu'à la borne.","Pagination parcourue jusqu'à la borne, tous les items datés.",,La Réunion,"Inactive depuis la vérification du 12/08/2026 : le site répond 403 à toute requête, y compris sur les chemins que son propre robots.txt autorise, et après une nouvelle tentative sous un agent accepté par les pare-feux courants. Les articles réunionnais restent atteints par REUNION_ENTITY_WATCH, qui lit quatre autres médias du territoire."
